id;set;synthetic;lang;category;store;rail_uncertain;expects_none;gold;proposed;evidence;evidence_found;reasoning;error;note;original
as:10775738782;golden;;en_or_unknown;app_defect;appstore;;;hc-28901281229713 hc-28899953905937;hc-28901281229713 hc-28899953905937;Accurate astrological insights depend on the correct representation of your zodiac and ascendant signs.;yes;They want the app to correct a wrongly calculated moon sign (they're asking us to fix the apparent glitch or the chart). The knowledge base includes articles that explain how zodiac/natal signs are calculated and how to verify and edit your profile (so an agent can follow those steps).;;;So basically I was signing in to use the app and it said my sun sign is Sagittarius that’s correct it said my rising sign was cancer correct but then it said my moon sign was cancer too that’s incorrect im a Gemini moon and I am for sure of it in the reviews everyone talks about how accurate this app is but honestly I’m not so sure because it got my zodiac chart wrong can you please fix this glitch that you have in the game ?
as:13607579600;dev;;en_or_unknown;app_defect;appstore;;;hc-28901074285713;hc-28901074285713;Make sure your app is updated to the latest version.;yes;The user wants the app fixed so it will load and stop exiting (i.e., troubleshoot/resolve the app crash). The support troubleshooting article lists the basic steps to try and how to escalate to support, so the agent can follow that guidance.;;;I haven't used this app in a while and I tried going into the app. It would exit without loading. It just started doing this issue for me and it still won't load. Please help to fix this issue for me so I can use this app without it doing this same issue
as:5651828382;golden;;en_or_unknown;app_defect;appstore;;;hc-28899953905937 hc-28900868231441;hc-28899953905937 hc-28900868231441;You can easily edit your profile either on the AskNebula website or in the Nebula mobile app.;yes;They want to be able to re-enter their birth time in their profile and to re-submit palm-reading photos/report so the purchased readings update. The knowledge base includes step-by-step instructions to edit profile/birth details, but it does not provide a user-facing flow to re-submit palm pictures — for incorrect reports the KB directs the user to contact support.;;;"I love almost everything about the app; however, I didn't know my birth time when i entered all my info. Now, I foud out what my birthtime is and tried everything I could to add the time and doesn't seem like there is a way to? I paid the lifetime fee (which is pretty hefty) but I wish there was a way to reenter the data. Same goes for the palm reading feature. Can you please make it to where I can re-do the palm pictures? I don't think I did it correctly the first time but there doesn't seem to be a way to go back and try it again. Please add the a feature for resubmission of information. And if you can already.. How do you do it? Maybe I'm missing something..?"
as:5966073491;dev;;en_or_unknown;app_defect;appstore;;;hc-28901281229713 hc-28899953905937;hc-28901281229713 hc-28899953905937;Accurate astrological insights depend on the correct representation of your zodiac and ascendant signs.;yes;They want to correct their birth details/ascendant in the app so the chart shows Cancer instead of Gemini (i.e., update profile birth time/place). The knowledge base includes explicit steps to verify and edit profile/birth details and explains why signs can be calculated differently, so an agent can act using those articles.;;;hello, I was inside the application and put all my information and in the end, my parent is wrong. my ascendant on various maps is cancer, but it was like twins. I don't know now, which one is correct, but as I've done several, it has already given cancer many times. how do i change this?
as:6515504674;golden;;es;app_defect;appstore;;;hc-28901074285713 hc-28898042580241 hc-28901395830673;hc-28901074285713 hc-28898042580241 hc-28901395830673;Make sure your app is updated to the latest version.;yes;They want the app fixed so it stops crashing when they try to enter their birth time (they've reinstalled but the problem persists). Yes — the help center includes troubleshooting steps, device requirements, and update instructions an agent can follow to diagnose and escalate the issue.;;;la acabo de descargar y no me deja escribir mi hora de nacimiento!! se cierra de repente!!   trate de eliminarla y bajarla de nuevo pero pasa lo mismo! arréglenlo por favor :(((((
as:6625002373;golden;;en_or_unknown;app_defect;appstore;;;hc-28901074285713 hc-28901395830673;hc-28901074285713 hc-28901395830673;Make sure your app is updated to the latest version.;yes;They report a UI bug (Week/Month views showing wrong sections) and ask for it to be fixed and for help accessing the Week view. The knowledge base includes troubleshooting, update, and support-contact steps an agent can use to triage and collect info to escalate, but it does not contain an internal developer fix.;;;"Okay this app was great when i first got it and worked really well, but recently there have been some problems. 
A few days ago, i was just checking in for my daily horoscope, but when i pressed on ‘Week’, it showed me the ‘month’ section instead. And when i pressed ‘month’ is showed me the 2020 section. Please fix this bug because i don’t know how i can get into week."
as:6925904763;golden;;en_or_unknown;app_defect;appstore;;;hc-28901281229713;hc-28901281229713;You can try refreshing your profile by temporarily changing some details, saving them, and then entering the correct information again.;yes;"They want the app to show the correct Ascendant (recalculate/fix their natal chart) after it changed despite using the same birth data; an agent can follow documented steps to verify and update profile birth details and a suggested refresh trick. Yes — the knowledge base includes specific instructions for verifying and correcting profile/birth information and a refresh workaround.";;;I’ve had this app for a while now and love it, but recently starting to have issues. It has always showed me as a Scorpio ascendent, as well as other apps I’ve used. Now all of a sudden it’s switched my ascending sign to Sagittarius. I’m using the same correct birthdate, time of birth and birthplace as when I first got this app. I’ve tried logging in and out several times and putting my information back in, but it still keeps showing Sagittarius rising. My sun and moon sign is still correct, only my ascending has changed, and now my chart is all thrown off. Please fix this or I don’t feel the need to use this app anymore, when it’s showing me incorrect information.
as:6986478942;dev;;en_or_unknown;app_defect;appstore;;;hc-28899953905937 hc-28900034911377;hc-28899953905937 hc-28900034911377;You can easily edit your profile either on the AskNebula website or in the Nebula mobile app.;yes;The user asks us to correct the birthplace/country for Prishtina in their profile and also reports not receiving our email. The knowledge base includes explicit instructions for editing profile birth/place details and for troubleshooting missing emails, so an agent can act using those articles.;;;I cant get ur email but Prishtina is not a serbian city is a Kosova city please fix that other wise i will no be using ur app
as:6990946809;golden;;en_or_unknown;app_defect;appstore;;;hc-28899953905937 hc-28901281229713;hc-28899953905937 hc-28901281229713;Need to update your name, birth details, or other personal information? You can easily edit your profile either on the AskNebula website or in the Nebula mobile app.;yes;They want the app to show the correct zodiac sign (fix the glitch and correct their profile data). Yes — the knowledge base includes steps to verify and edit birth details and explains how zodiac signs are calculated, which an agent can use to resolve this.;;;Right so when I first downloaded the app it said I was a Leo which is correct, I’m born on the [BirthDate] and when I’m on the page it says that tabard correct but when I redownloaded the app it said I was cancer! This is ovs a glitch, can you get it sorted because I love your app and I would hate to not be able to use it
as:7007116489;dev;;en_or_unknown;app_defect;appstore;;;hc-28901074285713;hc-28901074285713;If you're facing issues with the Nebula app not working correctly, here are a few things you can try:;yes;They want the app's widgets fixed because they started lagging and stopped showing content. The Help Center article with troubleshooting steps for app problems (update app, restart, check internet) covers this and is available in the knowledge base.;;;Great app. As well very accurate, but after 2 weeks of using it my widgets started lagging and didnt show anything. Please fix that but great app recommend it.
as:7100042476;dev;;en_or_unknown;app_defect;appstore;;;hc-28901074285713 hc-28870997526801;hc-28901074285713 hc-28870997526801;"If none of these steps work, don’t worry. You can reach out to our support team through the ""Contact Us"" option in the Nebula app settings or submit a request by clicking the button below.";yes;They want the app bugs fixed (freezing/glitches) and for ads to be reduced or removed. Yes — the knowledge base tells agents how to report app issues to support and also states that the premium subscription removes ads.;;;I just updated the app and I’m quite disappointed. Not sure if they’re trying to force new users to upgrade to the lifetime plan but it’s horrible now. There's an ad/commercial pop-up every time I use a feature. Sometimes I have to close the app completely because it keeps glitching and the loading image freezes on my screen. I’m using an iPhone 11 Pro Max with the newest software so it’s not like I’m using an outdated phone. Please fix these bugs or go back to limiting ads ran on the app, it’s no longer user-friendly!
as:7296226879;golden;;fr;app_defect;appstore;;;hc-28899953905937 hc-28901281229713;hc-28899953905937 hc-28901281229713;Changes will be saved automatically after you make your edits.;yes;They want to enter/select their place of birth (Marseille) in their profile so the app calculates horoscopes correctly. Yes — the knowledge base includes step-by-step instructions to edit birth details in both the Nebula app and AskNebula website.;;;L’appli à l’aire très bien seulement quand je veux rentrer mon lieux de naissance je le trouve pas. Cela fausse tout les résultats du coup. Étonnant étant donné que je suis née à Marseille, une grande ville tout de même...
as:7469353964;golden;;en_or_unknown;app_defect;appstore;;;hc-28901074285713 hc-28901285302673;hc-28901074285713 hc-28901285302673;If you're facing issues with the Nebula app not working correctly, here are a few things you can try:;yes;They want the app bug fixed so they can open an astrologer/psychic without seeing “something went wrong” and the app freezing. Yes — the knowledge base includes troubleshooting steps and guidance for reporting technical issues (so an agent can ask for the needed details and escalate or investigate).;;;I really love the app and the design. I also love how you can learn more about yourself and your signs. The only I problem is that when I try to go to a “astrologer” it glitches out. It keep saying “something went wrong, try again.” And I have to end up force closing the app because it get stuck there. Please fix this.
as:7848442874;golden;;en_or_unknown;app_defect;appstore;;;hc-28901281229713 hc-28899953905937;hc-28901281229713 hc-28899953905937;By ensuring you provide the exact birth time and location, the app will calculate your signs and chart correctly.;yes;They want their birthdate entry corrected (they think the app changed their DOB and want it fixed). The knowledge base includes steps to edit profile birth details and a troubleshooting article about incorrect profile/astrological info, so an agent can act from those docs.;;;I got this app because it looked fun. But right when I first got on it I put in my birthday. And do you know what happened when I put on my birthday. It didn’t let me put on my birthday which is [BirthDate], and when I put it on the dates, It changed it to like a year later a month later and like 20 days before my actual birthday. I think this is a bug. Please fix it if it is one.
as:8098580596;dev;;en_or_unknown;app_defect;appstore;;;hc-28901281229713 hc-28899953905937;hc-28901281229713 hc-28899953905937;Accurate astrological insights depend on the correct representation of your zodiac and ascendant signs.;yes;They want their account birth date/time corrected so their sun and moon signs (zodiac/ascendant) display correctly. Yes — the knowledge base includes steps to verify and edit profile birth details and explains how zodiac signs are calculated.;;;My birthday is in [BirthDate] and if I go anywhere from [BirthDate] and up it goes to [BirthDate] so when I do my birthday it shows [BirthDate]. Please fix this because it worked once then I found out my birthdate time was wrong so I went to fix it and sense then it goes to 2008. So now I have a different moon sign and sun sign. (I’m not really good at all this stuff so if I said something wrong sorry) please fix this
as:8626137039;golden;;en_or_unknown;app_defect;appstore;;;hc-28898042580241 hc-28901074285713;hc-28898042580241 hc-28901074285713;When it comes to compatibility, the Nebula app requires iOS 15.0 or later for iPhone and iPod touch devices.;yes;"The user is asking for the Nebula app to be fixed so it works on their iPhone 5S; an agent needs device compatibility and basic troubleshooting/next-step guidance to respond. Those facts (minimum OS requirement and troubleshooting steps) are documented in the knowledge base.";;;Im useing iphone 5 S , but last update not working ok ( I read update want ios 13 ). But now my Nebula app Not working , please fix app
gp:2c19c10a-02c;fewshot;;pt;app_defect;googleplay;;;hc-28899953905937 hc-28901074285713;hc-28899953905937 hc-28901074285713;You can easily edit your profile either on the AskNebula website or in the Nebula mobile app.;yes;They want support to fix an issue where they cannot save their place of birth in their profile so they can access the app. Yes — the knowledge base includes steps to edit profile information and general app troubleshooting that an agent can follow to help resolve this.;;;"Depois de data e horário de nascimento, aparece ""local de nascimento"" e eu escrevo o local, porém não consigo salvar, não sei o que tem, mas não consigo, conseguem resolver isso por favor? Me indicaram o app e acredito que seja maravilhoso mesmo, porém não consigo acessar ele, como expliquei acima."
gp:2c9af292-022;dev;;en_or_unknown;app_defect;googleplay;;;hc-28901074285713 hc-28901395830673;hc-28901074285713 hc-28901395830673;Make sure your app is updated to the latest version.;yes;They want the app to stop showing a false “no internet” error and to regain normal connectivity. The knowledge base includes troubleshooting steps (restart, update, check connection) and an app-update guide an agent can follow or share with the user.;;;I WANT to like it. but I've had it for 15 minutes and now all of a sudden can't connect to the internet, even though there isn't a single internet issue. no matter what I do, I can't get past the internet issue the app THINKS there is.
gp:3709c26f-4f6;dev;;es;app_defect;googleplay;;;faq-13 hc-28901281229713;faq-13 hc-28901281229713;To determine your Zodiac sign, Modern Western Astrology looks at the three most important factors:;yes;"They ask that the platform's calendar change (adding Cetus and Orion) not be applied retroactively — i.e., that people born before the change keep their original zodiac sign. The knowledge base does not document any policy to apply zodiac changes only to future births; it only explains how signs are calculated and how users can edit profile birth details.";;;Era buena y me encantaba, antes de que agregaran a Cetus y a Orion en el calendario y se me desfazara el signo. Yo soy de Piscis, siempre lo fui y siempre lo voy a ser, pero ahora me dice que soy de Aries solo por estos dos nuevos signos que arruinaron las fechas y el balance del sistema tradicional. Por favor que el cambio de fechas solo aplique para los que nacieron DESPUES de su adicion a los signos del zodiaco. Los nacidos como piscis no podemos amanecer de Aries de un dia para el otro.
gp:5ca5ff8d-2e8;golden;;pt;app_defect;googleplay;;;hc-28899953905937 hc-28901281229713;hc-28899953905937 hc-28901281229713;Need to update your name, birth details, or other personal information? You can easily edit your profile either on the AskNebula website or in the Nebula mobile app.;yes;They need to add/update their place of birth in their profile and want to know if it's a bug or how to fix it. Yes — the knowledge base includes instructions for editing profile birth details and troubleshooting steps an agent can follow.;;;Gente não estou conseguindo colocar o local de nascimento,por favor me explique se é bug ou algo que deixei passar,já coloquei a cidade de onde moro e não vai. Me ajudem.
gp:5d606a9c-9a2;golden;;en_or_unknown;app_defect;googleplay;;;hc-28901074285713 hc-28901395830673;hc-28901074285713 hc-28901395830673;Make sure your app is updated to the latest version.;yes;They want the horoscope feature in the app to be fixed (the app shows an error) and help getting it working. The knowledge base includes troubleshooting steps and contact instructions an agent can follow to resolve app issues (so yes).;;;good app, but...my horoscope will not work. I keep getting an error message. I have contacted the people but it has yet to be fixed. Please help...
gp:82d224b2-190;golden;;en_or_unknown;app_defect;googleplay;;;hc-28901281229713 hc-28901074285713;hc-28901281229713 hc-28901074285713;Accurate astrological insights depend on the correct representation of your zodiac and ascendant signs.;yes;They want the weekly/monthly horoscope calculations fixed because planetary transits are showing in the wrong houses. The knowledge base does provide what an agent needs to act: steps to verify and correct the user's birth/profile data and guidance on reporting technical issues with screenshots and details for investigation.;;;The app and daily predictions are somewhat good, but the weekly and monthly ones are extremely wrong, they say a planet is transiting x house, when the reality it's the complete opposite! I'm an astrologer, I know! Please fix these errors, as it changes the whole prediction
gp:88f68d1d-dc7;golden;;es;app_defect;googleplay;yes;;hc-28901320551953;hc-28901320551953;To change the language of the Nebula app, you need to manage the language settings through your phone's system settings.;yes;They want the Nebula app on their Android phone to display in Spanish instead of English (fix the app language). The knowledge base contains an article that explains how to change the app language on Android via the phone's system settings and lists Spanish as an available language, so an agent can follow that guidance.;;;Esta app es buena la descargue en mi iPhone 7 (IOS) completamente en español, cambien de dispositivo móvil a un Moto one fusión (Android) y no entiendo por qué sale en inglés, las notificaciones si salen en español pero el contenido sale en inglés, arreglen el idioma para dispositivos Android a español por favor. Gracias.
gp:8c36f296-3ab;dev;;en_or_unknown;app_defect;googleplay;;;none;none;;;"They expect an automatic or reward ""compatibility check"" after a friend signs up with their invitation link. The knowledge base contains no information about invitation/referral rewards or any automatic compatibility check triggered by inviting someone, so there's nothing an agent can follow here from the KB.";;;I invited my friend to install this app and she signed up her account with my invitation link and I am not getting this compatibility check with my partner. I don't know whats wrong and why am I not getting it?
gp:a64db3e5-76d;fewshot;;es;app_defect;googleplay;;;hc-28901074285713 hc-28901320551953;hc-28901074285713 hc-28901320551953;Make sure your app is updated to the latest version.;yes;The user asks to receive a reply in Spanish and for help resolving a problem with the Nebula app. The knowledge base includes troubleshooting steps for app issues and instructions for changing the app language, so an agent can act using those articles.;;;Señor Tuvo un problema con su aplicación por favor me puede responder para que la podamos resolver respondan en español porfa gracias
gp:a96a5cfb-290;golden;;en_or_unknown;app_defect;googleplay;;;hc-36833495755921;hc-36833495755921;Our users often receive special offers and discounts on credits via email or while using the Nebula app or AskNebula website.;yes;They’re asking for lower prices/discounts and for the invite-to-unlock compatibility feature to be fixed (they invited their partner but the compatibility section did not unlock). The knowledge base only explains that discounts and special offers may appear via email or in-app but contains no article describing the invite/unlock mechanism or troubleshooting steps for invites, so only the discounts point is covered.;;;Really superb app!! The price tho...kinda high for the weekly...10 bucks!...a week! Jeez... If the prices were slightly lower I'd be much more inclined to purchase. Also the invite system to unlock things like the compatibility didn't work at all for me.... I invited my partner, and still didn't get to see the compatibility section even tho I invited her thru it... Please fix that, or remove it it's really frustrating when that happens....
gp:afccb60a-7cd;dev;;en_or_unknown;app_defect;googleplay;;;hc-28900802305297 hc-28899953905937 hc-28899948358801;hc-28900802305297 hc-28899953905937 hc-28899948358801;Log in to your account on AskNebula.com.;yes;They want their subscription canceled and are also reporting account issues (app not recognizing their birth city and the app saying their email is invalid). The knowledge base includes step-by-step cancellation instructions and articles on editing profile/birth details and resetting login credentials, so an agent can follow those to act.;;;I can't get past asking where I was born when it won't recognize any city in Wyoming grr worse app I have ever seen now it keeps telling me my email is invalid. How do I cancel my subscription?
gp:b060380d-be8;dev;;es;app_defect;googleplay;;;hc-28899953905937 hc-28901281229713;hc-28899953905937 hc-28901281229713;Need to update your name, birth details, or other personal information? You can easily edit your profile either on the AskNebula website or in the Nebula mobile app.;yes;They’re asking to have their zodiac sign corrected (the app shows Aries for 20/03 but they should be Pisces) and want help changing their birth details/profile. Yes — the knowledge base includes step-by-step instructions to edit profile/birth details and an article explaining how zodiac signs are calculated and what to check.;;;Apenas acabo de instalar la aplicación y ya tengo un error. Cuando colocó mi fecha de nacimiento que es el 20/03 me pone como mi signo Aries, cuando debe ser Piscis, y no entiendo por qué, en la misma aplicación sale que el signo de Piscis se da a los/las que nacieron el 20 de marzo, y Aries en 21 de marzo, y a mi me pone Aries cuando soy de Piscis. Por favor ayudenme a cambiar eso, me frustra muchísimo :(
gp:b3528ce5-5cc;golden;;es;app_defect;googleplay;;;hc-28899953905937 hc-28901281229713;hc-28899953905937 hc-28901281229713;Need to update your name, birth details, or other personal information? You can easily edit your profile either on the AskNebula website or in the Nebula mobile app.;yes;They’re asking support to fix/update their birth date because it’s missing from their account and preventing them from entering. Yes — the help center includes instructions for editing profile details (including birth date) and troubleshooting incorrect profile information.;;;quiero decir que arreglen el tema de la fecha de nacimiento porque yo quiero entrar pero no aparece mi fecha y estaría bueno que lo arreglen..
gp:bdc1f9be-07e;golden;;pt;app_defect;googleplay;;;hc-28901320551953;hc-28901320551953;Our AskNebula.com website and services, such as chatting with professional advisors, are only available in English.;yes;The user is requesting Portuguese language support because they like the app but it's not in Portuguese. The knowledge base contains a language article that states the website is English-only and lists the app languages (including Portuguese), so an agent can answer this from that document.;;;App maravilhoso da pra saber várias coisas sobre seu e outros signos, mas não está em português gostaria q tivesse por favor, mas esse é o único ponto q não gostei
gp:c47cd8db-d25;golden;;en_or_unknown;app_defect;googleplay;;;hc-28901074285713;hc-28901074285713;If you're facing issues with the Nebula app not working correctly, here are a few things you can try:;yes;"They want the app fixed so they can view their horoscope without the ""unexpected error"". The knowledge base includes troubleshooting steps and guidance for reporting app issues that an agent can follow.";;;"I used to love this app and spent so much time on it. But now whenever i try to read my horoscope it says ""unexpected error"" which bad ruined it for me. Please fix this!"
gp:d6e6182c-c69;golden;;es;app_defect;googleplay;;;hc-28901320551953;hc-28901320551953;To change the language of the Nebula app, you need to manage the language settings through your phone's system settings.;yes;They want the app interface in Spanish so they don't have to use a translator. The knowledge base includes a language article that states Spanish is available and explains how to change the app language via device settings, so an agent can act on this.;;;Esta buena la app pero necesito que este en español porque si no tengo que usar mucho el traductor y no entiendo lo que dice
gp:eaff5c82-d51;dev;;es;app_defect;googleplay;yes;;hc-28900034911377 faq-14;hc-28900034911377 faq-14;After purchasing your report or reading, you should receive an email with access details within 30 minutes.;yes;They’re asking for help to view their compatibility report/feature because they can’t access it despite seeing ads. Yes — the Help Center explains how purchased readings (including compatibility reports) are delivered and where to open them in the app.;;;No me dejaba ver mi compatibilidad con otros signos por mas que veia y veia anuncios,si me pueden ayudar o les paso lo mismos pero arreglaron el ploblema,por favor ayudenme
syn:13;synthetic;yes;it;app_defect;;;;hc-28901074285713 hc-28901395830673 hc-28898042580241;hc-28901074285713 hc-28901395830673 hc-28898042580241;If you're facing issues with the Nebula app not working correctly, here are a few things you can try:;yes;They want the app to stop crashing after the latest update and to regain access to their profile on an iPhone 13. The knowledge base contains troubleshooting steps, app-update instructions, and device requirements that an agent can follow to help resolve this issue.;;;Dopo l'ultimo aggiornamento l'app si chiude da sola appena la apro, su iPhone 13. Non riesco più ad accedere al mio profilo. Nessun problema di pagamento.
as:11415454099;golden;;es;cancel_not_possible;appstore;;;hc-28900802305297 pol-04;hc-28900802305297 pol-04;Deleting the app does not cancel your subscription, trial or introductory offer.;yes;They want the recurring App Store charges stopped and to stop receiving payment notification emails after having deleted their account. The knowledge base does include how to cancel App Store subscriptions and explicitly states that deleting the app/account does not cancel a subscription, so an agent can act using those articles.;;;"Ya eliminé mi cuenta y me siguen apareciendo notificaciones de pago, en mi cuenta de Apple no me aparece la app para cancelar suscripción. 
Ya no quiero recibir correos/ notificaciones de pagos de la app, por favor."
as:12637038174;golden;;en_or_unknown;cancel_not_possible;appstore;;;pol-04 hc-28900802305297;pol-04 hc-28900802305297;If you subscribed or started a free trial via the App Store, refund requests are handled directly by Apple.;yes;They want their $45 refunded and the subscription canceled after a charge from the app that does not appear in their App Store subscriptions. The knowledge base explains that App Store subscriptions and refunds are handled by Apple and shows how to cancel via the App Store, but it does not explain the specific case of a charge appearing without a matching App Store subscription entry.;;;i signed up for a trial of this app. the subscription does not show up anywhere in the subscription area of the app store. i was unable to cancel the subscription. i was charged $45. it is impossible to request a refund from apple if the charge does not appear. how is this even possible? i want my money back. how can you subscribe to something via an app downloaded in the app store and have no record for it anywhere and have no way to manage it? Ridiculous
as:12673242848;golden;;en_or_unknown;cancel_not_possible;appstore;;;hc-28900802305297 pol-04 pol-14;hc-28900802305297 pol-04 pol-14;If you subscribed or started a free trial via the App Store, refund requests are handled directly by Apple.;yes;They want the agent to cancel their (in-app) subscription to stop future charges and to request a refund for recent charges. Yes — the knowledge base includes instructions to cancel subscriptions and explains where refund requests must be sent and the expected processing times.;;;"I am writing to inform you that I am continuously being charged for your app, which I no longer use. Unfortunately, I am unable to cancel the subscription within the app itself.

I would greatly appreciate your assistance in resolving this issue and stopping any future charges. Could you please guide me on how to cancel the subscription and request a refund for the recent charges?

Thank you in advance for your help. I look forward to your prompt response."
as:12712846155;golden;;fr;cancel_not_possible;appstore;;;hc-28900802305297 hc-28899709030417;hc-28900802305297 hc-28899709030417;1. Log in to your account on AskNebula.com.;yes;"They want their 7-day trial cancelled immediately and to avoid the recurring €30/month charge; they also say they cannot find a way to cancel. Yes — the knowledge base contains platform-specific cancellation steps and explanations of where subscriptions must be cancelled (App Store/Play Store/website).";;;"J'ai payé pour la période d'essai. 

Il est dit que si je n'annule pas mon abonnement d'ici la fin des 7 jours, je serai facturée 30€ par mois. 

MAIS il n'y a aucun moyen de pouvoir annuler cet abonnement ?? 

Je souhaite impérativement annuler ma période d'essai, car je l'ai essayé après avoir vu une pub Instagram mais l'application ne correspond pas à ce à quoi je m'attendais. 

Merci de votre retour rapide et de votre aide, car je refuse d'être prélevée 30€ tous les mois alors même que vous ne proposez aucune solution pour annuler la période d'essai."
as:12947200698;golden;;pt;cancel_not_possible;appstore;;;hc-28900802305297 pol-18;hc-28900802305297 pol-18;To the extent permitted by applicable law, all purchases are non-refundable and non-exchangeable unless stated otherwise or required by law.;yes;The user is asking to cancel their subscription and get their money back (they also complain the purchased reading arrived in English and were charged in USD). The knowledge base includes explicit cancellation steps and guidance on where and how refunds are handled, so an agent can act using those articles.;;;Péssima experiencia! Tentando fazer o cancelamento e não consigo! Os débitos sendo feitos no cartão de credito em dólares! Quero o meu dinheiro de volta, um absurdo prometer uma pesquisa e entregar o resultado em inglês!  Sem condições! Estou me sentindo enganada.
as:13068665335;golden;;en_or_unknown;cancel_not_possible;appstore;;;hc-28900802305297 hc-28899709030417;hc-28900802305297 hc-28899709030417;Log in to your account on AskNebula.com.;yes;They want the recurring charges to stop and need instructions to unsubscribe/cancel their subscription. Yes — the knowledge base includes step-by-step cancellation instructions and an article explaining why a subscription may not be visible on a phone.;;;Why does the app keep charging me? I can’t even find the unsubscribe button. And I haven’t even logged in for weeks. How do I unsubscribe?
as:13299965772;dev;;en_or_unknown;cancel_not_possible;appstore;;;hc-28900802305297 pol-04;hc-28900802305297 pol-04;When contacting support, please provide the following to help us locate your account:;yes;They want their in-app subscription cancelled and a refund for recurring charges taken after accidentally downloading the app. The knowledge base includes step-by-step cancellation instructions and explains where refund requests must be directed, so an agent can act using those documents.;;;I accidentally download the app and got subscriptions bu i wanna cancel it and there is no way to cancel it . It keep deducting my money from my account 100$ . So disappointed and i want my refund asap..
as:13473009084;dev;;es;cancel_not_possible;appstore;;;hc-28900802305297 pol-04;hc-28900802305297 pol-04;If you subscribed or started a free trial via the App Store, refund requests are handled directly by Apple.;yes;They want to cancel their subscription to stop recurring charges (and are implying they want the unwanted charges to stop or be refunded). Yes — the knowledge base includes step-by-step cancellation instructions and guidance on where refund requests must be routed depending on how the subscription was purchased.;;;"Quiero cancelar la suscripción y no me deja.
¿Como puedo hacerlo?

Llevo dos meses que me están 
haciendo un cargo de 42,99 en mi cuenta y no hay manera de cancelar, no me parece justo"
as:13589880183;golden;;en_or_unknown;cancel_not_possible;appstore;;;pol-04 hc-28900802305297;pol-04 hc-28900802305297;If you subscribed or started a free trial via the App Store, refund requests are handled directly by Apple.;yes;"They want a refund for a €43 subscription charge and cancellation of the subscription because their attempt to cancel didn't work; the knowledge base includes both the cancellation steps and the refund-routing rules depending on where the subscription was purchased.";;;I want my money back cause I don’t want the subscription and I tried to cancel and doesn’t work. Now you charge 43€ that’s not fair!
as:14503735182;fewshot;;en_or_unknown;cancel_not_possible;appstore;;;hc-28900802305297 pol-04;hc-28900802305297 pol-04;If you subscribed or started a free trial via the App Store, refund requests are handled directly by Apple.;yes;They want to cancel the order/subscription and stop automatic charges from their Apple account (and potentially get a refund). The knowledge base includes steps for cancelling App Store subscriptions and explicitly says refund requests for App Store purchases are handled by Apple.;;;I can’t cancel the order.Can you tell me how to do ?it try to charge from my Apple account money.I don’t want to order to use.it charge automatically from my wallet. It is so embarrassing .
as:5579173328;dev;;en_or_unknown;cancel_not_possible;appstore;;;hc-28900802305297 pol-16;hc-28900802305297 pol-16;Deleting the App does not cancel your subscription.;yes;They want to cancel their subscription before being charged and cannot find the Settings in the app to do so. The knowledge base includes step-by-step cancellation instructions and guidance about where to cancel (and that deleting the app does not cancel a subscription), so an agent can follow those articles to help them.;;;"Hi, I just downloaded the app but didn’t know it had a fee. Can’t figure out how to unsubscribe and not be charged. Please let me know how to cancel subscription before getting charged as I don’t need this app.
There are no Settings in the app which is un fortunate. Please help asap."
as:6084462563;golden;;en_or_unknown;cancel_not_possible;appstore;;;hc-28900802305297 pol-04 pol-18;hc-28900802305297 pol-04 pol-18;Deleting the app does not cancel your subscription, trial or introductory offer.;yes;They want the subscription cancelled and refunds for charges from January to May for an app they deleted but didn’t use. The knowledge base includes cancellation steps and explains where refunds are handled and the refund policy, so an agent can act using those documents.;;;I’ve been trying to unsubscribe since the first day I got it & haven’t been able to do so. I need refunds from January to May as I never used the app, I got it put in my info noticed I put the wrong time frame for when I was born wasn’t able to fix it therefor all the info was wrong because it was a wrong time. I thought I unsubscribe on the app when I deleted it months ago but I guess it didn’t go through so now I’m getting charged every week for an app not on my phone that I don’t use because the info is wrong.
as:6528682268;dev;;fr;cancel_not_possible;appstore;;;hc-28900802305297 pol-16;hc-28900802305297 pol-16;Log in to your account on AskNebula.com.;yes;They’re asking to cancel a mistakenly activated free trial / recurring (weekly) subscription and stop future charges. Yes — the knowledge base includes step-by-step cancellation instructions and notes about where to cancel depending on how the subscription was purchased.;;;"J’ai cliqué par erreur sur l’offre essai gratuit puis 10€ et des bananes par semaine !! Sauf que je n’arrive pas à annuler cette histoire !
Comment faire ?"
as:6532477314;golden;;es;cancel_not_possible;appstore;;;hc-28900802305297 pol-04;hc-28900802305297 pol-04;To avoid being charged, you must cancel your subscription before the end of your trial or current billing cycle.;yes;They want to cancel a 3-day trial and need to know whether the subscription will auto-charge at the end of the trial. Yes — the knowledge base includes how to cancel subscriptions (by platform) and explicitly warns that subscriptions automatically renew, so an agent can act on this information.;;;"Entre a la prueba de 3 días, no me satisfizo del todo y ahora no puedo cancelar. Acabando los 3 días de prueba me preguntaran si voy a comprar o realizarán el cobro automático?
Quiero cancelar, ayuda!!"
as:7327091984;golden;;en_or_unknown;cancel_not_possible;appstore;;;hc-28900802305297 pol-16;hc-28900802305297 pol-16;Deleting the App does not cancel your subscription.;yes;They want the subscription canceled immediately and to avoid being charged for the app they just downloaded. Yes — the knowledge base includes clear cancellation steps and explains where cancellations must be done (app stores vs website) and that deleting the app does not cancel a subscription.;;;"I do not want to be charged, I downloaded this app today, I would like to cancel it today still. Why is there no option for that????? 

You are a thieve , there is no trial period. I temporarily blocked my credit card , let’s how your get your money now. 

Why isn’t there an option to cancel this app!"
as:7554665023;golden;;es;cancel_not_possible;appstore;;;pol-04 hc-28900802305297;pol-04 hc-28900802305297;If you subscribed or started a free trial via the App Store, refund requests are handled directly by Apple.;yes;They are asking for a refund of a $49.99 App Store subscription (and that the subscription be cancelled) because they could not cancel via Apple and the service did not meet their expectations. Yes — the knowledge base explains refund routing for App Store purchases and also provides steps for cancelling App Store subscriptions, so an agent can cite those policies (but cannot issue an App Store refund directly).;;;Me suscribi y me realizo mal los calculos de mi carta natal, le quise dar de baja a la hora de usarlo, ni siquiera a los 3 dias y no me aparecia para desuscribirme, envie mail a su soporte con capturas, mostrando que no podia por medio de Apple y no se hicieron cargo. Me cobraron 49.99, por favor necesito que me devuelvan el dinero, ya que no voy a pagar por un servicio que no funciona a mi gusto y no utilizo.
as:7628936087;golden;;es;cancel_not_possible;appstore;;;pol-04 hc-28900802305297;pol-04 hc-28900802305297;If you subscribed or started a free trial via the App Store, refund requests are handled directly by Apple.;yes;They want an accidental subscription canceled and a refund for a $49.49 charge. The knowledge base includes platform-specific cancellation steps and explains where refund requests must be sent (e.g. App Store vs. support), so an agent can act using those articles.;;;apreté sin querer para hacer una suscripción y ahora no la puedo cancelar me cobraron $49.49 dólares quiero mi dinero de vuelta
as:9410499825;dev;;fr;cancel_not_possible;appstore;;;hc-28900802305297 pol-04 pol-18;hc-28900802305297 pol-04 pol-18;Log in to your account on AskNebula.com.;yes;They want their subscription cancelled and appear to be requesting a refund for a €59 charge. Yes — the knowledge base includes step-by-step cancellation instructions and documents explaining where and how refunds are handled for different purchase channels.;;;Une bonne appli cependant impossible d’annuler mon abonnement j’ai été prélevé 59€ c’est beaucoup trop . Je veux annuler
gp:0b5e5d1c-943;dev;;en_or_unknown;cancel_not_possible;googleplay;;;pol-04 hc-28900802305297;pol-04 hc-28900802305297;If you subscribed or started a free trial through the Google Play Store or directly via our website, please contact the Support center.;yes;They want their free trial cancelled and a refund for the $9 charge (they say they can't find the subscription in Google Play). The knowledge base does state where refunds are handled and gives cancellation/contact steps, so an agent can act using those articles.;;;I tried to cancel my free trial but you guys make it impossible to do so, I'm in South Africa so that $9 amounts to R190 which is alot of money. Please refund my money as I did message on the app how to cancel my trial and no one helped me.  On Google Play there isn't subscription or payments that show for Nebula so I think that's very unethical. Please refund me my money back. I'm very unhappy as you guys make it impossible for people to cancle their free trial.
gp:12707317-636;golden;;en_or_unknown;cancel_not_possible;googleplay;;;pol-04 hc-28900802305297 hc-28899709030417;pol-04 hc-28900802305297 hc-28899709030417;If you subscribed or started a free trial via the App Store, refund requests are handled directly by Apple.;yes;They want the $50 refunded and the subscription cancelled. The knowledge base contains articles explaining where to cancel (depending on purchase source) and how refunds are routed, so an agent can act if they know where the purchase was made.;;;charged me $50 and I cannot cancel anywhere. not listed in Playstore. not under subscriptions. took money from me when I was about to go buy groceries then couldn't afford to buy food cause this app scammed me. I WANT A REFUND
gp:139c393f-3cd;dev;;en_or_unknown;cancel_not_possible;googleplay;;;hc-28900802305297 pol-04;hc-28900802305297 pol-04;Deleting the app does not cancel your subscription, trial or introductory offer.;yes;They want their active subscription cancelled so charges stop (they uninstalled the app long ago but are still being billed). Yes — the knowledge base includes platform-specific cancellation steps and guidance about where refunds/requests are handled, so an agent can follow those instructions once they know where the subscription was purchased.;;;Could I please get my subscription cancelled? I don't know how since there is nowhere on the app for the cancellation option. I uninstalled the app almost 2 years ago, and I'm still charged. Please, I don't mind what you've taken, but please stop taking it from now on. It's almost $50 AUS money. Thank you.
gp:18eb9e1d-717;golden;;en_or_unknown;cancel_not_possible;googleplay;;;hc-28900802305297 hc-28899709030417;hc-28900802305297 hc-28899709030417;1. Log in to your account on AskNebula.com.;yes;They want their subscription canceled immediately. Yes — the knowledge base contains platform-specific cancellation instructions and explains why a web (AskNebula) subscription may not appear in Google Play, so an agent can follow those steps.;;;how do I cancel this!! I tried through my Google play account but it doesnt even have it listed as one of my subscriptions! it doesnt make any sense!! I want this canceled immediately!
gp:1b1b12c4-a2d;dev;;en_or_unknown;cancel_not_possible;googleplay;;;hc-28900802305297 hc-28899709030417;hc-28900802305297 hc-28899709030417;Log in to your account on AskNebula.com.;yes;They want to cancel the $1 trial/subscription and stop further charges. Yes — the knowledge base contains explicit cancellation steps and explains differences between web and in-app subscriptions so an agent can instruct the user.;;;CANCEL! How the heck do I cancel this? I was curious about my witch type (and bored) so I paid $1 for the trial. I want to cancel and cannot find the website and can't get past the pay wall in the app. Grrr! I'd should have stayed bored!
gp:1f2146f8-5fb;golden;;en_or_unknown;cancel_not_possible;googleplay;;;hc-28900802305297 pol-16;hc-28900802305297 pol-16;1. Log in to your account on AskNebula.com.;yes;They are asking for their subscription to be cancelled and want support to cancel it for them. Yes — the knowledge base includes step-by-step cancellation instructions and platform-specific guidance an agent can follow to cancel the subscription.;;;I want to cancel subscription not interested in the ocult not even for entertainment I can't cancel why is it so ha t d to cancel your site please cancel my subscription I don't want it
gp:2605caf2-f3c;golden;;en_or_unknown;cancel_not_possible;googleplay;;;hc-28900802305297 hc-28899709030417;hc-28900802305297 hc-28899709030417;The reason you can't find your AskNebula website subscription in your phone's settings or manage it through the Play Store or App Store is that this type of subscription is exclusively for the AskNebula website.;yes;They want charges to stop and their subscription cancelled because they can’t find it in their phone settings. Yes — the knowledge base includes platform-specific cancellation steps and explains why a web subscription may not appear in phone subscription lists.;;;tried to charge me for a subscription and when I went to try to cancel the subscription it doesn't show that I have one and I'm still trying they're still trying to take charges from my account and I need this to stop please help
gp:2d825cbf-de0;dev;;en_or_unknown;cancel_not_possible;googleplay;;;hc-28900802305297 hc-28899709030417;hc-28900802305297 hc-28899709030417;The reason you can't find your AskNebula website subscription in your phone's settings or manage it through the Play Store or App Store is that this type of subscription is exclusively for the AskNebula website.;yes;They want their trial subscription canceled immediately because they cannot find or cancel it in the Google Play Store. Yes — the knowledge base includes cancellation steps and an article explaining why web subscriptions don’t appear in the Play Store, so an agent can follow those instructions.;;;I have been trying to cancel my trial subscription, but the information they give you to follow, cannot be done. Nebula does not register as a subscription in the Google Play Store. I will be notifying my bank to stop payment on the full subscription payment. Please cancel my subscription now!!
gp:356bfa2a-fe4;golden;;en_or_unknown;cancel_not_possible;googleplay;;;pol-04 hc-28899811054737;pol-04 hc-28899811054737;If you subscribed or started a free trial via the App Store, refund requests are handled directly by Apple.;yes;They want a refund and removal of their card/payment details from the site. Yes — the knowledge base documents explain where refunds must be requested (depends on where the purchase was made) and how to delete an account/personal data.;;;I need my money back. You guys make it difficult to go into pay settings by having that part of the site crash for hours? Starting to think you guys are scamming people out of there money. I want my money back and I want my card info deleted from that site
gp:44a82000-708;golden;;fr;cancel_not_possible;googleplay;;;pol-04 pol-18;pol-04 pol-18;If you subscribed or started a free trial via the App Store, refund requests are handled directly by Apple.;yes;The user demands a €70 refund and says they can't find an account to cancel—so they want their payment reversed and the subscription cancelled. The knowledge base does contain instructions on where refund requests must be sent (depending on purchase source) and how to exercise withdrawal/refund rights, so an agent can follow those documents to respond.;;;C'est une arnaque !!! Je viens de perdre 70€ parce que je me suis faite avoir, pas de compte pour voir pour annuler l'abonnement, je n'ai eu accès à rien du tout, je suis extrêmement déçue JE VEUX ÊTRE REMBOURSÉE
gp:530e156f-6dc;dev;;fr;cancel_not_possible;googleplay;;;hc-28900802305297 pol-18;hc-28900802305297 pol-18;App Store purchases and trials are refunded by Apple, via the Apple support page.;yes;The user is asking to cancel their subscription and be refunded for recurring €39 charges since June. The knowledge base includes both cancellation instructions and the refund/withdrawal policy, so an agent can act using those articles.;;;je veux me désabonner et c'est impossible on me prend 39€ depuis juin c'est abusé Comment peut-on faire pour être remboursé
gp:536f3aba-468;dev;;en_or_unknown;cancel_not_possible;googleplay;;;hc-28900802305297;hc-28900802305297;1. Log in to your account on AskNebula.com.;yes;They are asking to cancel their subscription and have the cancellation noted. Yes — the Help Center article with step-by-step cancellation instructions is in the knowledge base and shows how to cancel depending on where the subscription was purchased.;;;I'm not happy with my subscription I'm wanting to cancel this subscription I didn't know about how to go about canceling this please make note I want it canceled
gp:56a035fc-047;fewshot;;en_or_unknown;cancel_not_possible;googleplay;;;hc-28900802305297 faq-09;hc-28900802305297 faq-09;In both cases, whether you decide to chat online by means of Live-chat or send a message if the psychic is busy or offline, you will be charged a per-minute fee.;yes;They want to know where to cancel their subscription and an explanation of per-minute charges for offline messages (and whether offline messages cost the same as live chats). Both the cancellation steps and the billing/charging policy are documented in the knowledge base.;;;Where do I cancel? How can you can charge per minute if you are sending an offline message? Same rate as if they're online? Rip off? Not to mention the the expensive package
gp:591cc6cd-d58;golden;;es;cancel_not_possible;googleplay;;;hc-28900802305297 pol-04 pol-15;hc-28900802305297 pol-04 pol-15;Log in to your account on AskNebula.com.;yes;They want the recurring charges stopped, their subscription cancelled, and billing/payment activity resolved. The knowledge base contains the cancellation steps and guidance about where refunds are handled (so an agent can act), plus a warning about chargebacks.;;;Sólo pagué por una consulta y me siguen cobrando mucho dinero en dólares. No muestran datos de facturación, siempre dice que hay un problema que intente más tarde. No puedo cancelar suscripción y me siguen usando mi tarjeta de crédito
gp:5b6d7153-03a;golden;;en_or_unknown;cancel_not_possible;googleplay;;;hc-28900802305297 pol-16;hc-28900802305297 pol-16;Log in to your account on AskNebula.com.;yes;They want to cancel a 3-day trial/subscription immediately because it won't let them cancel. Yes — the knowledge base includes step-by-step cancellation instructions and notes about where to cancel depending on where the subscription was purchased.;;;i cant cancel the trial i have tried and it wont let me. it didnt gove me what i was expecting and i don't like the service. i have had it 3 days and dont like it. i want to cancel it. how do i cancel service.
gp:5c590b31-4a9;fewshot;;en_or_unknown;cancel_not_possible;googleplay;;;hc-28900802305297 pol-04;hc-28900802305297 pol-04;If you subscribed or started a free trial via the App Store, refund requests are handled directly by Apple.;yes;They want their subscription (currently in a 7-day trial) cancelled immediately and to prevent any charge. Yes — the knowledge base includes step-by-step cancellation instructions and guidance on where refunds/charge handling are processed depending on how the subscription was purchased.;;;how do I cancel? it should not be this difficult! please cancel my subscription that is still in 7 day trial! I do not authorize any deduction for payment.
gp:5cf794b6-957;golden;;en_or_unknown;cancel_not_possible;googleplay;;;hc-28900802305297 pol-16 pol-15;hc-28900802305297 pol-16 pol-15;For Direct Purchases, cancellation must be completed through the Website's account settings or by following the cancellation instructions provided at the time of purchase.;yes;"They want their subscription canceled and say they cannot find a place to cancel; they also threaten to dispute charges with their bank. The knowledge base contains step-by-step cancellation instructions and explains where to cancel depending on how the subscription was purchased, plus guidance about contacting support before initiating a chargeback.";;;I want to cancel subscription why is there no cancellation spot it seems no one can cancel it well thank god it only day 1 I will be calling my bank tomorrow disputing any charges from here it's a joke
gp:6915993b-f13;dev;;de;cancel_not_possible;googleplay;;;hc-28900802305297 pol-04 pol-14;hc-28900802305297 pol-04 pol-14;If you subscribed or started a free trial via the App Store, refund requests are handled directly by Apple.;yes;They want their (trial) subscription canceled and a refund. Yes — the knowledge base includes step-by-step cancellation instructions and details about where refund requests must be sent and how long refunds take.;;;Ich bin äußerst unzufrieden mit der App, alles hängt und ich konnte mein Test-Abo nicht kündigen... Ich möchte ein refund
gp:691d17a8-213;golden;;es;cancel_not_possible;googleplay;;;hc-28900802305297 hc-28899709030417;hc-28900802305297 hc-28899709030417;Log in to your account on AskNebula.com.;yes;They are asking for their subscription to be canceled immediately and for charges to stop. Yes — the knowledge base includes step-by-step cancellation instructions and explanations about where subscriptions must be canceled depending on how they were purchased.;;;no puedo cancelar la suscripcion! no me aparece ninguna opción de cancelacion, envié und email, para cancelar. Es una estafa!!! no quiero que me saquen mi dinero, eso es un robo
gp:6fd72380-55d;golden;;en_or_unknown;cancel_not_possible;googleplay;;;hc-28900802305297 pol-04;hc-28900802305297 pol-04;"Find the ""Manage Subscription"" section and tap it.";yes;They want their subscription canceled immediately and charges stopped (and likely a refund for the recent charge). Yes — the knowledge base includes step-by-step cancellation instructions and guidance about where refund requests are handled depending on how the subscription was purchased.;;;If I could give this app a 0 I would.... I never received a notice saying my trial was over and I can't find anywhere to cancel but they sure were quick to pull money out of my account. Please stop trying to pull money out I want it canceled. Thank you!!!!
gp:74629d00-2a9;dev;;en_or_unknown;cancel_not_possible;googleplay;;;hc-28900802305297;hc-28900802305297;Log in to your account on AskNebula.com.;yes;They are asking to have their subscription cancelled and need help with the cancellation process. Yes — the knowledge base includes a step-by-step article showing how to cancel subscriptions for each platform.;;;I would like to cancel my subscription and I don't have any idea how. this information is already known. I don't need it and I can't afford it. please help me to cancel.
gp:7a0a15a2-04f;dev;;en_or_unknown;cancel_not_possible;googleplay;;;hc-28900802305297 pol-04;hc-28900802305297 pol-04;If you subscribed or started a free trial via the App Store, refund requests are handled directly by Apple.;yes;They want their subscription cancelled and a refund because they’re being charged and cannot find where to cancel. The knowledge base does contain cancellation steps and explains where refund requests must be directed depending on how the subscription was purchased.;;;So it started out alright the lady I spoke to was lovely. But I quickly ran out of credits and had to pay extra for credits on top of the subscription, speaking of subscription. I can't bloody find it anywhere which means I can't end it. So they continue to take my money with no way out. Do not recommend! Please fix this Nebula and refund my money or I will report the app.
gp:7b4c445b-6e7;dev;;en_or_unknown;cancel_not_possible;googleplay;;;hc-28900802305297 pol-16;hc-28900802305297 pol-16;Deleting the App does not cancel your subscription.;yes;The user is asking how to cancel/unsubscribe to stop charges and whether uninstalling the app prevents future billing. The knowledge base includes step-by-step cancellation instructions and states that deleting the app does not cancel subscriptions, so an agent can act on this.;;;too short of a time. how do I unroll or unregister ? where do I go, or how do I stop this site from charging me ? I've already uninstalled the app...will that stop me from being charged ?
gp:7d7f7ad3-e68;golden;;en_or_unknown;cancel_not_possible;googleplay;;;hc-28900802305297 pol-04;hc-28900802305297 pol-04;Deleting the app does not cancel your subscription, trial or introductory offer.;yes;They want the subscription canceled immediately and charges stopped (they say Nebula keeps charging their Cash App). The knowledge base includes cancellation instructions and where refunds/route depend on purchase source, so an agent can act if they know where the subscription was purchased and have the payment details.;;;I'm trying to get this app to release its grip on my phone . I want to cancel the bogus subscription it keeps slamming on my cash app . I can't even use my CASH APP because if I put money on CASH APP this NEBULA b.s. app tries to take my money . How can I CANCEL THIS APP????
gp:82f0b2e7-18b;golden;;pt;cancel_not_possible;googleplay;;;pol-04 hc-28900802305297 pol-18;pol-04 hc-28900802305297 pol-18;If you subscribed or started a free trial via the App Store, refund requests are handled directly by Apple.;yes;They want the unauthorized charges stopped and their money returned, and they say they already cancelled their card to stop further billing. The knowledge base does include where refunds are handled (depends on purchase source), cancellation steps, and the refund policy/contact process an agent would need to act.;;;cai num golpe.. fui acessar coloquei o número do meu cartão.. me cobraram em dólar e depois começou a me cobrar de algo que não pedi... e estou tentando cancelar e não consigo e só vejo descontar valores absurdos da minha conta já cancelei o cartão para não haver mais cobrança... Golpista... quero o meu dinheiro de Volta...
gp:82f84670-2b9;dev;;es;cancel_not_possible;googleplay;;;pol-04 hc-28900802305297 hc-28899811054737;pol-04 hc-28900802305297 hc-28899811054737;If you subscribed or started a free trial via the App Store, refund requests are handled directly by Apple.;yes;The user demands a refund for an unauthorized charge and asks to unsubscribe and remove their debit card data (threatening to report otherwise). The knowledge base contains procedures and policies for refund routing, subscription cancellation, and account/data deletion, so an agent can act using those documents.;;;Me debitaron un dinero sin mi consentimiento. No hay manera de desuscribirme, ni de eliminar mis datos de tarjeta débito. Necesito que me devuelvan mi dinero o los denunciaré con quién corresponda.
gp:838e2667-447;dev;;en_or_unknown;cancel_not_possible;googleplay;;;hc-28900802305297;hc-28900802305297;"If you don't see the ""Cancel Subscription"" option, it means the subscription has already been canceled and won't renew.";yes;They want the unexpected charge/subscription cancelled and instructions for stopping or disputing the transaction. Yes — the knowledge base includes platform-specific cancellation steps and information about where refunds/requests must be routed.;;;I didn't sign up for this and I cannot find how to cancel it! I cannot cancel from my bank unless the payment is pending they say, but when I try it doesn't allow me. How do I cancel transaction?
gp:92142677-ab4;golden;;en_or_unknown;cancel_not_possible;googleplay;;;hc-28900802305297 pol-18;hc-28900802305297 pol-18;Google Play purchases go to the Nebula Support center.;yes;They want their Nebula subscription canceled immediately and a refund for multiple recent charges made via Google Play. The knowledge base does include step-by-step cancellation instructions for Google Play purchases and explains where Google Play refunds are handled, so an agent can act.;;;I've been trying to cancel my subscription and unable to find in my Google play store. I also have multiple charges this month. $24.99 TWICE on 10/15 and then a $45 charge just yesterday, 10/24/2024. Nearly $100 for 1 month?? Please cancel my subscription ASAP since I am unable to do it and expecting a refund back for those extra charges. Thank you!
gp:92ecab23-fe6;golden;;es;cancel_not_possible;googleplay;;;hc-28900802305297 pol-04;hc-28900802305297 pol-04;If you subscribed or started a free trial via the App Store, refund requests are handled directly by Apple.;yes;They want the unauthorized charge refunded and the subscription canceled (they can't find where to do this and have already blocked their card). Yes — the knowledge base contains cancellation steps and explains where refund requests must be sent depending on how the subscription was purchased, so an agent can act using these articles.;;;Me han hecho un cobro de un servicio que ni utilice. Trato de cancelarlo y no se como hacerlo. No me aparece ningún apartado de compra, pero el cargo está ahí. Tuve que bloquear mi tarjeta... Que mal que estafen así a la gente. Quiero mi dinero de vuelta.
gp:a035f02e-af8;golden;;en_or_unknown;cancel_not_possible;googleplay;;;hc-28900802305297 hc-28899709030417;hc-28900802305297 hc-28899709030417;Log in to your account on AskNebula.com.;yes;They want their subscription canceled because it keeps charging their card and they can't cancel it themselves. Yes — the knowledge base contains step-by-step cancellation instructions and an article explaining why a web subscription may not appear on a phone (so the agent can act), but the agent will need to know where the subscription was purchased to follow the correct procedure.;;;I want to cancel my subscription because im not using it and it keeps on taking my money from my card but i cant seem to cancel
gp:a100cdf6-c96;dev;;de;cancel_not_possible;googleplay;;;hc-28900802305297 hc-28899740398481;hc-28900802305297 hc-28899740398481;Log in to your account on AskNebula.com.;yes;They want their subscription cancelled because the purchased reading is only available in English and not useful to them, and they say they can’t find how to cancel. Yes — the knowledge base includes step-by-step cancellation instructions and an article explaining why web subscriptions may not appear in phone settings and where to cancel them.;;;Das Reading ist nur auf englisch... Da meine Sprache deutsch ist, hilft mir das Reading nicht. Ich möchte das Abo kündigen. Aber es wird nirgends angezeigt, wie ich es machen kann.
gp:a72afb83-c98;golden;;en_or_unknown;cancel_not_possible;googleplay;;;hc-28900802305297 pol-04;hc-28900802305297 pol-04;If you subscribed or started a free trial via the App Store, refund requests are handled directly by Apple.;yes;The user is asking to cancel their subscription (stop future payments) and is implying they want help because a recent charge posted — possibly seeking a refund. Yes — the knowledge base contains step-by-step cancellation instructions and guidance on where refund requests should be routed depending on how the subscription was purchased.;;;How do I unsubscribe. Just had money come out of my account that I can't afford. I thought I had stopped the payments but obviously not
gp:a9836e23-588;dev;;en_or_unknown;cancel_not_possible;googleplay;;;hc-28900802305297 pol-04 pol-14;hc-28900802305297 pol-04 pol-14;If you subscribed or started a free trial via the App Store, refund requests are handled directly by Apple.;yes;They want the subscription cancelled and a refund for two £49.99 charges. The knowledge base contains step-by-step cancellation instructions and explains where refund requests must be routed (App Store, Google Play, or our Support) so an agent can act once they know which platform the purchase was made through.;;;I have been charged £49.99 two months in a row as I cannot find anywhere how to cancel. It is no where to be found in my subscription list so I physically cannot cancel. It is money I cant afford to lose! I want a refund and it cancelling!
gp:b8abd509-487;golden;;it;cancel_not_possible;googleplay;;;hc-28900802305297 hc-28901320551953;hc-28900802305297 hc-28901320551953;1. Log in to your account on AskNebula.com.;yes;They want their accidental subscription cancelled but say they can’t do it because they don’t speak English. Yes — the knowledge base includes step-by-step cancellation instructions and information about language support so an agent can act on this request.;;;l'ho scaricato per sbaglio e ora mi ritrova abbonata ... no n so come fare ad annullare abbonamento perché non parlo inglese...
gp:c05e8f3a-649;golden;;fr;cancel_not_possible;googleplay;;;hc-28900802305297 hc-28899709030417;hc-28900802305297 hc-28899709030417;The reason you can't find your AskNebula website subscription in your phone's settings or manage it through the Play Store or App Store is that this type of subscription is exclusively for the AskNebula website.;yes;They want to cancel their subscription/trial (to avoid a €39 charge) but can’t find the subscription in Google Play. The knowledge base contains cancellation steps and explains that web (AskNebula) subscriptions don’t appear in Play Store, so an agent can follow those articles to advise the user.;;;annulation d'abonnement introuvable ! lorsque l'on suit les directives de l'application pour annuler l'abonnement via Google play, celui ci n'apparaît pas. je suis dans la période d'essai et je veux avec le tips pour ne pas être prélevé des 39€. Merci.
gp:c0c4abb2-9cc;golden;;de;cancel_not_possible;googleplay;;;hc-28900802305297 pol-16;hc-28900802305297 pol-16;For Direct Purchases, cancellation must be completed through the Website's account settings or by following the cancellation instructions provided at the time of purchase.;yes;They want to cancel the app subscription and stop future charges. Yes — the knowledge base includes step-by-step cancellation instructions and explains that where you cancel depends on where the subscription was purchased.;;;ich habe da im Netz zu nichts zugestimmt und jetzt finde ich keinen Weg die App zu kündigen! ich möchte nicht, dass die für die App bei mir abbuchen!
gp:c0c5de5b-921;dev;;en_or_unknown;cancel_not_possible;googleplay;;;hc-28900802305297 pol-18;hc-28900802305297 pol-18;"Find the ""Manage Subscription"" section and tap it.";yes;They want their subscription cancelled and a refund for an unused app. The knowledge base includes step-by-step cancellation instructions for AskNebula and the refund/withdrawal policy, so an agent can act if they know where the subscription was purchased and have the customer's payment/purchase details.;;;I cannot delete my subscription and have no been charged. I send a message from the web page to ask to cancel and it hasn't been done , I can't cancel through the website. this is very stressful. I would like a refund as I have no used the app.
gp:cb7e4b75-0f2;golden;;en_or_unknown;cancel_not_possible;googleplay;;;hc-28900802305297 pol-04;hc-28900802305297 pol-04;If you subscribed or started a free trial via the App Store, refund requests are handled directly by Apple.;yes;They are asking us to cancel their subscription and issue a refund for a pending charge from a free trial. The knowledge base includes step-by-step cancellation instructions and a policy that explains where refund requests must be routed (App Store vs Google Play vs website).;;;Please - can you cancel my subscription?? I must have had a free trial - but I have ADHD and severe CPTSD - please, please can you refund the payment that's in my pending payments?? it's a HUGE amount of money - PLEASE HELP. I CAN'T FIND HOW TO CONTACT YOU. PLEASE HELP
gp:cd600b52-193;dev;;en_or_unknown;cancel_not_possible;googleplay;;;hc-28900802305297 pol-04;hc-28900802305297 pol-04;Deleting the app does not cancel your subscription, trial or introductory offer.;yes;They want the subscription cancelled and the recurring credit-card charges stopped (and likely a refund). The knowledge base includes explicit cancellation steps for each purchase platform and explains where refunds are handled, so an agent can act from those docs.;;;Scam, please help me cancel the subscription, the credit card keeps pay to nebula, but I didn't receive anything from this App or even find my own account. I really hate it!!!
gp:d74a5d0f-951;golden;;en_or_unknown;cancel_not_possible;googleplay;;;hc-28900802305297 hc-28899709030417;hc-28900802305297 hc-28899709030417;The reason you can't find your AskNebula website subscription in your phone's settings or manage it through the Play Store or App Store is that this type of subscription is exclusively for the AskNebula website.;yes;They want their R750/month subscription cancelled and say it doesn't appear in Google Play so they cannot cancel it there. The knowledge base includes explicit cancellation steps (including Google Play) and an article explaining that AskNebula web subscriptions won’t appear in app-store subscription lists, so an agent can act on this information.;;;I want to cancel my subscription. It cost R750pm, I tried to remove it from my app purchases in Google but it doesn't show. Please cancel the subscription
gp:d8080fd8-fc2;dev;;es;cancel_not_possible;googleplay;;;hc-28899811054737 hc-28900802305297;hc-28899811054737 hc-28900802305297;In order to remove your personal data on AskNebula website, please follow these steps:;yes;They ask to have their account unlinked/deleted and any subscription canceled to prevent a (attempted) charge. The knowledge base contains step-by-step instructions both for deleting accounts and for cancelling subscriptions (including platform-specific guidance), so an agent can act using those articles.;;;necesito que me desvinculen la cuenta porque jamás pude usar ese servicio pero ahora me llega un mensaje que no pudieron hacer el cobro de 148 mil pesos cuando eso jamás se usó me van a descontar por favor necesito que hagan la desvinculación ya que por ningún lado me sale ni por la play store ni por mi cuenta pésima app
gp:d949db50-939;golden;;pt;cancel_not_possible;googleplay;;;hc-28900802305297 hc-28899709030417;hc-28900802305297 hc-28899709030417;The reason you can't find your AskNebula website subscription in your phone's settings or manage it through the Play Store or App Store is that this type of subscription is exclusively for the AskNebula website.;yes;They want the app subscription canceled and the recurring/attempted charges stopped. Yes — the knowledge base includes step-by-step cancellation instructions and an article explaining why web subscriptions may not appear in phone subscription lists.;;;Quero saber como faço para cancelar a assinatura desse app, não aparece entre minhas assinaturas, mas estão ocorrendo tentativas de desconto no meu cartão de crédito.
gp:e18e8473-db4;golden;;en_or_unknown;cancel_not_possible;googleplay;;;hc-28900802305297 pol-16;hc-28900802305297 pol-16;"Click ""Cancel Subscription"".";yes;They’re asking to cancel their subscription immediately because they misunderstood the app. Yes — the knowledge base contains platform-specific cancellation instructions an agent can follow or send to the user.;;;I want to cancel now. I misunderstood the nature of the app. I can't find out how to cancel it. Get me out!! I don't have a witch type. I misread. H E L P ! 🙁😠😡😕😥😥
gp:e24258a9-c6a;dev;;en_or_unknown;cancel_not_possible;googleplay;;;hc-28900802305297 hc-28899953905937 hc-28901224006801;hc-28900802305297 hc-28899953905937 hc-28901224006801;Log in to your account on AskNebula.com.;yes;They want the $45 subscription cancelled and help regaining access because their username/password aren’t working. The knowledge base includes platform-specific cancellation steps and account-login/password-reset troubleshooting that an agent can follow to assist.;;;I am being charged $45.00 for a subscription that I don't remember signing up for. I am trying to cancel but it says incorrect user name and password. can you help me
gp:e272faa6-584;dev;;en_or_unknown;cancel_not_possible;googleplay;;;hc-28900802305297 pol-04;hc-28900802305297 pol-04;If you subscribed or started a free trial via the App Store, refund requests are handled directly by Apple.;yes;They want their subscription cancelled and their payments refunded. The knowledge base includes cancellation steps and explains how refunds are routed (App Store/Google/website), so an agent can act but will need to know where the subscription was purchased and see payment/proof details.;;;I have been trying to cancel this subscription for the last 2 months and have been unable to I've tried everything. please can you get in touch and refund my payments
gp:e4906ca5-560;golden;;en_or_unknown;cancel_not_possible;googleplay;;;hc-28900802305297 pol-04;hc-28900802305297 pol-04;Log in to your account on AskNebula.com.;yes;They want their subscription cancelled and a refund for the charge. Yes — the knowledge base includes step-by-step cancellation instructions and a policy explaining where refunds are handled depending on how the subscription was purchased.;;;trying to cancel my subscription and I can't figure out how. followed the directions and can't find it under my Google subscriptions. I just want to cancel and get my money back
gp:e85fc608-14f;dev;;fr;cancel_not_possible;googleplay;;;hc-28900802305297 pol-04;hc-28900802305297 pol-04;If you subscribed or started a free trial via the App Store, refund requests are handled directly by Apple.;yes;They want to cancel the subscription/trial (to stop the impending €49 charge) and likely request a refund for the purchase. The knowledge base includes step-by-step cancellation instructions and a policy about where refund requests must be sent, so an agent can act using those articles.;;;j'ai payé 5€ hier pour avoir les résultats d'un test, je le retrouve sur une appli avec 7 jours d'essai avant le prélèvement de 49€! je veux absolument me désabonner mais n'y arrive pas ! c'est du vol....
gp:ebebbf88-507;dev;;en_or_unknown;cancel_not_possible;googleplay;;;pol-04 pol-14 hc-28900802305297;pol-04 pol-14 hc-28900802305297;If you subscribed or started a free trial via the App Store, refund requests are handled directly by Apple.;yes;The user is asking to get a refund for a $8.95 weekly charge after a trial and to cancel the subscription they tried to stop but encountered an error. The knowledge base includes instructions on where refunds are handled (Apple/Google/website), refund timing, and how to cancel subscriptions, so an agent has documented steps to act on this.;;;I Attempted to use this again After being recommended But I did the trial and even though I tried to cancel it, some error came up and Now I was charged $8.95 for One Week?? What the hell is that!! How do I get a refund? I don't even like this app. Been 3 years and I don't think it's improved much from what I was told..
gp:f09296e5-325;golden;;en_or_unknown;cancel_not_possible;googleplay;;;hc-28900802305297 hc-28899179430801;hc-28900802305297 hc-28899179430801;Log in to your account on AskNebula.com.;yes;"They want to cancel their trial/subscription before they are charged and are complaining the reading felt inaccurate; they also imply they may want support or a refund. Yes — the knowledge base includes explicit cancellation steps and instructions for reporting unsatisfactory readings so an agent can act.";;;I don't feel it,I don't feel it fits me, just reading what they say don't fit myself,I had to pay dollar and before trail week is up I need to cancel before hand but I can't figure out how to do that so I don't have to worry about getting another chager
gp:f7bbecf8-d4a;dev;;fr;cancel_not_possible;googleplay;;;hc-28900802305297 pol-04 pol-18;hc-28900802305297 pol-04 pol-18;If you subscribed or started a free trial via the App Store, refund requests are handled directly by Apple.;yes;They want to unsubscribe and receive a refund for two unexpected charges. The knowledge base includes cancellation steps and the refund routing/policy, but an agent will need to know where the subscription was purchased to proceed (App Store, Google Play, or web).;;;Je veux me désabonner je ne sais pas comment on m'a débité 14$ et ensuite un autre 49.99$ et je ne sais pas pourquoi!! Je veux etre rembourser!!!
syn:03;synthetic;yes;tr;cancel_not_possible;;;;hc-28900802305297 hc-28899709030417;hc-28900802305297 hc-28899709030417;Log in to your account on AskNebula.com.;yes;They want to cancel their trial subscription before it auto-renews tomorrow to avoid being charged. The knowledge base includes step-by-step cancellation instructions and explains why a cancel button might be missing depending on where the subscription was purchased, so an agent can act using those articles.;;;Deneme süresi yarın bitiyor, aboneliği iptal etmek istiyorum ama uygulamada iptal düğmesi yok. Henüz para çekilmedi, çekilmesini istemiyorum.
as:10156502449;golden;;fr;charge_not_recognised;appstore;;;hc-28900802305297 pol-04 hc-28899709030417;hc-28900802305297 pol-04 hc-28899709030417;If you subscribed or started a free trial via the App Store, refund requests are handled directly by Apple.;yes;They were charged €22.80, say they never subscribed, and ask to be refunded and for the subscription stopped. The knowledge base includes cancellation steps and explains where refunds must be requested (App Store vs Google Play vs website), so an agent can act if they determine where the purchase was made.;;;"Bonjour je viens d’être prélever de 22,80€ et j’aimerai savoir pourquoi ?

Je n’ai jamais engager d’abonnement je souhaite être rembourser.

Je nous trouve pas de Réglage et aucun n’abonnement n’apparaît nul part ?"
as:10167730430;dev;;es;charge_not_recognised;appstore;;;hc-28900802305297 pol-04;hc-28900802305297 pol-04;1. Log in to your account on AskNebula.com.;yes;They say they canceled their subscription before a renewal but still got charged and are asking where to cancel (and implicitly about the charge) urgently. The knowledge base includes step-by-step cancellation instructions and a policy explaining where refund requests are handled depending on how the subscription was purchased.;;;Cancelé mi suscripción antes de que me cobraran y me llegó igual el descuento. Quiero saber de donde cancelo la suscripción urgente por favor
as:10528024200;golden;;en_or_unknown;charge_not_recognised;appstore;;;hc-28900802305297 pol-04 pol-14 pol-15;hc-28900802305297 pol-04 pol-14 pol-15;If you subscribed or started a free trial via the App Store, refund requests are handled directly by Apple.;yes;They want the unexpected charge reversed and the subscription stopped (refund and cancellation) and an explanation of how the card was charged. Yes — the knowledge base includes how to cancel subscriptions and where refund requests must be routed, plus timing and advice about chargebacks.;;;I have a charge on my credit card for a subscription however i can not find out how this happened or locate how to stop it - it’s a real scam - I only clicked on a ad so how did they ge t my credit card information?? I WANT MY MONEY BACK!
as:10554353137;dev;;en_or_unknown;charge_not_recognised;appstore;;;pol-04 hc-28900802305297;pol-04 hc-28900802305297;If you subscribed or started a free trial via the App Store, refund requests are handled directly by Apple.;yes;They want the charges stopped and refunded for monthly $20 payments that continued after they say they unsubscribed. Yes — the knowledge base explains where refunds are handled (App Store vs Google/website) and gives cancellation/contact steps and the information support needs to investigate.;;;I like the app just fine but I unsubscribed from this app three months ago and I am being charged $20 every month even though I’ve unsubscribed. When I go into my iCloud account under purchases or subscriptions it’s not there. Therefore Apple is not able to refund me my money and I’ve done everything on my end to make it stop but it will not stop charging me and I don’t know what to do. At this point I’ve spent $60 that I didn’t want to spend, and no way to solve the issue apparently. If someone from the neb team could please help me resolve this issue, it would be very much appreciated.
as:10589512667;golden;;en_or_unknown;charge_not_recognised;appstore;;;pol-04 hc-28900802305297 pol-14;pol-04 hc-28900802305297 pol-14;If you subscribed or started a free trial via the App Store, refund requests are handled directly by Apple.;yes;They want the recurring $25 charges stopped and a refund for charges incurred after they cancelled. The knowledge base includes guidance on where refund requests must be sent (App Store vs Google Play vs website), what to provide when contacting support about payments, and how long confirmed refunds take to appear.;;;"I have cancelled my membership both in the app and on the web after seeing one charge for $25…. GOT CONFIRMATION IT WAS CANCELLED and am still getting MULTIPLE $25 charges AFTER cancelling. 

I WANT MY MONEY BACK!!! I cancelled my subscription WHY am I paying for it the app when I don’t have an active subscription?!?!"
as:10809380228;fewshot;;fr;charge_not_recognised;appstore;;;pol-04 hc-28900802305297;pol-04 hc-28900802305297;If you subscribed or started a free trial via the App Store, refund requests are handled directly by Apple.;yes;They want a refund for a recent Apple Pay charge and for their App Store subscription to be cancelled permanently. The knowledge base explains that App Store refunds are handled by Apple and provides steps to cancel App Store subscriptions, so the agent has the needed guidance in the KB.;;;J'avais déjà eu à m'abonner pour 17,40€ pour avoir la période d'essai. J'ai résilié l'abonnement après et aujourd'hui je reçois une notification de apple pay d'une transaction de 19$ soit 17,40€ que je ne comprends pas. Je veux un remboursement et que vous résilier définitivement l'abonnement.
as:10816270889;golden;;cyrillic;charge_not_recognised;appstore;;;pol-04 pol-18;pol-04 pol-18;If you subscribed or started a free trial via the App Store, refund requests are handled directly by Apple.;yes;They want a $19 refund after cancelling a 3-day free trial the same day because the app returned incorrect natal chart data. The knowledge base does contain guidance an agent needs: where refund requests must be submitted (App Store vs Google Play vs website) and the refund policy/rights, so agent next steps are documented.;;;"Я подписалась на 3 дня бесплатного использования приложения, после чего в тот же день отменила подписку, т.к. приложение выдало некорректные данные в расчете моей карты натальной. 
Сегодня у меня списали 19 долларов. Верните мои деньги."
as:10831503217;golden;;fr;charge_not_recognised;appstore;;;pol-04 hc-28900802305297;pol-04 hc-28900802305297;If you subscribed or started a free trial via the App Store, refund requests are handled directly by Apple.;yes;They want the unauthorized Apple Pay/App Store charges stopped and refunded. The knowledge base documents that App Store refunds are handled by Apple and also provides steps to cancel App Store subscriptions, so an agent can direct them to Apple and show how to cancel.;;;Paiements par Apple Pay de 22,80€ toutes les 2 semaines sans demande de ma part ni abonnement ! J’ai rentré une fois ma carte pour avoir accès à l’appli que j’ai désinstallé par la suite lorsque j’ai vu qu’akinésie abonnement était en cours ! Je n’ai même plus accès à l’appli comme je ne veut plus la réinstaller, aucune information dans Apple Pay appart les paiement passés qui ne sont pas de mon ressort ! On est à plus de 90€, je vais porter plainte ! Remboursez moi !
as:10845946773;dev;;en_or_unknown;charge_not_recognised;appstore;;;pol-04 pol-14;pol-04 pol-14;If you subscribed or started a free trial via the App Store, refund requests are handled directly by Apple.;yes;They are asking for an urgent refund for an unauthorized $31 charge. Yes — the knowledge base documents where refund requests must be routed (App Store vs Google Play vs website) and how long refunds take, so an agent can follow those procedures.;;;Good day, I received a charge of $31 I did not make this purchase. I do not have the app! Please can you process a refund urgently. Thank you
as:10905053435;golden;;en_or_unknown;charge_not_recognised;appstore;;;hc-28900802305297 pol-04 pol-14;hc-28900802305297 pol-04 pol-14;If you subscribed or started a free trial via the App Store, refund requests are handled directly by Apple.;yes;They want their subscription cancelled immediately and a refund for an unwanted charge (trial not applied). The knowledge base includes explicit cancellation steps and guidance on where to request refunds and how long refunds take, so an agent can act using those articles.;;;"Hello. So disappointing that you immediately deducted R329 out of my account without allowing me the trial. I have written you you already, but am yet to be refunded. Please cancel my subscription immediately, and may I be refunded promptly please.
Thank you"
as:10936420608;golden;;en_or_unknown;charge_not_recognised;appstore;;;hc-28900802305297 pol-04 pol-14;hc-28900802305297 pol-04 pol-14;When contacting support, please provide the following to help us locate your account:;yes;They’re asking for a refund and an explanation because they were charged after cancelling a subscription before renewal. Yes — the knowledge base includes cancellation steps, where refunds are handled depending on purchase source, and timing for refunds so an agent can act.;;;This app KEEPS CHARGING ME even tho I cancelled my subscription before it renewed. I don’t understand, do I habe to take out my card? If I cancel a subscription, you aren’t supposed to renew it, this isn’t supposed to happen. I want my money back, this is unacceptable
as:11129418719;dev;;en_or_unknown;charge_not_recognised;appstore;;;pol-04 pol-14;pol-04 pol-14;If you subscribed or started a free trial via the App Store, refund requests are handled directly by Apple.;yes;They are asking for a refund of a $49.99 charge made without their consent. The knowledge base explains how refunds are handled depending on where the subscription was purchased, so an agent can act if they know which store/account processed the payment.;;;I used the app for a day and a 49.99 charge was made without my consent or knowledge. Please refund my money. The app was installed with this account. Thanks in advance for not letting me take any legal actions
as:11166986443;golden;;en_or_unknown;charge_not_recognised;appstore;;;pol-04 pol-18;pol-04 pol-18;If you subscribed or started a free trial via the App Store, refund requests are handled directly by Apple.;yes;They want a refund for an annual charge that posted despite cancelling during a free trial. Yes — the knowledge base explains where refunds are handled (App Store, Google Play, or via the website/support) and the refund/withdrawal rules an agent should follow.;;;Pretty upset because I did a free trial and cancelled it right after bc I didn’t like it and it still charged me the yearly fee which has never happened before when you cancel on the free trial. Ripped off and I want my money back.
as:11244736091;golden;;it;charge_not_recognised;appstore;;;hc-28900802305297 pol-04;hc-28900802305297 pol-04;If you subscribed or started a free trial via the App Store, refund requests are handled directly by Apple.;yes;They say they cancelled the subscription in their iPhone settings but were still charged $34.99 today and ask to cancel properly to prevent future unexpected charges (and implicitly seek refund/explanation). The knowledge base includes cancellation steps for App Store subscriptions and explains refund routing depending on where the subscription was bought, so an agent can act using those documents.;;;Nonostante avessi annullato l’abbonamento nelle impostazioni del mio iPhone oggi mi sono stati addebitati 34.99 sul mio conto! Come posso annullare per far sì che questo non accada di nuovo senza nessun preavviso??
as:11252240652;dev;;en_or_unknown;charge_not_recognised;appstore;;;pol-04 hc-28900802305297 pol-14;pol-04 hc-28900802305297 pol-14;Deleting the app does not cancel your subscription, trial or introductory offer.;yes;They want the €30 charge refunded and the (ongoing) subscription cancelled after having deleted the app. The knowledge base documents explain where refunds are handled and how to cancel (and say deleting the app does not cancel subscriptions), but an agent will need to know where the purchase was made and see payment proof to proceed.;;;I didn't subscribe to it and I get charged with 30 euro. I deleted everything and they still charged it. This is abuse. I want my money back!
as:11727434936;dev;;en_or_unknown;charge_not_recognised;appstore;;;hc-28900802305297 pol-04;hc-28900802305297 pol-04;Deleting the app does not cancel your subscription, trial or introductory offer.;yes;They want the recurring €19.50 charges stopped (cancel the subscription) and a refund for charges already taken. Yes — the knowledge base includes instructions for cancelling subscriptions and explains where refund requests should be directed depending on how the subscription was purchased.;;;This app automatically charges my card 19,50€ each month even though i never agreed to any subscriptions. Moreover i cant seem to find a way to de-activate the subscriptions since deleting the app doesn’t seem to affect it at all. I want my money back!!!
as:11773696017;golden;;en_or_unknown;charge_not_recognised;appstore;;;hc-28900802305297 pol-04;hc-28900802305297 pol-04;When contacting support, please provide the following to help us locate your account:;yes;They want Nebula to cancel a subscription they say they don't have and to refund a $30 charge. The knowledge base includes both cancellation steps and where refund requests are routed (App Store vs Google vs website), so an agent can follow documented procedures but will need the purchaser's payment details/screenshots when contacting support.;;;"I don't have any subscription, and I was charged 30$,Nebula please contact me, cancel this ""subscription"" and refund me my money"
as:11927841268;golden;;es;charge_not_recognised;appstore;;;pol-04 pol-18 pol-14;pol-04 pol-18 pol-14;If you subscribed or started a free trial via the App Store, refund requests are handled directly by Apple.;yes;They are asking for a full refund of a €39.90 charge that occurred despite cancelling on the last day of the free trial. The knowledge base does include where to direct refund requests (depends on where the subscription was bought), the legal refund rights for some regions, and the timeline for refunds, so an agent can follow those documents to act.;;;"En el último día de la free trial, cancele mi suscripción para evitar su renovación automática. No obstante mismo tratándose del último día han hecho un cargo en mi cuenta de un importe de 39,90. Para poder reclamarlo hay que hacerlo en inglés y pasar por un chat con un robot… 
Ahora me contestan que me hacen el “favor”de devolverme el 50%…. Quiero que me devolváis el dinero!!! Gracias"
as:11968502713;golden;;es;charge_not_recognised;appstore;;;pol-04 hc-28900802305297 pol-14;pol-04 hc-28900802305297 pol-14;If you subscribed or started a free trial via the App Store, refund requests are handled directly by Apple.;yes;The user reports an unauthorized charge from the app and is asking for a refund. The knowledge base does contain guidance an agent needs: where refund requests are handled (depends on purchase source) and how to contact support with required info.;;;Se me acaba de cobrar sin mi autorización un pago desde la app a mi cuenta que yo no he autorizado y quiero que me devuelvan mi dinero!
as:11991417841;golden;;en_or_unknown;charge_not_recognised;appstore;;;pol-04 hc-28900802305297 pol-14;pol-04 hc-28900802305297 pol-14;If you subscribed or started a free trial via the App Store, refund requests are handled directly by Apple.;yes;They want the unexpected $39 charge stopped and refunded (they report no active subscription and even deleted their account). The knowledge base does contain instructions on where refunds are handled and how to cancel depending on where the purchase was made, plus timing for refunds and cancellation steps an agent can follow.;;;"Hello ,
Why am I getting charged 39 USD without any subscription I haven’t subscribed 
I even check in my account it says I don’t have any subscriptions
But I get charged .
I even deleted my account,.. but still get charged"
as:12221710246;golden;;es;charge_not_recognised;appstore;;;hc-28900802305297 pol-04 hc-28899811054737 pol-14;hc-28900802305297 pol-04 hc-28899811054737 pol-14;If you subscribed or started a free trial via the App Store, refund requests are handled directly by Apple.;yes;"They want the recurring charges stopped, a refund for the unauthorized charges, and their personal data removed; they say they already cancelled and deleted the account but charges keep posting. The knowledge base does contain the actions and facts an agent needs — cancellation steps, refund routing depending on purchase source, account-deletion procedure, and refund timing.";;;"Hace un tiempo descargué Nebula y ya cancelé la suscripción y cerre mi cuenta no la uso 
Pero ya van dos veces que se jala dinero de mi tarjeta y la aplicación no me perimite borrar mis datos y no son 100 pesos son 700 ª 800 pesos exijo una solución. 
Ya les escribí incluso por correo"
as:12241319234;dev;;en_or_unknown;charge_not_recognised;appstore;;;hc-28901216899857 pol-04;hc-28901216899857 pol-04;If it happens to you, don’t worry — our Support Team will handle it promptly.;yes;They were charged 1800 TL but did not receive the subscription/credits and want the payment issue fixed (credit their account or refund). The knowledge base includes a direct article on purchases not topping up that tells agents to investigate and credit missing amounts, and a refund-routing policy explaining where refunds must be requested.;;;I just donated for the app. But I didn't get any subscriptions. Despite this, payment was received from my bank account -1800 tl-, please, I want this to be fixed.
as:12281002089;dev;;en_or_unknown;charge_not_recognised;appstore;;;hc-28900802305297 pol-04;hc-28900802305297 pol-04;Deleting the app does not cancel your subscription, trial or introductory offer.;yes;They demand immediate cancellation of their app subscription and a refund of €39. The knowledge base contains the cancellation steps and the routing for refund requests (who handles refunds depending on purchase source), so an agent can act with those documents.;;;Por favor darme de baja de la aplicación he mandado ya unos cuantos mails y encima me habéis cobrado 39€ darme de baja ya!!!! Y reembolso!!!!!
as:12286501449;golden;;en_or_unknown;charge_not_recognised;appstore;;;hc-28900802305297 pol-04;hc-28900802305297 pol-04;"Click ""Cancel Subscription"".";yes;They request an urgent reversal (refund) of an unauthorized subscription charge and confirmation that any subscriptions on their account have been canceled. The knowledge base includes explicit cancellation steps and explains where refunds are handled, so an agent has actionable guidance (but will need the user's transaction/payment details to proceed).;;;I recently noticed an unauthorized deduction from my account for a subscription I did not sign up for. I have not subscribed to any service on the Nebula app, and I would appreciate it if you could investigate this matter urgently. Please reverse this charge at the earliest convenience. Additionally, I request confirmation that any subscriptions associated with my account have been canceled to prevent future unauthorized deductions..
as:12385710033;golden;;es;charge_not_recognised;appstore;;;pol-04 pol-14;pol-04 pol-14;If you subscribed or started a free trial via the App Store, refund requests are handled directly by Apple.;yes;They demand an immediate refund for an unauthorized ~€50 charge and threaten to file a complaint. The knowledge base includes guidance on where to request refunds depending on how the purchase was made and how long refunds take, so an agent can follow those procedures.;;;Quiero mi dinero de vuelta ya pongo una denuncia.no he autorizado a que me estéis cobrando casi 50 e por la cara.Mi dinero ya!!!!
as:12432196856;golden;;en_or_unknown;charge_not_recognised;appstore;;;pol-04 hc-28900802305297 pol-15 pol-18;pol-04 hc-28900802305297 pol-15 pol-18;If you subscribed or started a free trial via the App Store, refund requests are handled directly by Apple.;yes;They want an immediate refund for a charge made after they say they unsubscribed and are threatening a chargeback. The knowledge base does include the refund routing rules and the steps/support contact and warnings about chargebacks, so an agent can follow those documents to handle this request.;;;I will start a chargeback, I have unsubscribed 7 months ago and you guys have just charged me. Please refund me immediattely
as:12447313906;golden;;en_or_unknown;charge_not_recognised;appstore;;;pol-04 pol-18 hc-28900802305297;pol-04 pol-18 hc-28900802305297;If you subscribed or started a free trial via the App Store, refund requests are handled directly by Apple.;yes;They request a full refund for an unauthorized subscription and (implicitly) cancellation. Yes — the knowledge base specifies where refund requests must be sent depending on how the subscription was purchased and also provides cancellation steps and refund-policy timelines.;;;Dear Support, I did not authorize this subscription, yet I was charged. I believe this charge was made unfairly, and I kindly request a full refund. Please process my request as soon as possible. Thank you
as:12669241957;dev;;es;charge_not_recognised;appstore;;;pol-04 pol-18;pol-04 pol-18;If you subscribed or started a free trial via the App Store, refund requests are handled directly by Apple.;yes;They want a full refund (39.90) for a subscription they say was charged despite not appearing active and never being used. Yes — the knowledge base records where refunds are handled (App Store vs Google/website) and the refund/contact policy an agent must follow, but the agent will need to know where the purchase was made to act.;;;"Desde que revisé la app el día que la descargue comprobé que no estaba la suscripción activada, es más no aparece en mis suscripciones activas, aún así me han cobrado 39,90 por una semana. Nunca la usé por que está todo en inglés.
Quiero que me devuelvan el dinero!!!"
as:12697326457;golden;;es;charge_not_recognised;appstore;;;pol-04 pol-18 pol-15 pol-14;pol-04 pol-18 pol-15 pol-14;If you subscribed or started a free trial via the App Store, refund requests are handled directly by Apple.;yes;They are asking for a refund for a subscription charge they say they didn’t authorize after briefly using the app and deleting their account. Yes — the knowledge base documents the refund routing and refund policy (who handles refunds depending on where the subscription was purchased) and also warns about chargebacks and cancellation behavior.;;;Me cobraron una suscripción que no seleccioné cuando solo duré unos minutos usando la aplicación y después borré mi cuenta. No es justo, quiero que me devuelvan mi dinero, esto es una estafa
as:12741662556;golden;;de;charge_not_recognised;appstore;;;hc-28900802305297 pol-04 pol-18;hc-28900802305297 pol-04 pol-18;If you subscribed or started a free trial via the App Store, refund requests are handled directly by Apple.;yes;They say they were charged twice (2 × €45) for a subscription they did not buy and ask for the subscription to be cancelled and their money returned. The knowledge base includes cancellation steps and where refunds must be requested (App Store vs Google/website) plus the refund policy, so an agent can act, but they will need the purchaser/platform/payment details to proceed.;;;"Kein Bo gekuft un bereits 2 mal EUR 45,00 abgebucht. Abo kündigen geht nicht denn ich habe keins gekauft.
Ich möchte mein Geld zurück"
as:12841470155;dev;;es;charge_not_recognised;appstore;;;pol-04 pol-18 hc-28900802305297;pol-04 pol-18 hc-28900802305297;If you subscribed or started a free trial via the App Store, refund requests are handled directly by Apple.;yes;They are asking for a refund because they were charged during/before the trial end they were told in the email. The knowledge base contains refund routing and refund policy information (but refunds depend on where the subscription was purchased), so the agent must confirm the purchase platform before acting.;;;En el correo que envían de término de prueba (que ni siquiera llega al correo principal, si no que a “promociones”) aparecía que tenía hasta determina fecha y determinada hora para cancelar la prueba,y que para que no se cobrara tenía que cancelar antes de eso, aun así se me cobró horas antes de la hora estupilada Una estafa! Quiero solicitar el reembolso por favor!!
as:12882388794;dev;;en_or_unknown;charge_not_recognised;appstore;;;pol-04 hc-28900802305297;pol-04 hc-28900802305297;If you subscribed or started a free trial via the App Store, refund requests are handled directly by Apple.;yes;"They want an immediate refund for a charge after deleting the Nebula app and need the subscription cancelled; they say the subscription doesn’t appear in their subscriptions so they can’t cancel. Yes — the knowledge base explains that deleting the app does not cancel subscriptions and that App Store refunds are handled by Apple, and it also provides cancellation steps.";;;"this doesn’t make any sense.
I downloaded the Nebula App about a week ago but considering it worthless and overpriced I deleted it. I never signed up for the subscription and it is not reflected on my subscription page anywhere. I was just charged for it and I have no way of requesting a refund or deleting the subscription, since it does not show up on my page. What can I do?

please Refund ASAP"
as:12888900403;golden;;en_or_unknown;charge_not_recognised;appstore;;;hc-28900802305297 pol-04 pol-18;hc-28900802305297 pol-04 pol-18;"4. Click ""Cancel Subscription"".";yes;They're asking for all subscriptions on their account to be cancelled and for refunds for recent/unauthorized charges. The knowledge base includes step-by-step cancellation instructions and the refund-routing/refund-policy documents an agent would need to process or explain refund eligibility and next steps.;;;Please cancel any type of subscription in my profile and refund any undue purchases made here. The last week was $30! I installed the app just to complain. I don't want anything from you, just for them to stop charging you unduly.
as:12983614867;golden;;es;charge_not_recognised;appstore;;;hc-28900802305297 pol-04;hc-28900802305297 pol-04;Deleting the app does not cancel your subscription, trial or introductory offer.;yes;They demand that billing charges from Nebula stop and want an explanation/refund for unauthorized charges. Yes — the knowledge base includes cancellation steps and notes about where refund requests are handled (App Store vs Google/website).;;;Me están cobrando un dinero y no sé por qué , nunca autorice para que me cobren necesito que dejen de llegar cobros a mi cuenta por parte de ustedes esto es una estafa
as:13083860258;golden;;en_or_unknown;charge_not_recognised;appstore;;;hc-28900802305297 pol-04;hc-28900802305297 pol-04;Deleting the app does not cancel your subscription, trial or introductory offer.;yes;The user wants the recurring charges to stop and a refund for recent deductions. The knowledge base includes explicit cancellation steps and explains where refund requests are handled depending on how the subscription was purchased.;;;"I’m no more using the app why do you still deducting 
 money  from my ATM account? Are you guys fraud? The app is fraud don’t download it, if you’re new. I need my money back. Fraud people 😡"
as:13085337463;dev;;pt;charge_not_recognised;appstore;;;pol-04 pol-18;pol-04 pol-18;If you subscribed or started a free trial via the App Store, refund requests are handled directly by Apple.;yes;They are asking for a refund of €39 charged for a subscription they say they only downloaded to use the free trial. The knowledge base does describe how refunds are handled and where to submit requests (it depends on whether the purchase was via App Store, Google Play or the website), so an agent can act once they know which platform the charge came from.;;;"Boa tarde,

Realizaram a cobrança da mensalidade quando eu não uso a app e apenas a baixei para usufruir do período experimental.
Agradeço que me devolvam os 39€ cobrados. 

[Name]"
as:13116518405;dev;;en_or_unknown;charge_not_recognised;appstore;;;hc-28900802305297 pol-04;hc-28900802305297 pol-04;Deleting the app does not cancel your subscription, trial or introductory offer.;yes;They want the recurring charges to stop immediately (they deleted the app and removed payment months ago but are still being charged) and likely expect a refund. The knowledge base contains platform-specific cancellation steps and guidance about where refunds are handled, so an agent can act using those articles.;;;IVE DELETED AND WITHDREW MY PAYMENT MONTHS AGO AND I AM STILL GETTING CHARGED. CANNOT FIND HOW YOURE GETTING MY MONEY ON ANY PLATFORM- APPLE,EMAIL,SUBSCRIPTIONS… PLEASE STOP
as:13543380207;golden;;de;charge_not_recognised;appstore;;;pol-04 pol-14;pol-04 pol-14;If you subscribed or started a free trial via the App Store, refund requests are handled directly by Apple.;yes;They request a refund/chargeback for an unauthorized €42.99 PayPal charge and want the money returned ASAP. Yes — the knowledge base specifies where refund requests must be sent (depending on how the subscription was bought) and gives refund timing expectations.;;;Mir wurden 42,99 € von meinem Paypal Konto abgezogen, ohne meine Zustimmung. In meinen Abos ist nichts zu finden und ich habe auch nichts erlesen können. Ich habe die App nicht weiter genutzt und inzwischen schon deinstalliert. Den Support habe ich schon geschrieben. Ich bitte schnellstmöglich um Rücküberweisung
as:13585202841;golden;;en_or_unknown;charge_not_recognised;appstore;;;hc-28900802305297 pol-16 pol-04 pol-13 hc-47030956792337 pol-14;hc-28900802305297 pol-16 pol-04 pol-13 hc-47030956792337 pol-14;Deleting the app does not cancel your subscription, trial or introductory offer.;yes;They want the withdrawals to stop, an explanation why charges are being attempted after they deleted their account, and urgent help to fix it (cancel subscription / get refund). The knowledge base does contain the steps and facts an agent would need — cancellation steps by platform, that deleting the app/account doesn’t cancel subscriptions, refund routing/timing, verification-charge info, and account-restore options.;;;I deleted my account about a week ago, this app still wants to withdraw money from my card even though I didn't buy a subscription, how do I understand this? How can I fix this? Contact me urgently!
as:13590053288;dev;;es;charge_not_recognised;appstore;;;hc-28900802305297 pol-04;hc-28900802305297 pol-04;If you subscribed or started a free trial via the App Store, refund requests are handled directly by Apple.;yes;They want the unexpected extra charge stopped and clear instructions to cancel their subscription. The knowledge base includes step-by-step cancellation instructions and a policy explaining where refund requests must be submitted depending on how the subscription was purchased.;;;Hice un pago para un producto en particular, pero hoy comenzaron a hacer un cobro extra que yo no he aceptado o de algún otro producto que yo haya solicitado, por favor díganme cómo darme de baja, porque no he logrado encontrar la forma
as:13603400375;dev;;en_or_unknown;charge_not_recognised;appstore;;;pol-04 hc-28900802305297;pol-04 hc-28900802305297;If you subscribed or started a free trial via the App Store, refund requests are handled directly by Apple.;yes;They want a refund for an unauthorized Apple Pay/App Store subscription charge and to stop the subscription. Yes — the knowledge base explicitly says App Store refund requests are handled by Apple and also provides steps to cancel App Store subscriptions.;;;I have been charged via ApplePay for the initial service and the charged for a subscription that I did not authorise and do not want. Very frustrating. I would like a refund please.
as:13621779234;fewshot;;es;charge_not_recognised;appstore;;;pol-13 pol-04 pol-14;pol-13 pol-04 pol-14;We may verify your payment method with a small temporary charge, which will be refunded to you within ten (10) business days.;yes;They report an unexpected charge to their account despite having no subscription and ask for help/clarification and (implicitly) a refund. The knowledge base includes guidance on small verification charges, where to request refunds depending on how the purchase was made, and refund timing, so an agent can act using those documents.;;;Necesito que me ayuden, la aplicación acaba de hacer un cobro a mi cuenta. Y yo no tengo ninguna suscripción, hice una compra hace unos días, pero suscripción no tengo.
as:13678556076;golden;;en_or_unknown;charge_not_recognised;appstore;;;pol-04 pol-18 hc-28900802305297;pol-04 pol-18 hc-28900802305297;If you subscribed or started a free trial via the App Store, refund requests are handled directly by Apple.;yes;They are asking to get a £49.99 refund after being charged despite deleting their Nebula account. Yes — the knowledge base documents where refund requests must be routed and the refund/withdrawal rules and timelines (App Store vs Google vs website, contact details) so an agent can act.;;;Please I really need my £49.99 back. I have deleted the account I had with Nebula only to see that I was debited today. Please help I need my refund back
as:13689400866;golden;;en_or_unknown;charge_not_recognised;appstore;;;pol-04 hc-28900802305297;pol-04 hc-28900802305297;If you subscribed or started a free trial via the App Store, refund requests are handled directly by Apple.;yes;They want the Nebula subscription cancelled and a refund of £108 and are asking if the charge is a scam. The knowledge base documents include cancellation steps and state that refunds for App Store purchases are handled by Apple (so the agent must follow those routing rules rather than issue the App Store refund directly).;;;I cancelled the subscription right after having subscribed. In the iPhone settings, the cancellation of the Nebula app is not listed anymore but I still got charged (so far 108£)! Is this a scam? Please cancel my subscription and refund my 108£!
as:13721445448;dev;;en_or_unknown;charge_not_recognised;appstore;;;hc-28900802305297 pol-04 pol-14;hc-28900802305297 pol-04 pol-14;Deleting the app does not cancel your subscription, trial or introductory offer.;yes;They want the recurring $49 charges stopped and their money refunded after they deleted the account/app. The knowledge base does include cancellation steps and explains where refunds are handled and how long refunds take, so an agent can act from these documents.;;;I tried this for fun with a friend a couple months ago and after I decided to delete everything and I later come to find out that it has been taking $49 from my bank account multiple times to the point where it blocked my card and I can’t make payments I need to make. I have contacted everyone and customer support and I can’t get my money back and I’m not sure if they’ll keep charging me $49 dollars when I don’t even have an account with them. Total Scam!!!!!!
as:13834914204;golden;;en_or_unknown;charge_not_recognised;appstore;yes;;pol-04 pol-18;pol-04 pol-18;If you subscribed or started a free trial via the App Store, refund requests are handled directly by Apple.;yes;They want the €44.99 refunded for an unrecognized charge. The knowledge base explains where refund requests must be sent (App Store vs Google Play/website) and gives contact details for support, so an agent can act — but they'll need to know where the charge originated and see payment evidence as described in the KB.;;;It charge me without agreement.’i didn’t subscribed at all then it charged me 44,99€ how come? I didn’t register any of my credit card. No subscription on my IPAD neither on website. How can i get my money back. I don’t even have account on the site.
as:13880696236;fewshot;;en_or_unknown;charge_not_recognised;appstore;;;hc-28900802305297 pol-04;hc-28900802305297 pol-04;If you subscribed or started a free trial via the App Store, refund requests are handled directly by Apple.;yes;They want the subscription canceled and likely a refund for the two charges taken from their card. Yes — the knowledge base includes detailed cancellation steps and explains where refund requests are handled depending on how the subscription was purchased.;;;"I somehow downloaded this app without knowing that I would be charged.
I have had two amounts taken from my credit card.
How do I cancel this ?"
as:13896100155;golden;;en_or_unknown;charge_not_recognised;appstore;;;hc-28900802305297 pol-04;hc-28900802305297 pol-04;Deleting the app does not cancel your subscription, trial or introductory offer.;yes;They want the unauthorised charge refunded and the recurring subscription cancelled (they say they already cancelled but are still being charged). Yes — the knowledge base includes the cancellation steps and explains where refunds are handled depending on how the subscription was purchased.;;;We had this issue last month where I got charged and I had canceled your service and I wake up to another charge on my account that I do not approve or appreciate and it don’t show anywhere on the app to where I could just cancel on the app I went under my phone settings to look to see if I was subscribed to your service and I am not so we have an issue there and currently right now working to see if I could get my money back today cause nobody in this lifetime is paying $50 for a horoscope reading especially in this day economy
as:14104692411;dev;;en_or_unknown;charge_not_recognised;appstore;;;hc-28900802305297 pol-04;hc-28900802305297 pol-04;If you subscribed or started a free trial via the App Store, refund requests are handled directly by Apple.;yes;They want the unexpected $43 subscription investigated, any active subscription canceled, and the subscription fee refunded. The knowledge base documents cancellation steps and explains where refunds are handled, but an agent will need to know where the purchase was made (App Store, Google Play, or AskNebula website) and proof of the transaction to act.;;;"Hello, I am not using the Nebula app and I did not subscribe to any membership. I only made a one-time payment for the soulmate drawing service. However, I have now been charged 43 dollars for a subscription. Please investigate this issue.

If I currently have any active subscription, please cancel it.

I have already canceled my subscription, which was an annual plan. Please refund the subscription fee."
as:14136772692;golden;;en_or_unknown;charge_not_recognised;appstore;;;hc-28900802305297 pol-04 pol-13 pol-14 pol-15;hc-28900802305297 pol-04 pol-13 pol-14 pol-15;If you subscribed or started a free trial via the App Store, refund requests are handled directly by Apple.;yes;They want an immediate explanation for multiple card charges, confirmation whether a subscription is active, cancellation of any subscription, and a review/refund if applicable. Yes — the knowledge base contains the cancellation steps and facts about verification charges, refund routing, refund timing, and chargeback policy that an agent would need to act.;;;"Dear Nebula Support,

I am extremely unhappy with the way money has been taken from my account.

I have noticed charges of £1, £14, and £49.99, and I do not recall clearly authorising these payments. Taking multiple amounts without sufficient transparency is unacceptable.

I want an immediate explanation of these charges and confirmation of whether a subscription has been activated on my account.

If these payments were taken as part of a subscription, I request that it be cancelled immediately and that you review the charges for a possible refund.

This experience has been very disappointing and has made me lose trust in your service. I expect a prompt response and resolution. If this matter is not resolved, I will contact my bank and pursue a formal dispute regarding these transactions.

I look forward to your urgent reply.

Kind regards,"
as:14139572007;golden;;es;charge_not_recognised;appstore;;yes;pol-04 pol-15 pol-14 hc-28900802305297;pol-04 pol-15 pol-14 hc-28900802305297;If you subscribed or started a free trial via the App Store, refund requests are handled directly by Apple.;yes;The customer is asking for refunds for multiple (apparently unauthorized or duplicate) charges and wants the charges to stop (cancel the subscription) without having to block their card. The knowledge base does contain the policies and steps an agent would need — where refunds are handled depending on purchase channel, cancellation instructions, chargeback consequences, and refund timing.;;;Engancha y es buena la informacion. Problema: te das de baja de la suscripcion o sin suscribirte haces una compra… y yo llevo meses intentando que me devuelvan cada cargo inventado por ellos  ( hasta 3 seguidos en minutos) y muchos días… para no tener que bloquear mi tarjeta de crédito. Con litigios entre mi banco u la plataforma sigo.
as:14144882371;dev;;en_or_unknown;charge_not_recognised;appstore;;;hc-28900802305297 pol-04;hc-28900802305297 pol-04;If you subscribed or started a free trial via the App Store, refund requests are handled directly by Apple.;yes;They want the recurring charges stopped and a refund for the (daily) charges after they believe they cancelled. The knowledge base includes the cancellation steps and where refund requests must be submitted (App Store vs Google Play vs website), so an agent can act using those articles.;;;"Scam with unknown charges on a daily basis!  Want my money back please!


I thought I had cancelled my Nebula account but I guess I just got it off my screen and now I’m getting charged for it even after I have told them I’m 2 different texts that I have to cancel, but all they did was inactivate it so they are still charging me despite my communications with them!  I don’t know how to delete my Nebula account cause it is not active anymore.  Please help fix this issue please.  😡"
as:14312098923;dev;;arabic;charge_not_recognised;appstore;;;hc-28900802305297 pol-05 pol-04;hc-28900802305297 pol-05 pol-04;Deleting the app does not cancel your subscription, trial or introductory offer.;yes;They want the ongoing charges stopped — i.e. cancel the subscription/auto-refill (and potentially request a refund) because deleting the app did not stop the charges. The knowledge base contains documented cancellation steps, the auto-refill cancellation rule, and refund-routing guidance an agent can follow.;;;"برنامج سيء يقوم بالخصم من حسابي ولم اطلب الاشتراك ،قمت بحذف البرنامج ومازال يخصم ،حاولت إلغاءه بكل الطرق ومازال الخصم مستمر

There is no way to cancel auto refill ,and it’s discontinued from my card"
as:14386529222;dev;;de;charge_not_recognised;appstore;;;pol-04 hc-28900802305297 pol-14;pol-04 hc-28900802305297 pol-14;If you subscribed or started a free trial via the App Store, refund requests are handled directly by Apple.;yes;"They demand an explanation and a full refund for two charges made after they say they cancelled their subscription; an agent needs the KB facts about where subscriptions/refunds are handled and what information to collect to investigate. The knowledge base does document refund routing, cancellation procedures, and refund timing (so an agent can act), but the agent will need the user’s payment/proof details when contacting support.";;;"Hallo,

ich habe zuvor in der Nebula-App einige Testtransaktionen in Höhe von 1 € durchgeführt. Mein Abonnement habe ich jedoch am 10.05.2026 gekündigt. Trotzdem wurden mir am 16.06.2026 42,99 € und am 23.01.2026 erneut 42,99 € von meiner Karte abgebucht.

Nach dem 10.05.2026 habe ich keine Verlängerung meines Abonnements vorgenommen, kein neues Abonnement abgeschlossen und keine dieser Zahlungen autorisiert.

Ich akzeptiere diese Abbuchungen in Höhe von insgesamt 85,98 € für ein gekündigtes Abonnement nicht. Ich fordere eine Erklärung für diese Belastungen sowie die vollständige Rückerstattung des gesamten Betrags.

Andernfalls werde ich den Vorgang meiner Bank melden, mich an die Verbraucherschutzbehörden wenden und gegebenenfalls rechtliche Schritte einleiten.

Alle Nachweise bezüglich der Kündigung meines Abonnements sowie der getätigten Zahlungen liegen mir vor.

Ich erwarte eine schnelle Lösung und Rückerstattung."
as:14492078493;dev;;en_or_unknown;charge_not_recognised;appstore;;;hc-28900802305297 pol-04 pol-14 pol-15;hc-28900802305297 pol-04 pol-14 pol-15;If you subscribed or started a free trial via the App Store, refund requests are handled directly by Apple.;yes;They request cancellation of any future recurring payments, a full refund for the unauthorized charges, and written confirmation that no further charges will occur. Yes — the knowledge base contains the cancellation steps, which party handles refunds depending on purchase source, refund timing, and guidance about chargebacks, so an agent can act using those articles.;;;"Hello,

I would like to formally request a refund for the charges made to my bank account.

I was charged without clearly realizing or authorizing these payments, and the amount charged was much higher than I expected. I was shocked when I discovered the transactions.

I have already deleted my account and stopped using your service. However, I am very concerned that my bank account may continue to be charged.

Please investigate this matter immediately, cancel any future recurring payments or subscriptions associated with my account/card, and process a full refund for the unauthorized charges.

Please also provide written confirmation that there will be no further charges from your company.

If this issue cannot be resolved, I will proceed with disputing the transactions with my bank.

Thank you, and I look forward to your prompt response."
as:14540259840;golden;;en_or_unknown;charge_not_recognised;appstore;;;hc-28900802305297 pol-04;hc-28900802305297 pol-04;When contacting support, please provide the following to help us locate your account:;yes;The user is asking for immediate cancellation of any active subscription tied to the 1,472.65 TRY charge and a full refund for that unauthorized payment. The knowledge base does include cancellation steps and guidance on how refunds are routed depending on where the purchase was made, so an agent can follow those articles (but will still need the user's transaction/payment details to process the request).;;;"Hello Nebula Support,

I am contacting you regarding a charge of 1,472.65 TRY made on my card on September 12, 2026, with the merchant description SNL_APPNEBULA.CO.

I did not authorize or intend to make this payment. I would like to request a full refund of 1,472.65 TRY and the immediate cancellation of any active subscription associated with this payment.

Please confirm that the subscription has been cancelled and that the refund has been processed.

Thank you for your assistance.

Kind regards,
[Name]"
as:6378817857;golden;;en_or_unknown;charge_not_recognised;appstore;;;pol-04 pol-18 pol-14;pol-04 pol-18 pol-14;If you subscribed or started a free trial via the App Store, refund requests are handled directly by Apple.;yes;They demand a refund for an automatic renewal charge and want the money returned immediately. The knowledge base does include how refunds are routed and the refund/withdrawal rules, but an agent will need to know where the subscription was purchased (App Store, Google Play, or direct web) to follow the correct refund process.;;;I tried reporting a refund for this purchase because it was unintentionally done and renewed AUTOMATICALLY BY YOUR SYSTEM WITHOUT PRIOR NOTICE! AND NOW WHEN I REPORT THE PROBLEM AND FILE FOR A REFUND IT IS SAYING SOMETHING THAT I CANNOT HAVE A REFUND REQUEST! DO YOU EVEN KNOW WHAT THAT MONEY YOU GUYS DRAFTED IS FOR? THATS FOR MY MEDICINE! DO YOU EVEN GET THAT! YA'LL ARE ROBBING ME OFF HANDED! GIVE MY MONEY BACKKKKKKKK!
as:6849131909;golden;;pt;charge_not_recognised;appstore;;;pol-04 pol-14 hc-28900802305297;pol-04 pol-14 hc-28900802305297;If you subscribed or started a free trial via the App Store, refund requests are handled directly by Apple.;yes;They say they started a 3-day free trial, cancelled immediately but were still charged and demand a refund. The knowledge base does contain the guidance an agent needs — where to request refunds depending on where the subscription was purchased, cancellation steps, and the refund timing.;;;Quando comprei havia teste gratuito por 3 dias, testei e cancelei imediatamente, pois não gostei, era apenas horóscopo diário, o que consigo na internet de graça, daí cancelei no mesmo instante, não devo ter ficado nem meia hora com o app instalado, mesmo assim a cobrança no meu cartão não foi cancelada, exijo devolução!
as:6986898518;golden;;es;charge_not_recognised;appstore;;;pol-04 hc-28900802305297 pol-14;pol-04 hc-28900802305297 pol-14;If you subscribed or started a free trial via the App Store, refund requests are handled directly by Apple.;yes;They are asking for a refund of an annual subscription they say was charged without their consent and for the subscription to be cancelled to stop further charges. Yes — the knowledge base includes instructions on where refund requests must be directed (depending on how the subscription was purchased) and how to cancel a subscription.;;;Solicito por este medio la devolución del dinero, ya que nunca di el ok para la compra. La descargue y al otro día fui a desactivar la suscripcion y ya habían cobrado el año... por favor 50 usd es mucho dinero... no uso nada de la app.
as:7348594960;dev;;pt;charge_not_recognised;appstore;;;hc-28900802305297 pol-04 pol-14;hc-28900802305297 pol-04 pol-14;If we confirm that a refund has been issued, please allow at least 15 business days for the refund to reflect in your account.;yes;They want the unauthorized purchase canceled and their money returned (a refund), and they threaten legal action. Yes — the help center includes the cancellation steps and explains where refunds are handled and how long they take, so an agent can act from these documents.;;;"Como faço para cancelar a compra?????? Eu não pedi, e comprou!!!!!!!

Olha, eu fui roubada! Está dizendo que eu fui reembolsada e não tem esse dinheiro!!! Irei entrar com um processo se vcs não forem honestos suficientes em devolver o dinheiro!!!!!!"
as:7523613392;golden;;en_or_unknown;charge_not_recognised;appstore;;;pol-04 hc-28900802305297;pol-04 hc-28900802305297;If you subscribed or started a free trial through the Google Play Store or directly via our website, please contact the Support center.;yes;They want the repeated $9.99 PayPal charges stopped and an explanation/refund for charges they say they did not authorize. The knowledge base contains guidance on where refunds are handled (by platform or support) and how to cancel a subscription and what details to provide, so an agent can act using those documents.;;;I didn’t agree to pay for $9.99. If keep charging me for serval time. And I didn’t make any subscription and not even use the app. No way can be found why should be charged? Can you find someone to explain why it keep on charging on my PayPal?
gp:002a0d74-13d;dev;;es;charge_not_recognised;googleplay;;;hc-28900802305297 pol-04;hc-28900802305297 pol-04;If you subscribed or started a free trial via the App Store, refund requests are handled directly by Apple.;yes;They want the accidental subscription cancelled and a refund issued. Yes — the knowledge base contains the cancellation steps and explains where refund requests must be sent depending on how the subscription was purchased.;;;por error mi hijo le dio click en suscripción, yo no quiero esta suscripción, solicito su cancelacion y la devolución del dinero.
gp:00ba66b2-f3e;dev;;it;charge_not_recognised;googleplay;;;pol-04 hc-28900802305297;pol-04 hc-28900802305297;If you subscribed or started a free trial via the App Store, refund requests are handled directly by Apple.;yes;The user reports an unexpected €49 charge and is asking for a refund and how to stop the subscription. The knowledge base describes where refund requests are handled (depending on how the subscription was purchased) and also provides steps to cancel a subscription, so an agent can act using those articles.;;;MI SONO RITROVATA CON 49 EURO IN MENO SUL CONTO ... SENZA SAPERE PERCHE. NON È SPECIFICATO CHE SI ATTIVA L'ABBONAMENTO ORA CHIEDO IL RIMBORSO. COME FACCIO?
gp:01252485-946;golden;;es;charge_not_recognised;googleplay;;;pol-04 hc-28900802305297 hc-28898312929809 hc-28901320551953;pol-04 hc-28900802305297 hc-28898312929809 hc-28901320551953;If you subscribed or started a free trial via the App Store, refund requests are handled directly by Apple.;yes;They demand an urgent refund for an unexpected 160‑soles charge and an explanation about lost minutes / English-only content. The knowledge base contains where refunds are handled and what info support needs, plus articles on per-minute charging and language settings, so an agent can act.;;;pésima experiencia, de pronto no te llega lo q pediste, todo en inglés. inclusive los minutos se pierden pq tienen q traducir. me siento mas que estafada. propaganda engañosa. Ahora 5 dias después de la instalación me han hecho un cobro de 160 soles y no se el motivo. ademas que no he vuelto a usar el app. urgente exijo la devolución Al final me.hicieron la devolución y fueron atentos. sin embargo, igual creo que no me gustó la experiencia
gp:01dc88ae-97f;golden;;pt;charge_not_recognised;googleplay;;;hc-28900802305297 pol-04;hc-28900802305297 pol-04;Deleting the app does not cancel your subscription, trial or introductory offer.;yes;They are demanding that their subscription be cancelled and that the unexpected R$211 charge attempt be stopped/investigated (and implicitly seeking a refund). The knowledge base includes instructions for cancelling subscriptions and explains where refund requests must be routed, so an agent can act using those articles.;;;Fui vítima de tentativa de golpe, tentaram passar R$211 em meu cartão, depois de uma compra de R$5, foi dias após a transação, sem aviso prévio e sem motivo. Detalhe: já deletei minha conta, criei na brincadeira com os amigos pra conseguir um desenho. Vou abrir um Boletim de Ocorrência contra vocês caso não cancelem minha inscrição. palhaçada. GOLPE
gp:02342638-40b;golden;;en_or_unknown;charge_not_recognised;googleplay;;;hc-28900802305297 pol-04 pol-14;hc-28900802305297 pol-04 pol-14;If you subscribed or started a free trial via the App Store, refund requests are handled directly by Apple.;yes;They want all erroneous charges refunded and all future charges stopped (subscription cancelled). The knowledge base includes platform-specific cancellation steps and explains where refund requests are handled and how long refunds take, so an agent can act using those articles but will need the purchaser's payment evidence and purchase source as described there.;;;Good evening. I had already requested immediate cancellation and confirmed billing had stopped two months ago. I also cancelled through the app and received a refund on 03/05/2026, although a higher amount was charged the same day. In May 2026, I was charged again on 06/05/2026: R$236.64, R$264.39, R$158.63 and R$74.30, under the alias “CREDIT REFUND,” which appears as a refund but was a charge. Please refund all amounts and stop further charges.
gp:09b12814-afb;dev;;en_or_unknown;charge_not_recognised;googleplay;;;pol-04 hc-28900802305297 pol-14;pol-04 hc-28900802305297 pol-14;If you subscribed or started a free trial via the App Store, refund requests are handled directly by Apple.;yes;They are asking for a refund for repeated weekly charges after they cancelled a 3‑day trial subscription. Yes — the knowledge base contains guidance an agent would need: where refunds are routed (Apple/Google/website), cancellation steps, what evidence to collect, and refund timing.;;;I used the 3 day free subscription was charged on first day, canceled subscription and have been charged every week since since I canceled on June 14th and yes this is was 28 weeks but I have just gone through bank statements and seen, would really appreciate my money back as its near $500 you have taken from me, they use all different names weekly and is only thing I've signed up for...
gp:0bffd769-090;dev;;fr;charge_not_recognised;googleplay;;;pol-04 hc-28900802305297;pol-04 hc-28900802305297;If you subscribed or started a free trial via the App Store, refund requests are handled directly by Apple.;yes;They're demanding a refund for a subscription they say they didn't authorize and want it cancelled. The knowledge base does provide where refunds are handled (depends on purchase channel) and step-by-step cancellation instructions for each platform, so an agent can follow those articles to act.;;;BELLE ARNAQUE! J'AI PAYÉ UN ABONNEMENT ALORS QUE JE N'AI RIEN DEMANDÉ ! JE SOUHAITE ÊTRE REMBOURSÉE, AUCUN POSSIBILITÉ SUR L'APPLI🤬🤬🤬🤬
gp:109b14b7-7b4;golden;;es;charge_not_recognised;googleplay;;;pol-04 hc-28900802305297;pol-04 hc-28900802305297;If you subscribed or started a free trial via the App Store, refund requests are handled directly by Apple.;yes;They demand immediate refunds for multiple unexpected charges and want their subscription cancelled so it stops future billing. The knowledge base includes instructions for cancelling subscriptions and explains where refund requests must be routed (App Store, Google Play, or website), so an agent can act using those documents.;;;"Son unos malditos cretinos, se supone que era poco lo que iban a cobrar, terminaron en vaciarme mi tarjeta!!! Tenía aprox 1500 y cuando ví los movimientos de mi cuenta ví que tenía tres ""transacciones"" uno de 90 otro de 100 y algo y otro de 850!!! No mamen malditos estafadores, quiero mi dinero de vuelta!!! Y eliminen mi suscripción no quiero que me sigan robando😭😭😭 ustedes solo estafan, se aprovechan cobrando de más... No cobran lo que acuerdan... Exijo mi dinero de regreso...😡😡😡"
gp:1355287e-138;dev;;en_or_unknown;charge_not_recognised;googleplay;;;hc-28900802305297 pol-04 pol-18;hc-28900802305297 pol-04 pol-18;1. Log in to your account on AskNebula.com.;yes;They want the multiple charges refunded, the subscription canceled, and a phone number to call. The knowledge base includes cancellation steps and refund routing/timeframe guidance, but it does not provide a phone number to call.;;;I have been charged multiple times don't know what for and need this money refunded and this canceled please give me a phone number immediately to call. I need a refund or I'm calling the bank for fraud!
gp:1399d736-149;golden;;pt;charge_not_recognised;googleplay;;;pol-04 pol-18;pol-04 pol-18;If you subscribed or started a free trial via the App Store, refund requests are handled directly by Apple.;yes;They claim an unauthorized charge of 209.00 and request a refund. The knowledge base includes where refund requests must be sent (App Store vs Google Play/website) and how to contact Support, so an agent can act on this.;;;fui vitima de golpe por vcs , me cobraram 209,00 sem minha autorização , eu não usei o serviço pago do aplicativo nem fiz assinatura. quero meu reembolso.
gp:1504d565-5fe;dev;;en_or_unknown;charge_not_recognised;googleplay;;;pol-04 pol-18 pol-14;pol-04 pol-18 pol-14;If you subscribed or started a free trial via the App Store, refund requests are handled directly by Apple.;yes;They are asking for a $42.99 refund and an explanation for an automatic charge. The knowledge base does include where refund requests must be routed (App Store, Google Play, or our Support for website purchases) and the refund policy/timing, so an agent can act once they know how the purchase was made and have the transaction details.;;;Please ,I need my $42.99 back Why did you automatically deduct such amount from my card without my notice ? Please ,kindly refund it back as soon as possible . Thanks
gp:1599e363-99b;golden;;en_or_unknown;charge_not_recognised;googleplay;;;hc-28900802305297 pol-04;hc-28900802305297 pol-04;When contacting support, please provide the following to help us locate your account:;yes;They want their unexpected charge refunded and their subscription cancelled after deleting the app. Yes — the knowledge base includes cancellation steps and explains where refund requests must be routed, so an agent can act if the user provides payment details/screenshots.;;;I was charged without my knowledge or notification. On the 22.06 was corresponding with tech support telling me I am not interested. Cancelled my account and deleted the app. Just now went on my account looking for a different charge and saw that on the 27th they took full charge from my account. No emai, notification nothing! App is confusing. Not user friendly at all. I want my money back!!!
gp:16ec6a51-11f;dev;;en_or_unknown;charge_not_recognised;googleplay;;;pol-04 pol-14;pol-04 pol-14;If you subscribed or started a free trial via the App Store, refund requests are handled directly by Apple.;yes;They are asking for a refund for a charge that occurred after they deleted the app and to stop any further charges (they also imply the subscription wasn’t active on their phone). Yes — the knowledge base records where refund requests must be sent and that deleting the app does not cancel subscriptions (pol-04) and it also documents refund timing (pol-14).;;;I downloaded the app and deleted it within one hour. I never purchased any subscription, but my account was still charged. I don’t have any subscription on my phone, and I had already uninstalled the app a week ago. Please help me with a refund.🤮
gp:18b09e98-d5f;dev;;es;charge_not_recognised;googleplay;;;hc-28900802305297 pol-04;hc-28900802305297 pol-04;If you subscribed or started a free trial via the App Store, refund requests are handled directly by Apple.;yes;They demand a refund for a repeated/incorrect credit‑card charge and want the recurring charge stopped permanently. The knowledge base includes both the cancellation steps and which provider handles refunds (so an agent can act if they know where the subscription was purchased).;;;Exijo a devolução do pagamento indevido no meu cartão de crédito. Foi devolvido e estão cobrando novamente. Vai ser preciso contatar toda semana pra cancelarem de vez???
gp:18d1c785-e94;dev;;es;charge_not_recognised;googleplay;;;hc-28900802305297 pol-04;hc-28900802305297 pol-04;If you subscribed or started a free trial via the App Store, refund requests are handled directly by Apple.;yes;They ask to stop future charges (cancel their subscription) and to get a recent charge refunded. The knowledge base includes explicit cancellation steps and instructions about how refunds are handled depending on where the subscription was bought.;;;Ya no estoy ocupando la aplicación, por favor ya no me cobren más, me cobraron hace poco el dinero, necesito que me la devuelvan, gracias 😊
gp:1b01fcb9-f22;golden;;es;charge_not_recognised;googleplay;;;pol-04 pol-18;pol-04 pol-18;If you subscribed or started a free trial via the App Store, refund requests are handled directly by Apple.;yes;They want their money returned for a subscription charge they say they did not authorize (refund and related cancellation). The knowledge base does describe where to request refunds depending on how the subscription was purchased and the company’s refund/withdrawal procedure, so an agent can act using those documents.;;;Muy mala aplicación ,me alegra que diga todo lo que dice y demás ,pero te cobran una suscripción aún si tú no la haces solo espero que me devuelvan mi dinero se me hace muy poca mad## que solo por tener una tarjeta vinculada con la cuánta te descuenten de hay 😑😑
gp:1b4b7c70-fcb;dev;;es;charge_not_recognised;googleplay;;;hc-28900802305297 pol-04;hc-28900802305297 pol-04;If you subscribed or started a free trial via the App Store, refund requests are handled directly by Apple.;yes;They report cancelling a subscription more than 5 days ago but were charged $41,000 today and want the charge reversed and the cancellation confirmed. The knowledge base includes both cancellation steps and explains where refund requests must be routed (App Store, Google Play, or website), so an agent can act but will need to know where the subscription was purchased and to see payment proof.;;;Cancelé la suscripción hace más de 5 días y HOY me quisieron cobrar $41.000. Exijo respuestas porque su sistema es espantosamente confuso. Definitivamente necesito que me solucionen este problema.
gp:1cf837ac-86a;fewshot;;de;charge_not_recognised;googleplay;;;hc-28900802305297 pol-04;hc-28900802305297 pol-04;If you subscribed or started a free trial via the App Store, refund requests are handled directly by Apple.;yes;They want their charges reversed (a refund) and for future charges to stop after they say they cancelled. The knowledge base includes where to cancel subscriptions and explains how refund requests are routed depending on where the subscription was purchased.;;;Mir wurde andauernd Geld abgebucht. Hab jedoch nur das kostenlose Abo bestellt. Und sofort gekündigt als ich gemerkt habe das das blödsinn ist. Ich möchte mein Gelb zurück! Und sollte mir noch einmal ein Betrag abgebucht werden. Wird das rechtliche Konsequenzen haben!
gp:1e16d7a2-ff7;golden;;en_or_unknown;charge_not_recognised;googleplay;;;hc-28900802305297 pol-04 pol-14;hc-28900802305297 pol-04 pol-14;If you subscribed or started a free trial via the App Store, refund requests are handled directly by Apple.;yes;They want the recurring charges stopped and a refund for charges taken after they say they cancelled their free trial. Yes — the knowledge base documents cancellation steps and where/how refund requests are handled (App Store, Google Play, or via support) and the refund timing.;;;It is also taking money off my card over and over and all I did was sign up for the free trial and canceled but it's still taking my money and I can't figure how to stop it. I'm homeless right now and need to hold on to any money I can this app sucks and I want my money refunded.
gp:1e4273ec-cfc;golden;;de;charge_not_recognised;googleplay;;;hc-28900802305297 pol-04 pol-14;hc-28900802305297 pol-04 pol-14;If we confirm that a refund has been issued, please allow at least 15 business days for the refund to reflect in your account.;yes;They request an immediate refund for two months' charges and want to cancel their subscription, threatening legal action. The knowledge base contains cancellation instructions and rules about where refunds are handled and how long they take, but it does not support an immediate same-week refund promise.;;;ich möchte mein Geld wieder zurück für die zwei Monate sofort auf meinem Konto in den nächsten Tagen und kündigen es ist alles auf Englisch und nicht auf deutsch. sonst läuft eine Anzeige wegen Betrug
gp:218b5c1d-419;golden;;en_or_unknown;charge_not_recognised;googleplay;;;pol-04 hc-28900802305297;pol-04 hc-28900802305297;Deleting the app does not cancel your subscription, trial or introductory offer.;yes;They want their unexpected charge refunded and confirmation that no further payments will be taken (cancel the subscription). Yes — the knowledge base explains where refunds are handled and provides cancellation steps depending on how the subscription was purchased.;;;I haven't subscribed for any long term plans...but today I got a deduction from my account. I even deleted my account,but still the payment was deducted. I need my money back and the confirmation that no money will be deducted in future as well.
gp:23be2575-bb5;golden;;en_or_unknown;charge_not_recognised;googleplay;;;pol-04 pol-18 hc-28900802305297;pol-04 pol-18 hc-28900802305297;If you subscribed or started a free trial via the App Store, refund requests are handled directly by Apple.;yes;They’re asking for an immediate refund for unauthorized in‑app/bank deductions. The knowledge base does describe how refunds are handled (who to contact depends on where the purchase was made) and gives the refund policy and contact instructions, so an agent can act if the customer provides purchase details and proof.;;;I'm really disappointed with the manner in which deductions have been made in my bank account without any prior authorisation to in-app purchasing. Please, I need a refund ASAP.
gp:23e2202a-086;dev;;pt;charge_not_recognised;googleplay;;;hc-28900802305297 pol-04 pol-14;hc-28900802305297 pol-04 pol-14;If you subscribed or started a free trial via the App Store, refund requests are handled directly by Apple.;yes;They want the automatic app charges stopped (subscription cancelled) and a refund for amounts charged without their consent. The knowledge base includes step-by-step cancellation instructions and rules about where refund requests must be routed, so an agent can act using those documents.;;;Aplicativo cobra indevidamente e de forma automática. Não é claro sobre cancelamentos. exijo a devolução dos valores cobrados sem minha anuência.
gp:2560955a-7e5;dev;;en_or_unknown;charge_not_recognised;googleplay;;;hc-28900802305297 pol-04 pol-14;hc-28900802305297 pol-04 pol-14;Deleting the app does not cancel your subscription, trial or introductory offer.;yes;"They want the charges stopped and presumably a refund for the $45 charged after they canceled; an agent will need the cancellation steps and the refund/chargeback routing and timing to act. Those procedures and refund routing/timing are documented in the knowledge base.";;;I was just charged $45 after I canceled and was told that my card would not be charged. It's like they decided to charge it at random. Again, please stop charging my card! I don't even have an account anymore.
gp:283442fd-8c8;golden;;pt;charge_not_recognised;googleplay;;;pol-04 pol-18 pol-14;pol-04 pol-18 pol-14;If you subscribed or started a free trial via the App Store, refund requests are handled directly by Apple.;yes;They are asking for their money back for charges taken after they stopped using the service (they say the subscription was cancelled but no refund was issued). The knowledge base does contain guidance an agent would need: where refunds are handled depending on purchase channel, refund eligibility/rights, and processing timelines.;;;Péssimo, não uso há meses e estão me cobrando! Aí mandaram email falando que cancelaram a assinatura mas não devolveram o dinheiro, tô me sentindo roubada! quero meu dinheiro de volta!
gp:2fc48efe-7f1;golden;;en_or_unknown;charge_not_recognised;googleplay;;;pol-04 pol-18 pol-14;pol-04 pol-18 pol-14;If you subscribed or started a free trial via the App Store, refund requests are handled directly by Apple.;yes;They’re demanding an immediate refund for an unexpected $45 charge and want the money returned. The knowledge base does describe how refunds are handled (where to submit depending on purchase channel), eligibility/withdrawal rules, and expected processing time — so an agent can act using those articles.;;;I didn't even subscribe to these ppl and I got charged $45!!!! how can you do that to ppl!?!? I want my money back ASAP!!!!
gp:36f9b6f6-936;golden;;es;charge_not_recognised;googleplay;;;pol-04 pol-18 pol-14 pol-15;pol-04 pol-18 pol-14 pol-15;If you subscribed or started a free trial via the App Store, refund requests are handled directly by Apple.;yes;The user reports an unauthorized charge and is asking for that amount to be refunded. The knowledge base contains guidance on where refund requests must be sent (depending on purchase channel), the refund policy/eligibility, processing times, and a warning to contact support before initiating a chargeback—so an agent can follow those documents to respond.;;;me cobraron 58000 pesos y no tengo activa ninguna suscripción. solo me baje la app para ver que era y me.cobraron a la.tarjeta que tengo registrada para mis comprar en general. ya escribí al soporte espero me devuelvan lo que cobrar sin autorización de nadie
gp:38c8ea2c-61e;golden;;es;charge_not_recognised;googleplay;;;hc-28900802305297 pol-04;hc-28900802305297 pol-04;"Tap on ""Cancel subscription"" and follow the on-screen instructions to complete the cancelation process.";yes;They want their subscription canceled immediately and a refund for an overcharge. Yes — the knowledge base includes step-by-step cancellation instructions and explains how refunds are routed depending on where the subscription was purchased.;;;Una estafa !!!! Quiero desuscribirme porque le cobraron de más . Encima me dijeron que iban a avisar para no seguir cobrando y ahora me piden pagar USD 19 . Quiero mi dinero de retorno. Y quiero desuscribirme ya !! Y no se entiende ... Porque me explicaron que se podía hacer por la cuenta de Google y cuando entro no existen suscripciones y cuando voy a mi tarjeta si hay un débito ... Quiero mi dinero ya !! estafadores!!!
gp:3a23f5a2-241;golden;;en_or_unknown;charge_not_recognised;googleplay;;;pol-04 pol-18 hc-28900802305297;pol-04 pol-18 hc-28900802305297;If you subscribed or started a free trial via the App Store, refund requests are handled directly by Apple.;yes;They want an explanation for an unexpected charge, why they only received a partial (50%) refund, and for their card details to be removed / charges stopped. The knowledge base explains where refunds and cancellations are handled and the refund policy, but it does not include any instructions for deleting stored card/payment details.;;;why was i charged??? I never signed up for a subscription, no history of it on my account and only get 50% refund?? what a joke. SCAM cant even delete card details!!!
gp:3ccf49fc-001;dev;;fr;charge_not_recognised;googleplay;;;pol-04 hc-28900802305297 pol-05 pol-14;pol-04 hc-28900802305297 pol-05 pol-14;If you subscribed or started a free trial via the App Store, refund requests are handled directly by Apple.;yes;They want a refund for being charged twice and for subscription charges, plus an explanation of why charges occurred and how to cancel. The knowledge base does contain the cancellation steps, where refund requests must be routed depending on purchase source, the per-minute/auto-refill charging rules, and the refund timing.;;;Le temps a louée avec les médium n'est pas bcp à peine tu commence on te demande déjà l'argent j'ai été débité à deux reprises pareil pour l'abonnement je suis pas contente tu payes pour un montant et tu n'arrive pas à avoir des réponses claires et précises je souhaite être remboursé
gp:41739d3b-52b;dev;;es;charge_not_recognised;googleplay;;;pol-04 hc-28900802305297 pol-14 pol-18;pol-04 hc-28900802305297 pol-14 pol-18;When contacting support, please provide the following to help us locate your account:;yes;The customer reports a double charge via PayPal after cancelling a 3-day trial and asks for the duplicate charge to be reversed and their ~€20 refunded. The knowledge base includes where refunds are handled (depending on purchase method), how to contact Support and what evidence to provide, and expected refund processing times — so an agent can act using these documents.;;;Fatal, me doy de baja de la prueba de 3 días porque no lo iba a usar tanto y solo quería ver qué me ofrecía y tengo que estar peleándome con estos y con PayPal porque me han cobrado dos veces como si estuviese suscrita, nunca me había pasado con ninguna app y me parece fatal, a la espera de que solucionen la incidencia y me devuelvan mis casi 20 euros.
gp:417b98ee-825;dev;;en_or_unknown;charge_not_recognised;googleplay;;;pol-04 hc-28900802305297;pol-04 hc-28900802305297;Deleting the app does not cancel your subscription, trial or introductory offer.;yes;They want the recurring charges stopped and a refund after deleting their account and uninstalling the app. Yes — the knowledge base documents explain that deleting the app does not cancel subscriptions and describe where to request refunds and how to cancel subscriptions.;;;Very bad experience...I've deleted my account and uninstalled the app from the phone, even then money is getting deducted for subscription... I need to get my money back... pls help
gp:4529bfa9-5d5;dev;;es;charge_not_recognised;googleplay;;;pol-04 pol-18 hc-28900802305297;pol-04 pol-18 hc-28900802305297;Deleting the app does not cancel your subscription, trial or introductory offer.;yes;They are asking for an explanation and a refund for an unexpected $19 PayPal charge and to cancel any subscription. The knowledge base includes guidance on where refunds are handled (depending on how the subscription was bought), the refund policy and contact method, and cancellation steps — so agent-facing answers exist in the base.;;;Me han cobrado $19 desde mi cuenta de lo Paypal y yo no recuerdo haber colocado información de pago al instalarme la app y menos mi cuenta de PayPal. Además nunca puse para pagar la suscripción mensual. Por qué me han cobrado si ni uso la app??? Quiero un reembolso!!!
gp:48493c4d-eea;dev;;en_or_unknown;charge_not_recognised;googleplay;;;pol-04 hc-28900802305297 pol-14 pol-15;pol-04 hc-28900802305297 pol-14 pol-15;If you subscribed or started a free trial via the App Store, refund requests are handled directly by Apple.;yes;They are asking for refunds (and receipts) for two unauthorized charges on specific dates and amounts. The knowledge base contains instructions on where refund requests must be sent (depending on purchase source), what evidence/support to collect when contacting support, and the refund timeframes, so an agent can act using those documents.;;;you made 2 unauthorised charges from me , you not even providing me with receipts for those 2 unauthorised charges. this is scamming, I want my money back, please, from both unauthorised charges by you 17th August 2025 amount €29.25. 16th September 2025 amount €39 how can you scamming people like this?
gp:4b331a82-8dc;golden;;es;charge_not_recognised;googleplay;;;hc-28900802305297 pol-04 pol-18 pol-14;hc-28900802305297 pol-04 pol-18 pol-14;When contacting support, please provide the following to help us locate your account:;yes;They want the charges refunded (they report $15 then $45 charged) and a way to contact support (they ask for a phone number) and confirmation that the subscription is cancelled. The knowledge base includes cancellation steps, refund routing rules and how to contact support (including the support email), but it does not provide a phone number—refund handling differs by purchase platform (App Store vs Google vs web).;;;Al inicio instalé la app por entretenimiento y solo pagué la suscripción más pequeña y coloqué la opción de ya no pagar las mensualidades. Hace un mes me topo con la sorpresa que se han cobrado 15 dólares y hice lo posible para cancelar la suscripción y que ya no se esté pagando solo. El día de hoy ingresé a mi cuenta del banco y veo que se han llevado 45 dólares. Quisiera que me ayuden con algún número para contactarme y que me devuelvan mi dinero
gp:5411353f-bca;golden;;en_or_unknown;charge_not_recognised;googleplay;;;hc-28900802305297 pol-04 pol-18 pol-14;hc-28900802305297 pol-04 pol-18 pol-14;Log in to your account on AskNebula.com.;yes;They want the unauthorized charge reversed and their subscription canceled (and to know how to contact support for a refund). Yes — the knowledge base includes cancellation steps and explains where/how refund requests are handled and how to contact support.;;;I never authorized being charged, and I can not figure out how to cancel my subscription how do I contact someone for a refund?
gp:557399b2-cd0;golden;;en_or_unknown;charge_not_recognised;googleplay;;;pol-04 pol-18 pol-14;pol-04 pol-18 pol-14;If you subscribed or started a free trial via the App Store, refund requests are handled directly by Apple.;yes;They are asking for a refund for an unauthorized charge they did not approve. The knowledge base documents include where to route refund requests (App Store / Google Play / website), how to exercise withdrawal rights and contact support, and expected timing, so an agent can act using those articles.;;;I want a refund I did not approve this charge. I am a single mother to 3 children and live off a fixed income. Every dollar I have has already been accounted for. I can't afford an unexpected charge especially since I don't even have the app or know what it is.
gp:588c4a69-185;dev;;en_or_unknown;charge_not_recognised;googleplay;;;pol-04 pol-18 hc-28900802305297;pol-04 pol-18 hc-28900802305297;If you subscribed or started a free trial via the App Store, refund requests are handled directly by Apple.;yes;They want the charges stopped and a refund for money taken despite not subscribing. Yes — the knowledge base documents explain how refunds are handled (who to contact depending on where the purchase happened) and how to cancel subscriptions, so an agent can follow those procedures, though they may still need the user's payment/transaction details.;;;I downloaded this app and didn't even subscribe. I tried to cancel but it still keeps deducting money from my account. I would like my money back please. I am unemployed 😭
gp:58d181f1-d91;golden;;en_or_unknown;charge_not_recognised;googleplay;;;hc-28900802305297 pol-04;hc-28900802305297 pol-04;Deleting the app does not cancel your subscription, trial or introductory offer.;yes;They’re asking for an explanation of an unexpected INR 3669 deduction and for that billing to be stopped (cancel the subscription and possibly get a refund). The knowledge base does contain the necessary facts and actions — platform-specific cancellation steps and refund routing/policy — so an agent can act using those documents.;;;Hi I have not subscribed for this app. I had uninstalled this app, yet today INR 3669 was deducted from my account. Can someone please explain why this was deducted and how can I stop the same? Thanks [Name]
gp:58d31a80-c2c;golden;;pt;charge_not_recognised;googleplay;;;pol-04 pol-18;pol-04 pol-18;If you subscribed or started a free trial via the App Store, refund requests are handled directly by Apple.;yes;They want the $218 charged to their card without authorization refunded and help contacting support (they mention everything is English). Yes — the knowledge base includes where refund requests must be sent depending on how the purchase was made and the company’s withdrawal/refund contact procedure, so an agent can act on this.;;;esse aplicativo descontou 218 do meu cartão.sem a minha autorização e tentei entrar em contato tudo inglês quero meu dinheiro de volta
gp:5ad4f47a-8c6;golden;;thai;charge_not_recognised;googleplay;;;pol-15 hc-28900802305297 pol-04;pol-15 hc-28900802305297 pol-04;Auto-refill automatically tops up the Balance whenever Units run out, until cancelled.;no;They report an unexpected automatic charge despite not subscribing and want to know why their card was charged and to stop/reverse it (cancel and refund). The knowledge base does document automatic top-ups/auto-refill, cancellation steps, and refund routing depending on where the purchase was made.;;;ยังไม่ทราบว่าทำไมถึงมีการตัดเงินไปแบบอัตโนมัติ แบบไม่แจ้งล่วงหน้าทั้งที่ยังไม่สมัครใช้บริการอะไร เสียเวลาไปทำบัตรเดบิตใหม่อีกแล้ว
gp:5d20306c-354;golden;;tr;charge_not_recognised;googleplay;;;pol-04 pol-18 pol-14 pol-15;pol-04 pol-18 pol-14 pol-15;If you subscribed or started a free trial via the App Store, refund requests are handled directly by Apple.;yes;They are asking for a $30 refund for an unauthorized charge. The knowledge base does describe where refunds are handled (App Store vs Google Play vs website), how to contact support to request a refund, and the expected processing times, so an agent can follow those instructions.;;;Bilgim ve onayım olmadan benden 30 dolar çekilmiş bunun iade edilmesini istiyorum. Nasıl böyle dolandırıcılık bu paramı iade edin.
gp:5fa2d6fd-a34;dev;;en_or_unknown;charge_not_recognised;googleplay;;;pol-04 pol-18 pol-14;pol-04 pol-18 pol-14;If you subscribed or started a free trial via the App Store, refund requests are handled directly by Apple.;yes;They are asking for an immediate refund of a €39 subscription charge they say they did not sign up for. The knowledge base does describe where and how refund requests are handled (depends on whether the purchase was via App Store, Google Play, or the website) and the applicable timing/rules, so an agent can act using those documents.;;;I'm so furious as Nebula charged me 39 euros for a membership I haven't signed up to. As I definitely wouldn't pay that much money for Astrology services. Nebula, I want my money back right now, I haven't used your premium services at all, only your free daily horoscopes!
gp:627a8093-bdb;golden;;it;charge_not_recognised;googleplay;;;hc-28900802305297 pol-04 pol-15 pol-14;hc-28900802305297 pol-04 pol-15 pol-14;If you subscribed or started a free trial via the App Store, refund requests are handled directly by Apple.;yes;They say an unsolicited €49.90 subscription/charge appeared and ask to cancel that subscription and stop/withdraw the payment request. The knowledge base includes cancellation steps and the refund/chargeback routing and policies an agent would need to act.;;;mi e appena apparso un abbonamento di 49,90 non richiesto da me e non so come posso annullarlo....già provato fare la segnalazione....comunque i soldi non ci sono e non ci saranno in quella carta quindi avrei bisogno cortesemente di ritirare la richiesta di pagamento si questo abbonamento che non l'ho richiesto
gp:650146a6-bdc;golden;;es;charge_not_recognised;googleplay;;;pol-04 hc-28899709030417;pol-04 hc-28899709030417;If you subscribed or started a free trial via the App Store, refund requests are handled directly by Apple.;yes;They demand a refund for an unauthorized $45 charge and ask why they were charged even though no subscription appears on their account. The knowledge base documents on refund routing (depending on where the subscription was purchased) and on why AskNebula subscriptions may not be visible on a phone provide the steps an agent should follow.;;;me robaron, me descontaron 45 dolares sin yo.autorizar nada, exijo reembolso, otra cosa me.dice que cancele wl haberme registrado y en ningun momento me registre. ingreso para mirar a ver.y me dice que no tengo suscripcion,entonces porque pata descontarme si, exijo reembolso.
gp:67aa7c3e-e47;golden;;fr;charge_not_recognised;googleplay;;;hc-28900802305297 pol-04;hc-28900802305297 pol-04;"Click ""Cancel Subscription"".";yes;They say they did a 3-day trial, cancelled, but are still being charged and want the charges stopped and refunded. Yes — the knowledge base includes steps to cancel subscriptions and explains where refunds are handled depending on how the subscription was purchased.;;;Hice la prueba de tres días y cancele la suscripción. Ya es el segundo mes que me cobran son unos estafadores, solucionen mí problema
gp:688e097a-084;golden;;en_or_unknown;charge_not_recognised;googleplay;;;pol-04 pol-18 hc-28900802305297;pol-04 pol-18 hc-28900802305297;If you subscribed or started a free trial via the App Store, refund requests are handled directly by Apple.;yes;They are asking for a $46 refund for an unwanted/unauthorized charge and help stopping further charges. The knowledge base does include where refund requests must be routed (App Store vs Google Play vs website), the refund policy/rights, and the support contact/details an agent should request to process a refund.;;;I never received anything from the app but one reading I never wanted anything else I denied payment for months and it hit my card as soon as I didn't have Mt card locked I can't get anything done and Google was no help I want my 46.$ back now
gp:68a6db1d-3a5;dev;;pt;charge_not_recognised;googleplay;;;pol-04 hc-28900802305297;pol-04 hc-28900802305297;If you subscribed or started a free trial via the App Store, refund requests are handled directly by Apple.;yes;They are asking for an immediate refund/chargeback for multiple unauthorized charges. Yes — the knowledge base explains where refund requests must be sent depending on how the purchase was made and what information support needs to process refund requests.;;;cai em um belo golpe nisso, me cobraram duas compras de 73,41 e outra de 161,04 pela qual eu quero extorno, pois n autorizei essa cobrança! por favor resolvam meu problema
gp:6982ab67-2d8;dev;;en_or_unknown;charge_not_recognised;googleplay;;;pol-04 pol-18 hc-28900802305297;pol-04 pol-18 hc-28900802305297;If you subscribed or started a free trial via the App Store, refund requests are handled directly by Apple.;yes;They want a refund for a €34.99 charge taken despite cancelling within the 3-day free trial and confirmation that no further charges will occur. The knowledge base contains the policy and routing for refunds and the cancellation/ contact steps an agent would need to act or to tell the user where to request a refund.;;;I uploaded the app, unsubscribed and cancelled the same day ... within the hour (well before the end of the 3day free trial) and was still charged €34.99. Taking money from a credit card when it has been cancelled and not authorised, is concerning. Please contact me to refund me this charge and confirm no further charges will be taken. Thank you (I have sent an email as requested)
gp:6a8dba2c-2b1;fewshot;;en_or_unknown;charge_not_recognised;googleplay;;;hc-28900802305297 pol-04;hc-28900802305297 pol-04;If you subscribed or started a free trial via the App Store, refund requests are handled directly by Apple.;yes;They want the recurring charges stopped and a refund for the payments taken after cancellation. Yes — the knowledge base includes where to cancel subscriptions and how refund requests are routed depending on where the subscription was purchased.;;;You have been charging me 10.79 every 6 days. I have taken my card of google and u still charged me after trying to cancel the subscription with u. Thay is a total of 86.32 since I've cancelled this. I want a refund!!!!!
gp:6d55c69d-fcb;golden;;en_or_unknown;charge_not_recognised;googleplay;;;pol-04 pol-14;pol-04 pol-14;If you subscribed or started a free trial via the App Store, refund requests are handled directly by Apple.;yes;They are asking for a refund of a $49.99 charge after deleting the app. The knowledge base states how refunds are routed (App Store refunds handled by Apple) and explicitly notes that deleting the app does not cancel a subscription, so the KB contains the routing/factual guidance the agent needs.;;;I've requested a refund because I used the app once for 1 hour and deleted it from my phone. Now over a week later I'm charged $49.99 for an app I hardly remember using at a bad time like this during hurricane IAN. Please refund my money I need to buy food not entirely unused entertainment
gp:6e6b2f03-db0;dev;;en_or_unknown;charge_not_recognised;googleplay;;;hc-28900802305297 pol-04 hc-28901216899857;hc-28900802305297 pol-04 hc-28901216899857;If you subscribed or started a free trial via the App Store, refund requests are handled directly by Apple.;yes;They want the charges stopped (i.e., cancel any active subscription and stop further billing) and an explanation/refund for the unauthorized €49.99 charge. The knowledge base does contain the cancellation steps and explains where refund requests must be routed, plus guidance on contacting support with payment evidence.;;;I received a fraud alert from my bank stating that Nebule charged me €49.99 without my authorization, even though I haven't paid for a subscription. Please stop charging my bank card! Otherwise, I will file a complaint.
gp:730409c2-ab9;golden;;tr;charge_not_recognised;googleplay;;;pol-18 pol-04 pol-14;pol-18 pol-04 pol-14;Notify Spiritual Nebula Limited, 62 Athalassas Avenue, Mezzanine Floor, Strovolos, 2012 Nicosia, Cyprus, email support@asknebula.com, by a clear unequivocal statement.;yes;The user demands an immediate refund for an unauthorized $29.90 charge. Yes — the knowledge base includes the refund policy and the steps/contacts needed to request a refund and explains where refunds are handled and how long they take.;;;Ben 29.9 USD bedel ödeme adına onay vermedim. Böyle bir ödeme kesinlikle onayımda değil. Tarafınıza mail attım, hemen iade edin yoksa uluslararası düzeyde şikayet edeceğim.
gp:758d89da-c44;golden;;pt;charge_not_recognised;googleplay;;yes;hc-28901216899857 pol-04 pol-14;hc-28901216899857 pol-04 pol-14;Once we receive your message, we’ll investigate thoroughly.;yes;They’re demanding their money back for an unauthorized charge and asking if fraudsters have access to their card. The knowledge base contains guidance an agent can use to pursue a refund/credit and explain refund routing and timing, but it does not provide a statement that directly answers whether third parties gained access to the customer’s card (the agent would need to advise contacting the bank/payment provider and possibly the police).;;;ISSO É UM GOLPE, QUERO SABER SE ESSES GOLPISTAS VÃO TER ACESSO AO MEUS CARTÃO, JÁ DENUNCIEI VOCÊS NO YOUTUBE, COMPREI UM VALOR DE 13 REAIS E RASPARAM MINHA CONTA DE CRÉDITO SE EU TIVESSE UM VALOR ALTO TINHAM PEGADO, EU QUERO MEU DINHEIRO, E AINDA FICAM PEDINDO PRA MANDAR MENSAGEM PARA RESOLVER DEVOLVAM MEU DINHEIRO SIMPLES, NAO VEIO EMAIL DE COMPROVANTE DE PAGAMENTO. E AINDA FICAM MANDANDO MENSAGEM QUE O MEU PROBLEMA ESTÁ RESOLVIDO, NÃO NÃO ESTÁ RESOLVIDO,CASO DE POLÍCIA.
gp:76ce3375-5c2;dev;;es;charge_not_recognised;googleplay;;;pol-04 pol-18 pol-14;pol-04 pol-18 pol-14;If you subscribed or started a free trial via the App Store, refund requests are handled directly by Apple.;yes;They want the unauthorized charge refunded and information on how to request a refund and where to report the suspected theft. The knowledge base contains procedures and routing for refunds (who handles refunds and how to contact support) but does not provide guidance about reporting fraud to law enforcement or regulators.;;;me descuenta dinero de mi tarjeta sin autorización. como solicito un reembolso?? por qué permiten este tipo de aplicaciones que estafan. donde se puede denunciar este tipo de robos??
gp:76daf5db-29b;golden;;en_or_unknown;charge_not_recognised;googleplay;;;hc-28900802305297 pol-04 pol-14;hc-28900802305297 pol-04 pol-14;Deleting the app does not cancel your subscription, trial or introductory offer.;yes;They want the unauthorized charges to stop and a refund for transactions after they deleted the app and closed their account. The knowledge base contains the cancellation steps, where refunds are handled (App Store/Google/website), and the refund timing information an agent would need to act.;;;I deleted the app and closed my account yet Nebula keeps charging me. I want my refund. I did not have a subscription by the way. You have my card details and you keep making unauthorized transactions.
gp:7bcd1d11-efc;golden;;en_or_unknown;charge_not_recognised;googleplay;;;hc-28900802305297 pol-04;hc-28900802305297 pol-04;If you subscribed or started a free trial via the App Store, refund requests are handled directly by Apple.;yes;They want any subscription linked to their account canceled immediately and the charges stopped (and implicitly a refund). The knowledge base contains specific cancellation steps and explains where refund requests must be sent depending on how the subscription was purchased, so an agent can act if they know which store/payment method was used.;;;Hello, I never subscribed to Nebula. I only opened the app to look at it and never agreed to any paid subscription. However, I have been charged several times for something I never signed up for. When I tried to cancel, I was asked to pay over €20 to cancel a subscription I never made. Please stop charging me and cancel any subscription linked to my account. Thank you.
gp:7bd07dcc-b85;dev;;de;charge_not_recognised;googleplay;;;pol-04 pol-18 pol-14;pol-04 pol-18 pol-14;If you subscribed or started a free trial via the App Store, refund requests are handled directly by Apple.;yes;They are asking for a refund of €39 charged by follow-up debit for a plan they say they did not purchase. The knowledge base contains the refund routing and policy (how to request refunds and who handles them) but an agent will still need the purchase platform and transaction details (receipt/screenshot, last 4 digits, etc.) to proceed.;;;Ganz ganz schlimm. Ich war auf den wochenplan und musste das dann zahlen weil ich vergessen hatte das zu beenden Beende ich das und siehe da aufeinmal werden mir 39 Euro abgezogen über Folgelastschrift mit einem Plan den ich NICHT gemacht habe. Ich möchte mein Geld zurück.
gp:7c505c7d-711;dev;;en_or_unknown;charge_not_recognised;googleplay;;;hc-28900802305297 pol-04;hc-28900802305297 pol-04;1. Log in to your account on AskNebula.com.;yes;They want the app stopped from charging them — i.e. cancel the subscription (and likely request a refund because a child downloaded it). The knowledge base includes exact cancellation steps and guidance on where refund requests must be sent, so an agent can act using those documents.;;;a child downloaded and said it was colorful. but I don't want or need it. how do I stop this app from charging me? it sucks. they're making it so difficult. can you please cancel this dumb expensive deceiveing ad and please.
gp:7eb96811-984;dev;;tr;charge_not_recognised;googleplay;;;hc-28900802305297 pol-04;hc-28900802305297 pol-04;Deleting the app does not cancel your subscription, trial or introductory offer.;yes;They say they deleted their account but were charged $29 and request that their subscription be cancelled and no further charges occur. The knowledge base includes the subscription cancellation steps and a refund-routing note (so an agent can follow documented steps).;;;hesabımı silmiş olmama rağmen hesabımdan 29 usd cekilmiş sadece aboneligimin iptal edilmesini ve bir daha hesabımdan para cekilmemesini istiyorum. lutfen abineligimi iptal edin
gp:864cfc0a-4d9;dev;;en_or_unknown;charge_not_recognised;googleplay;;;hc-28900802305297 pol-04 pol-14;hc-28900802305297 pol-04 pol-14;Deleting the app does not cancel your subscription, trial or introductory offer.;yes;They want the charge reversed and the subscription canceled for an unexpected $49.99 transaction they did not agree to. Yes — the help center includes articles with how to cancel subscriptions, where refunds are handled depending on purchase method, and what info to collect when contacting support.;;;have been charge 49.99 for something I don't know what I cancelled the first payment with my bank and blocked nebula from taking any money and the just changed name and took the money again this must be a scam I can't find any way to get my money back or even cancel a subscription that I didn't agree to vey unhappy
gp:88cba573-989;golden;;tr;charge_not_recognised;googleplay;;;pol-04 pol-14 hc-28900802305297;pol-04 pol-14 hc-28900802305297;If you subscribed or started a free trial via the App Store, refund requests are handled directly by Apple.;yes;They are demanding a refund for a charge that occurred after they canceled their subscription and want the charge reversed (and assurance no further charges). The knowledge base does contain the relevant guidance on where refunds are handled and how to cancel/manage subscriptions, so an agent can act using those articles.;;;üyeliğimi iptal etmiş olmama rağmen hesabimdan yeniden para çekimi yapildi,para iadesi talep ediyorum,üyelik iptalinden sonra para çekimi yapma hakkınız yok ve yasal degil,kartımı kapatmak zorunda kaldım uygulamanız yüzünden,
gp:89bdbbb4-ff3;golden;;en_or_unknown;charge_not_recognised;googleplay;;;hc-28900802305297 pol-04;hc-28900802305297 pol-04;If you subscribed or started a free trial via the App Store, refund requests are handled directly by Apple.;yes;They want the withdrawals stopped immediately and likely a refund for charges they say they did not authorize. The knowledge base includes instructions to cancel subscriptions and explains where refund requests must be submitted depending on how the subscription was purchased.;;;please stop withdrawing money from my account, why are you charging me for nothing I never received or had anything to do with your App but yet you keep on charging me money please stop its very I unfair
gp:8b1d332f-c1c;dev;;tr;charge_not_recognised;googleplay;;;pol-18 pol-04 pol-14;pol-18 pol-04 pol-14;HOW TO EXERCISE IT. Notify Spiritual Nebula Limited, 62 Athalassas Avenue, Mezzanine Floor, Strovolos, 2012 Nicosia, Cyprus, email support@asknebula.com, by a clear unequivocal statement.;yes;They request a refund for an unauthorized $29.90 charge made via the website. Yes — the knowledge base explains refund routing and how to request a refund for web purchases and the expected timeframe for refunds.;;;Web sitesi uzerinden kendi kafalarina gore hesabimdan bilgim olmadan 29.90 dolar cekilmis, iadesini talep ediyorum. Tam bir dolandirici uygulama.
gp:8b2ef14f-d02;golden;;en_or_unknown;charge_not_recognised;googleplay;;;hc-28900802305297 pol-04;hc-28900802305297 pol-04;If you subscribed or started a free trial via the App Store, refund requests are handled directly by Apple.;yes;They want their subscription cancelled and a refund issued immediately. Yes — the knowledge base contains specific cancellation steps and instructions on where refund requests must be submitted.;;;URGENT!! I need you to cancel my subscription and refund the money asap. Funny how I cannot find any invoices or statements making it clear to me that I would have ongoing costs. I deleted the app as soon as I got it initially, and only downloaded the app again in order to make contact after seeing attempts of billing. Poor form.
gp:8e3724d5-af2;fewshot;;en_or_unknown;charge_not_recognised;googleplay;;;pol-04 pol-18 pol-14;pol-04 pol-18 pol-14;If you subscribed or started a free trial via the App Store, refund requests are handled directly by Apple.;yes;They’re asking for a refund for a $49.99 charge they say occurred after they canceled their subscription. The knowledge base includes instructions about where refunds are handled (depending on purchase platform) and how refunds/withdrawals are processed, so an agent can follow those steps.;;;I just got charged 49.99 I canceled my subscription a month ago!!! glad my cards are not available for you to charge me a service I just 5 minutes and again canceled your Frickn subscription!!! please send me my money back!!
gp:933d17fa-9b3;golden;;pt;charge_not_recognised;googleplay;yes;;pol-18 pol-04;pol-18 pol-04;BRAZIL — 7 DAYS. Same structure, seven days.;yes;They are asking for a refund of R$207 for a purchase they didn’t use. Yes — the knowledge base includes the refund/withdrawal policy (including Brazil’s 7-day rule) and guidance on where refunds are handled depending on how the purchase was made, so an agent can follow those steps.;;;Me roubaram 207 reais! Eu não utilizei nenhum serviço. Apenas cheguei no Nebula por curiosidade. Quero meu dinheiro de volta
gp:953b362d-75b;dev;;en_or_unknown;charge_not_recognised;googleplay;;;pol-04 pol-18 pol-14;pol-04 pol-18 pol-14;If you subscribed or started a free trial via the App Store, refund requests are handled directly by Apple.;yes;The customer is requesting refunds for two card charges they did not authorize. The knowledge base includes guidance on where refund requests should be routed and the applicable refund policy and timelines, so an agent can follow those articles to handle the request.;;;charged, my card 2 times and I didn't do anything with your site. 48 on April 30 and 58 on April 1st. I want my money back
gp:96585f8e-40f;dev;;es;charge_not_recognised;googleplay;;;pol-04 pol-18 pol-14;pol-04 pol-18 pol-14;If you subscribed or started a free trial via the App Store, refund requests are handled directly by Apple.;yes;They’re demanding a refund for an unauthorized $53 subscription charge. Yes — the knowledge base explains where refund requests must be sent (depends on where the subscription was bought) and includes contact and withdrawal procedures an agent can follow.;;;Es un robo esta aplicación, es una ESTAFA me cobraron 53 dlls por una suscripción que ni siquiera autorize, quiero mi dinero de vuelta 🤬😡
gp:97599b53-328;golden;;es;charge_not_recognised;googleplay;;;pol-13 pol-04 pol-14;pol-13 pol-04 pol-14;We may verify your payment method with a small temporary charge, which will be refunded to you within ten (10) business days.;yes;They say their debit card was charged even though they never added a payment method and are demanding their money back and an explanation. The knowledge base does include the key facts and next steps an agent would need: the small temporary verification charge, where refund requests are handled depending on purchase source, and how long refunds take to appear.;;;Se cobraron de mi tarjeta de débito cuando jamás acepté ni puse un medio de pago en esta app. Solo la instalé. Espero que me devuelvan la plata. Estafadores!
gp:9888b65c-3d2;golden;;tr;charge_not_recognised;googleplay;;;hc-28900802305297 pol-04 pol-14;hc-28900802305297 pol-04 pol-14;When contacting support, please provide the following to help us locate your account:;yes;They say they cancelled before the trial ended but were still charged 1200 TL and demand the charges stopped and a refund. Yes — the knowledge base includes cancellation steps, instructions for refund routing depending on purchase source, and the expected refund timing, so an agent can follow those articles and request the required evidence.;;;Deneme süresi bitmeden üyelik iptali yapmama rağmen 1200 TL hesabımdan para çekilmiş.Bu kabul edilemez.Acil olarak para çekmeyi sonlandırın ve paramı iade edin.Yoksa hukuki haklarımı kullanacağım.
gp:9dd03aa6-f28;golden;;en_or_unknown;charge_not_recognised;googleplay;;;hc-28900802305297 pol-04 pol-14;hc-28900802305297 pol-04 pol-14;Deleting the app does not cancel your subscription, trial or introductory offer.;yes;The user demands a refund for a $42 charge and wants the company to stop attempting further deductions (they say they deleted their account but were still charged). The knowledge base includes instructions for cancelling subscriptions, explains where refund requests must be sent depending on purchase source, and states refund timing, so an agent has actionable guidance.;;;I have never subscribed to anything I even deleted my account and I was charged 42 dollars for what.I even contacted them to stop trying to deduct money from me as I do not have any subscription with them.Please refund my money or im going to sue you you are complete fraudstars
gp:a1f592c8-33a;golden;;es;charge_not_recognised;googleplay;;;hc-28900802305297 pol-04;hc-28900802305297 pol-04;If you subscribed or started a free trial via the App Store, refund requests are handled directly by Apple.;yes;"They want the subscription cancelled (or cancellation confirmed) and the unauthorized payment refunded/annulled; the KB includes cancellation steps and explains where refund requests are handled, so an agent can act.";;;Necesito cancelar una suscripción que HE CANCELADO ya. En la Play Store y en mi perfil de Chrome no aparece para darla de baja por ahí. Pero me han pasado un pago NO AUTORIZADO. Por favor, contacten conmigo si es posible, y anulen el pago.
gp:a85982ee-f2b;golden;;arabic;charge_not_recognised;googleplay;;;pol-04 pol-18;pol-04 pol-18;If you subscribed or started a free trial via the App Store, refund requests are handled directly by Apple.;yes;They are asking for a refund of a 45 JOD charge that they say was taken unexpectedly. The knowledge base does document where and how refund requests are handled (routing by purchase source and how to contact support).;;;لقد تم سحب مبلغ من البطاقة لدي ولا اعرف لماذا لم اشترك الا مرة واحدة الرجاء إرجاع المبلغ كان المبلغ ٤٥ دينار أردني لا أعرف لماذا
gp:abc8a956-afb;golden;;fr;charge_not_recognised;googleplay;;;pol-04 hc-28901150216337;pol-04 hc-28901150216337;If you subscribed or started a free trial via the App Store, refund requests are handled directly by Apple.;yes;They want to recover a €39 charge that appeared though they say no account is linked and it doesn't show in Play Store purchases — i.e., they are asking for a refund / dispute of the charge. Yes — the knowledge base describes where refund requests must be routed (App Store / Google Play / website) and how to contact support with payment proof so an agent can proceed.;;;prélèvement de 39 € alors qu'aucun compte n'est liée, impossible de demander un remboursement . 39€ ce n'est pas rien ! comment faire pour récupérer cette argent !? alors qu'il n'apparaît meme pas dans les achats playstore
gp:ac632245-7b7;golden;;fr;charge_not_recognised;googleplay;;;pol-04 hc-28900802305297;pol-04 hc-28900802305297;If you subscribed or started a free trial via the App Store, refund requests are handled directly by Apple.;yes;They want the recurring $39/month charges stopped, their subscription cancelled, and a refund for charges (including a $1 trial reading they never received). The knowledge base contains both cancellation steps and refund-routing/eligibility instructions an agent can use to act.;;;je viens de m'apercevoir que cette app me prend 39$/mois depuis qlq mois!!! Je me souviens d'avoir reçu 1 offre à 1 $ pour 1 psychic reading, que je n'ai jamais reçu !!! Je ne vois même pas où me désabonner déjà q je me suis jamais abonnée. je souhaite etre remboursée ! c littéralement du vol!!!
gp:acae8516-ecf;golden;;en_or_unknown;charge_not_recognised;googleplay;;;hc-28900802305297 pol-04;hc-28900802305297 pol-04;If you subscribed or started a free trial via the App Store, refund requests are handled directly by Apple.;yes;They want the recurring SGD 63.50 charge stopped (cancel the subscription) and an explanation/refund for the second, unauthorized payment. The knowledge base contains cancellation steps and explains where refund requests must be submitted depending on where the subscription was purchased.;;;why deducted from my debit card again without my consent?? it's SGD 63.50 ??? can you stop made payment?? this is 2nd time. no unsubscribe way
gp:add34e99-c68;golden;;en_or_unknown;charge_not_recognised;googleplay;;;pol-04 hc-28900802305297 pol-14;pol-04 hc-28900802305297 pol-14;Deleting the app does not cancel your subscription, trial or introductory offer.;yes;They demand an immediate refund for an unauthorized $14.25 charge and want the subscription canceled and prevented from charging again. The knowledge base includes where refunds are routed and how to cancel subscriptions (and what proof/support info is required), so an agent can act on this from the KB.;;;I been unsubscribed and canceled less than a hour after installing, you guys just debit my account $14.25 unauthorized, I'm hungry ,starving that is my food money!!! You guys are wrong!!!! I need/want my money back!!! I'm waiting.... and I don't want to see you guys in my account taking money ever again I stand to correct your error, there wasn't a payment issue regarding me not subscribing I'm an enlightened individual myself with my own gifts I didn't want to be charged ANYTHING I Uninstall
gp:af97a94e-406;golden;;es;charge_not_recognised;googleplay;;;hc-28900802305297 pol-04 hc-28900034911377 hc-28901150216337 pol-14;hc-28900802305297 pol-04 hc-28900034911377 hc-28901150216337 pol-14;If you subscribed or started a free trial via the App Store, refund requests are handled directly by Apple.;yes;They are asking for an immediate refund of an unexpected/excessive charge, cancellation of the subscription, removal of their card (fix the payment error), and help because the purchased report never arrived. The knowledge base does include steps and facts an agent would need: how to cancel, where refunds are handled (App Store/Google/web), how to access readings, and how to report payment errors, so an agent can act using these documents.;;;Hola, URGENTE, se me cobró un monto excesivo y no uso la aplicación, por favor devolver el dinero. Mi sobrina instaló la aplicación y ni siquiera le llegó el supuesto reporte que envían. POR FAVOR DEVOLVER EL DINERO, NO QUIERO ESTAR SUSCRITA. Además, no me permite sacar mi tarjeta, me indica error solo en esa parte de la aplicación. Ayuda!!
gp:b186f161-98c;dev;;fr;charge_not_recognised;googleplay;;;pol-04 hc-28900802305297;pol-04 hc-28900802305297;If you subscribed or started a free trial via the App Store, refund requests are handled directly by Apple.;yes;They say they were charged €39 after already cancelling and are asking for a refund. The knowledge base does include where refund requests must be sent (depends on purchase platform) and how to cancel a subscription, so an agent can follow those articles to advise the user or escalate.;;;bonjour je viens de me rendre compte qu'on m'a prélevé 39 euros mais j'ai déjà désabonner je comprends pas pourquoi ??? je veux de remboursement je regarde même pas
gp:b5cb8ad5-708;golden;;en_or_unknown;charge_not_recognised;googleplay;;;pol-04 pol-14;pol-04 pol-14;If you subscribed or started a free trial via the App Store, refund requests are handled directly by Apple.;yes;They are asking for the $45 refund they say was promised and for support to stop directing them to irrelevant app features. The knowledge base does contain where refund requests must be routed (depending on how the purchase was made) and how long refunds take to appear.;;;you guys took out $45 and I didn't even want the app! I'm still waiting for my 45.00 refund that I was promised and you're giving me the run-around you're telling me to go back on the app and I went on the app to try to find some help and I can't find it anywhere you brought me to psychics I don't want to talk to a psychic I want my refunds give me my refund! I really don't want to go any further than where I'm going
gp:b70e8be8-b6f;dev;;es;charge_not_recognised;googleplay;;;hc-28900802305297 pol-04 pol-14;hc-28900802305297 pol-04 pol-14;When contacting support, please provide the following to help us locate your account:;yes;They ask to cancel their AskNebula web subscription and receive refunds for multiple charges on their card. Yes — the knowledge base includes website cancellation steps, where refund requests are routed depending on purchase channel, and refund timing/processing details.;;;Hola! Me he comunicado con soporte ya que al suscribirme a traves de la web tuve descuentos multiples en mi tarjeta, por favor si podrían ayudarme con la devolución de mi dinero y dar de baja la suscripción sería de gran ayuda. Gracias
gp:bab5e3dd-742;golden;;es;charge_not_recognised;googleplay;;;hc-28900802305297 pol-04;hc-28900802305297 pol-04;1. Log in to your account on AskNebula.com.;yes;They want to stop the monthly charge (cancel their subscription) and get a refund for the payments. Yes — the knowledge base includes step-by-step cancellation instructions and guidance on where to request refunds depending on how the subscription was purchased.;;;me estan cobrando 35mil pesos mensuales y no se de que como puedo cancelar la suscripción y pedir un reembolso ladrones sinvergüenza
gp:bad38dca-8ba;dev;;fr;charge_not_recognised;googleplay;;;pol-04 hc-28900802305297;pol-04 hc-28900802305297;If you subscribed or started a free trial via the App Store, refund requests are handled directly by Apple.;yes;They want the unauthorized monthly charges stopped and refunds for August and September. The knowledge base does state where refund requests must be directed (depends on purchase platform) and also gives cancellation steps and what payment proof to provide, so the agent can act using those articles.;;;Cette appli que je n'ai jamais installé me débite tous les mois 29,25 € sans mon autorisation et c'est en payment automatique. Je veux être remboursée pour les mois d'août et septembre et je veux l'assurance qu'ils le feront.
gp:bf20df4f-6a6;golden;;es;charge_not_recognised;googleplay;;;hc-28900802305297 pol-04;hc-28900802305297 pol-04;"Click ""Cancel Subscription"".";yes;They demand that the $39 upcoming charge be stopped/removed (cancel the subscription and not be charged) and want this handled urgently. The knowledge base contains step-by-step cancellation instructions and guidance about where refund requests must be directed (App Store vs Google Play vs website), so an agent can act using those articles.;;;quiero que quiten de mi próximo resumen los 39 usd que quieren cobrarme por algo que nunca me subscribi, lo necesito urgente, no pienso abonar algo que no compre, no uso ni usaría. 39 usd que no tengo ni quiero pagar porque nunca me subscribi a nada!!!
gp:bf7ca7c9-f1e;dev;;en_or_unknown;charge_not_recognised;googleplay;;;pol-04 hc-28900802305297 pol-14;pol-04 hc-28900802305297 pol-14;If you subscribed or started a free trial via the App Store, refund requests are handled directly by Apple.;yes;They’re asking for an immediate refund for a charge that occurred despite not using the 3‑minute free trial. Yes — the knowledge base tells agents where refund requests must be routed (App Store/Google/website), what evidence to ask for, and how long refunds take, but the agent must first know how the purchase was made to act.;;;i downloaded the app but never had any consultation with anyone... i got debited even without using my 3mins free trial consultation. how do i get a refund ASAP please.
gp:c9468136-9b2;dev;;es;charge_not_recognised;googleplay;;;hc-28900802305297 pol-04 pol-14;hc-28900802305297 pol-04 pol-14;If you subscribed or started a free trial via the App Store, refund requests are handled directly by Apple.;yes;The user says they were charged ~500 pesos without authorization and asks to cancel and get their money back. The knowledge base includes cancellation steps and guidance on where refund requests must be directed, so an agent can follow those procedures.;;;es una estafa completamente me quitaron casi 500 pesos sin mi autorizacion no se como cancelar no quiero que me quiten mi dinero no es posibke son una estafa , quiero mi dinero de vuelta
gp:ca5733e1-343;dev;;en_or_unknown;charge_not_recognised;googleplay;;;hc-28901150216337 hc-28901216899857 pol-04 pol-14 pol-15;hc-28901150216337 hc-28901216899857 pol-04 pol-14 pol-15;"If you receive an error like ""An error processing your order"", take a screenshot or write down the exact message.";yes;They demand an immediate resolution and remediation for a payment error that forced them to cancel their card and caused damages, threatening to escalate to authorities. The knowledge base includes how to report payment errors, how missing-credit cases are handled, where refunds are routed and standard refund timing, but it does not promise an instant fix or a guaranteed compensation timetable.;;;When can you resolve this issue? Because of this error, I was forced to cancel my card and have suffered damages. I expect this to be fixed immediately before I take this matter to the relevant authorities
gp:cbaa38d5-529;dev;;es;charge_not_recognised;googleplay;;;pol-13 pol-04;pol-13 pol-04;We may verify your payment method with a small temporary charge, which will be refunded to you within ten (10) business days.;yes;They want their unexpected $1 charge refunded and to be told why it happened (they call it a scam). The knowledge base states the small verification charge and its refund timing, and explains refund routing depending on where the subscription/purchase was made.;;;Es una estafa. Abone un dolar, no me suscribí a nada y ahora me cobraron por algo que no utilizo Nunca use la app Quiero que me reintegren mi dinero! ESTAFA!!!
gp:cbcf814a-697;dev;;pt;charge_not_recognised;googleplay;yes;;pol-04 pol-15 pol-14 pol-18;pol-04 pol-15 pol-14 pol-18;If you subscribed or started a free trial via the App Store, refund requests are handled directly by Apple.;yes;They say they were charged twice for purchases they didn’t make and are asking for their money back (a refund/charge dispute). The knowledge base does include where to route refund requests (depends on purchase platform) and policies on chargebacks and processing times, so an agent can follow those documents to respond.;;;fui cobrada por uma compra que não fiz quero meu dinheiro de volta !!cai nesse Golpe!!! estelionatários me cobraram duas vezes!!! 160+73 ladrões
gp:cc809ff0-8a0;golden;;en_or_unknown;charge_not_recognised;googleplay;;;pol-04 hc-28900802305297;pol-04 hc-28900802305297;If you subscribed or started a free trial via the App Store, refund requests are handled directly by Apple.;yes;"They want a refund for a charge that occurred despite uninstalling the app and (they say) cancelling before the cutoff. An agent needs to know where the subscription was purchased and the correct refund/cancellation routing; those facts and next steps are documented in the knowledge base.";;;Return my money back!! I already cancelled this app and uninstalled before the cutoff and they still deducted my card. such a scam!!
gp:cd2a39fd-0bd;fewshot;;tr;charge_not_recognised;googleplay;;;pol-04 hc-28900802305297;pol-04 hc-28900802305297;If you subscribed or started a free trial via the App Store, refund requests are handled directly by Apple.;yes;They are requesting a full refund of $49.99 charged on 10/09/2026 and asking that any subscription/auto‑renewal be canceled so no further charges occur. The knowledge base does document how refunds are routed (depending on purchase source) and how to cancel subscriptions, so an agent can act using those articles.;;;10/09/2026 tarihinde WITHNEBULA.ME tarafından kartımdan çekilen 49,99 USD tutarın tamamının iadesini talep ediyorum. Varsa aboneliğimin/otomatik yenilemenin de iptal edilmesini ve tekrar ücret alınmamasını rica ederim. Onay Kodu: [Code].
gp:d12788ae-2be;golden;;en_or_unknown;charge_not_recognised;googleplay;;;pol-04 pol-18 hc-28900802305297;pol-04 pol-18 hc-28900802305297;If you subscribed or started a free trial via the App Store, refund requests are handled directly by Apple.;yes;The user is asking for their money back for a charge they say they didn’t authorize and to stop further charges (cancel the subscription). The knowledge base includes where refund requests must be routed (App Store vs Google Play vs website) and how to cancel subscriptions, so an agent can act once they know which platform the purchase came through.;;;"apparently it was ""downloaded"" to my phone or tablet and now I'm being charged for something I never purchased. I don't have the funds for this. why would I do this to myself? I want my money back!"
gp:d565ffee-0b2;golden;;es;charge_not_recognised;googleplay;;;pol-18 pol-04 hc-28900802305297 hc-28899743878673;pol-18 pol-04 hc-28900802305297 hc-28899743878673;Notify Spiritual Nebula Limited, 62 Athalassas Avenue, Mezzanine Floor, Strovolos, 2012 Nicosia, Cyprus, email support@asknebula.com, by a clear unequivocal statement.;yes;The user demands a full refund for charges they say were made without authorization and asks to have all subscriptions/unsubscribed cancelled because content appeared in English instead of Spanish. The knowledge base does include the refund policy and routing instructions plus steps to cancel subscriptions and unsubscribe from mailings, so an agent can act using those articles.;;;horrible. pésima lo peor. no di autorización para que me cobren a mi tarjeta. además dice que esta en español y todo viene en inglés. quiero mi reembolso total de todo lo que me cobraron y que me des suscriban de todo..
gp:d83cb784-ef3;golden;;es;charge_not_recognised;googleplay;;;pol-04 hc-28900802305297;pol-04 hc-28900802305297;If you subscribed or started a free trial via the App Store, refund requests are handled directly by Apple.;yes;They’re asking for a refund for two months of unauthorized charges after cancelling a trial. Yes — the knowledge base explains where refund requests must be sent (depends on where the subscription was purchased) and how to contact support with payment details.;;;La peor, acepte un periodo de prueba y antes que termine, cancele la suscripcion sin embargo por dos meses consecutivos continuan con el cobro no autorizado en mi tarjeta, solicito mi reembolso son unos estafadores
gp:db0a0b86-227;fewshot;;es;charge_not_recognised;googleplay;;;pol-04 pol-18;pol-04 pol-18;If you subscribed or started a free trial via the App Store, refund requests are handled directly by Apple.;yes;They’re asking to have a duplicate €29.90 charge investigated and the extra payment refunded. The knowledge base does contain guidance on where to request refunds (depending on purchase channel) and the refund policy, so an agent can follow those documents to act.;;;Muy mala experiencia!m cobraron hace unos días 29'90€ y hoy han vuelto a cobrarme 29'90€....espero lo solucionen y me devuelvan el dinero!!
gp:dcce2851-e69;dev;;en_or_unknown;charge_not_recognised;googleplay;;;pol-04 pol-18 hc-28900802305297;pol-04 pol-18 hc-28900802305297;If you subscribed or started a free trial via the App Store, refund requests are handled directly by Apple.;yes;They want a refund for a $54 charge after cancelling on the last day of a trial. The knowledge base describes where refunds are handled and how to request them (depends on purchase source) and also gives cancellation/refund-contact steps, so an agent can act using those docs.;;;need a refund I never wanted to keep this app. I canceled it on the last day of trial and was still charged $54 please fix this
gp:ddc0cbb3-209;golden;;es;charge_not_recognised;googleplay;;;pol-04 pol-18 hc-28900802305297;pol-04 pol-18 hc-28900802305297;If you subscribed or started a free trial via the App Store, refund requests are handled directly by Apple.;yes;They want their 28,000-pesos charge refunded after cancelling a 3-day trial and are asking for the money back (and whether the app is a scam). The knowledge base does describe where refunds are handled and the refund/withdrawal rules and also includes instructions for contacting support with payment evidence, so an agent can act from these documents.;;;hola. usé la app en modo prueba por tres días y no me gustó. te dan tres minutos para preguntar algo y se demoran cuatro minutos en responder. cancelé la app para que no me cobraran más pero igual me descontaron 28000 pesos. por favor los quiero devuelta, o acaso es una app estafadora?
gp:deeffe03-1b2;dev;;tr;charge_not_recognised;googleplay;;;hc-28900802305297 pol-04 pol-14;hc-28900802305297 pol-04 pol-14;If you subscribed or started a free trial via the App Store, refund requests are handled directly by Apple.;yes;The user demands an immediate refund for multiple unexpected charges and wants the unauthorized subscription stopped. The knowledge base contains the procedures and rules an agent needs: how to cancel subscriptions and what documentation to request, where refund requests must be routed (App Store/Google/website), and how long refunds take.;;;Önce sadece doğum haritası için benden 20 TL aldı ve kendi kendine uygulama beni üye yaptı defalarca kez üyeliğimi gmail üzerinden silmeme rağmen benden bu ay 1000 TL üzeri para aldı acilen paramın iadesini talep ediyorum benim bir üyeliğim yok üye olduğum anda gmail üzerinden sildim sonda uygulamada adım bile çıkmıyordu derhal bu işin son bulmasını istiyorum aksi takdir de dava açacağım
gp:dfb42b29-d0a;golden;;en_or_unknown;charge_not_recognised;googleplay;;;pol-04 hc-28900802305297;pol-04 hc-28900802305297;If you subscribed or started a free trial via the App Store, refund requests are handled directly by Apple.;yes;They want a refund of an unexpected $29.99 subscription charge and cancellation of the subscription. The knowledge base explains where refunds are handled (App Store, Google Play, or via the website/support) and includes cancellation and support-contact instructions, so an agent can act using those articles.;;;I didn't ask for a subscription but I am being charged 29.99 I want my money back, this is as bad as the miss Cleo hotline from the 90s!
gp:e05a341c-6a1;golden;;en_or_unknown;charge_not_recognised;googleplay;;;pol-04 hc-28900802305297;pol-04 hc-28900802305297;If you subscribed or started a free trial via the App Store, refund requests are handled directly by Apple.;yes;They want the unexpected $73.64 AUD charge stopped (cancel the subscription) and a refund issued. Yes — the knowledge base contains instructions for cancelling subscriptions and explains where refund requests must be directed depending on how the subscription was purchased.;;;I just got charged $73.64 AUD when I did not make any purchases from the app. haven't even been using/opening the app! how do I request for a cancellation and refund?
gp:e2b966fc-342;dev;;pt;charge_not_recognised;googleplay;;;pol-18 pol-04 hc-28900802305297;pol-18 pol-04 hc-28900802305297;Notify Spiritual Nebula Limited, 62 Athalassas Avenue, Mezzanine Floor, Strovolos, 2012 Nicosia, Cyprus, email support@asknebula.com, by a clear unequivocal statement.;yes;They are asking for a refund for an unexpected charge and (implicitly) cancellation of any subscription they didn’t intend to keep. The knowledge base does describe how refunds are handled, where to send requests (and that routing depends on purchase channel), and how to cancel — so an agent can act, but will need the user’s purchase channel and payment details to determine eligibility.;;;fui enganada! eu só baixei esse aplicativo p receber algo gratuito que foi oferecido na propaganda. Infelizmente acabei de descobrir na minha fatura um pagamento. Quero o dinheiro de volta! nunca usei esse aplicativo.
gp:e2e4f875-4a7;dev;;en_or_unknown;charge_not_recognised;googleplay;;;pol-18 pol-04 hc-28900802305297 pol-14;pol-18 pol-04 hc-28900802305297 pol-14;Notify Spiritual Nebula Limited, 62 Athalassas Avenue, Mezzanine Floor, Strovolos, 2012 Nicosia, Cyprus, email support@asknebula.com, by a clear unequivocal statement.;yes;They are asking for a refund for a subscription that was charged without their consent and (implicitly) to cancel that subscription. Yes — the knowledge base includes the refund policy, where refunds are routed depending on purchase method, cancellation steps, and the contact details/support instructions an agent would need to act.;;;Hi, I did not consent to subscribe on this app it was done without my knowledge. I only found out when my account was debited. i would like to request a refund please
gp:e3767b05-0b9;golden;;pt;charge_not_recognised;googleplay;;;pol-04 hc-28899811054737;pol-04 hc-28899811054737;If you subscribed or started a free trial via the App Store, refund requests are handled directly by Apple.;yes;"They report an unauthorized charge of 102.00 and request a refund and permanent account deletion; the knowledge base includes instructions on where refunds are handled depending on purchase channel and a guide for deleting accounts. Yes — the KB contains refund-routing guidance and step-by-step account-deletion instructions an agent can follow.";;;Péssimo. fiz uma compra 1x e mesmo sem minha autorização recebi uma desconto no cartão de uma compra que não fiz e não autorizei, nenhum e-mail informando a compra, não tenho assinatura nem aqui e nem no aplicativo e simplesmente descontaram 102,00 no meu cartão. quero meu dinheiro de volta e excluir pra não voltar nunca mais.
gp:e8875c1d-a95;dev;;en_or_unknown;charge_not_recognised;googleplay;;;pol-04 hc-28900802305297 pol-14;pol-04 hc-28900802305297 pol-14;If you subscribed or started a free trial via the App Store, refund requests are handled directly by Apple.;yes;They want the £29.99 charge reversed (a refund) after cancelling immediately. The knowledge base does include guidance on where to request refunds (depends on purchase channel) and what information to provide when contacting support, so an agent can act using those articles.;;;I cancelled this straight away, yet £29.99 has gone onto my phone bill which now means I can't afford to pay my bill, so I will get cut off, how can I reverse these charges?
gp:e895425f-6fe;dev;;es;charge_not_recognised;googleplay;;;pol-18 hc-28900802305297;pol-18 hc-28900802305297;App Store purchases and trials are refunded by Apple, via the Apple support page.;yes;They are asking for a refund of a €39 charge they say they did not authorize and want the charge stopped/cancelled. The knowledge base does contain the steps and routing rules an agent needs to act (how refunds are handled depending on purchase source and how to submit a withdrawal/refund request), plus guidance on cancellation and what payment proof to request.;;;Quiero que me reembolsen me están cobrando 39 euros de no sé qué. Reviso y no suscribí pago alguno. Es una estafa yo no he utilizado la app me parece muy truculenta y ni le seguí la pista es terrible ni sé qué me cobran si no he utilizado esta app
gp:f114fe76-d88;dev;;es;charge_not_recognised;googleplay;;;hc-28900802305297 pol-04 pol-14 pol-15;hc-28900802305297 pol-04 pol-14 pol-15;When contacting support, please provide the following to help us locate your account:;yes;The user says they were charged 700 pesos without authorization, wants the subscription cancelled immediately and a refund now. The knowledge base includes cancellation steps, where refunds are handled (App Store vs Google/website), guidance to contact support with payment evidence, and expected refund timing — so an agent can act using those articles.;;;Me cobraron 700 pesos sin mi autorización, uno quiere aclaración y cancelar la suscripción y lo bloquean para clavarse el dinero. Quiero mi dinero ya .
gp:f156ce85-8d2;golden;;fr;charge_not_recognised;googleplay;;;pol-04 hc-28901216899857 pol-14;pol-04 hc-28901216899857 pol-14;If you subscribed or started a free trial via the App Store, refund requests are handled directly by Apple.;yes;They demand a refund (and a callback and apology) for multiple unauthorized charges. The KB shows how refunds are routed and how to contact support and the refund timeline, but it does not describe a policy for phone callbacks.;;;honteux 1 retrait de 50 euro puis 7 retrait de 10 euro rien demander donner aucun autorisation. c est du vol je souhaite être rappel remboursé et que l on s excuse bien a vous
gp:f1d68076-170;dev;;en_or_unknown;charge_not_recognised;googleplay;;;hc-28900802305297 pol-04 pol-14;hc-28900802305297 pol-04 pol-14;If you subscribed or started a free trial via the App Store, refund requests are handled directly by Apple.;yes;They want their subscription cancelled and refunds for three $49.99 charges. The knowledge base includes the cancellation steps and rules for where refunds are handled and how long they take, so an agent can act using those articles.;;;That's a total scam! They tricked me into signing up and subscribing. Don't do it. They charged my credit card $49.99 three times. Can you please cancel it and refund me right away?
gp:f3070f39-0c7;golden;;en_or_unknown;charge_not_recognised;googleplay;;;hc-28900802305297 pol-04 pol-14 pol-15;hc-28900802305297 pol-04 pol-14 pol-15;If you subscribed or started a free trial via the App Store, refund requests are handled directly by Apple.;yes;The user says they canceled a trial but were charged later and wants the charge reversed / support to resolve this billing error. The knowledge base includes cancellation instructions plus where refund requests are handled and timing/chargeback guidance, so an agent has the policies and steps needed to act.;;;Signed up for a trial, canceled after 3 days and was still charged again a month later. Not happy with this right now. It's going to be a whole thing now with the bank and all the other financial places I need to use this card, to resolve this issue.
gp:fb38ad26-001;golden;;en_or_unknown;charge_not_recognised;googleplay;;;hc-28900802305297 pol-04;hc-28900802305297 pol-04;If you subscribed or started a free trial through the Google Play Store or directly via our website, please contact the Support center.;yes;They want a refund for an unauthorized charge and to unsubscribe/cancel a Google Play subscription. The knowledge base includes step-by-step cancellation instructions for Google Play and a policy explaining where refund requests should be directed, so an agent can act on this.;;;I want my money Back, I never Authorized the debit on my account. I never used this app because is really bad, I dont like it. I can't cancel the subscriptión on Google play, doesn't exist. Please help me to unsubscribe I don't want you to debit my account again. You are thieves, you're stealing from me.
gp:fd9d8aad-b77;golden;;es;charge_not_recognised;googleplay;;;pol-04 pol-18 hc-28901216899857 pol-14;pol-04 pol-18 hc-28901216899857 pol-14;If you subscribed or started a free trial via the App Store, refund requests are handled directly by Apple.;yes;They are asking to be contacted and to receive a refund for a duplicate charge. Yes — the knowledge base explains where refund requests must be sent (App Store/Google/website), provides the support contact and what information to supply, and states refund timing.;;;Buenos dias, necesito que se comuniquen conmigo, me hicieron dos descuentos y solo autorice uno, solicito la devolución de mi dinero.
gp:fe46516c-0e8;golden;;es;charge_not_recognised;googleplay;;;pol-04 hc-28900802305297;pol-04 hc-28900802305297;Deleting the app does not cancel your subscription, trial or introductory offer.;yes;They demand an immediate refund for repeated, unauthorized charges and that the subscription be stopped. The knowledge base includes both refund-routing rules (who handles refunds) and step-by-step cancellation instructions an agent can follow.;;;pésima no sirve y encima cobran a escondidas volvieron a cobrarme sin mi consentimiento van dos veces que les pasa ustedes están robando descaradamente yo no me suscribí desinstale está porquería y me vuelven a cobrar deseo me devuelvan mi dinero o llegaré hasta las últimas consecuencias
syn:01;synthetic;yes;es;charge_not_recognised;;;;pol-04 pol-14;pol-04 pol-14;If you subscribed or started a free trial via the App Store, refund requests are handled directly by Apple.;yes;They demand an immediate refund for being charged €49.99 twice this month. The knowledge base documents where refund requests must be sent (depends on whether the purchase was via App Store, Play Store, or web) and how long confirmed refunds take, so an agent can act using those articles.;;;¡¡¡SOIS UNOS LADRONES!!! Me habéis cobrado 49,99 € DOS VECES este mes sin mi permiso. DEVOLVEDME MI DINERO AHORA.
syn:02;synthetic;yes;en_or_unknown;charge_not_recognised;;;;hc-28900802305297 pol-04 hc-28901281229713;hc-28900802305297 pol-04 hc-28901281229713;If you subscribed or started a free trial via the App Store, refund requests are handled directly by Apple.;yes;They request a $39.99 refund and that the subscription be canceled, and separately that their rising sign (ascendant) be corrected after the app update. The knowledge base includes articles that explain how to cancel subscriptions and where refunds are handled, and an article on fixing profile/ascendant data, so an agent can act using those documents.;;;Two things. First, I was charged $39.99 yesterday although I cancelled in June — I want that back and the subscription gone. Second, the app shows my rising sign wrong since the update.
syn:07;synthetic;yes;en_or_unknown;charge_not_recognised;;;;hc-28900802305297 pol-04 pol-14;hc-28900802305297 pol-04 pol-14;When contacting support, please provide the following to help us locate your account:;yes;They want both $49.99 charges refunded to the same card, the subscription closed permanently, and written confirmation when this is done. Yes — the knowledge base includes where refund requests must be sent (depends on where the subscription was bought) and step-by-step cancellation and support-contact instructions an agent can follow.;;;I was charged $49.99 twice on the same day, the 3rd of September, and nobody has explained why. I cancelled the subscription in July and I have the confirmation email in front of me. I want both charges returned to the same card and the subscription closed for good. Please confirm in writing when this is done. I was charged $49.99 twice on the same day, the 3rd of September, and nobody has explained why. I cancelled the subscription in July and I have the confirmation email in front of me. I want both charges returned to the same card and the subscription closed for good. Please confirm in writing when this is done. I was charged $49.99 twice on the same day, the 3rd of September, and nobody has explained why. I cancelled the subscription in July and I have the confirmation email in front of me. I want both charges returned to the same card and the subscription closed for good. Please confirm in writing when this is done. I was charged $49.99 twice on the same day, the 3rd of September, and nobody has explained why. I cancelled the subscription in July and I have the confirmation email in front of me. I want both charges returned to the same card and the subscription closed for good. Please confirm in writing when this is done. I was charged $49.99 twice on the same day, the 3rd of September, and nobody has explained why. I cancelled the subscription in July and I have the confirmation email in front of me. I want both charges returned to the same card and the subscription closed for good. Please confirm in writing when this is done. I was charged $49.99 twice on the same day, the 3rd of September, and nobody has explained why. I cancelled the subscription in July and I have the confirmation email in front of me. I want both charges returned to the same card and the subscription closed for good. Please confirm in writing when this is done. I was charged $49.99 twice on the same day, the 3rd of September, and nobody has explained why. I cancelled the subscription in July and I have the confirmation email in front of me. I want both charges returned to the same card and the subscription closed for good. Please confirm in writing when this is done. I was charged $49.99 twice on the same day, the 3rd of September, and nobody has explained why. I cancelled the subscription in July and I have the confirmation email in front of me. I want both charges returned to the same card and the subscription closed for good. Please confirm in writing when this is done. I was charged $49.99 twice on the same day, the 3rd of September, and nobody has explained why. I cancelled the subscription in July and I have the confirmation email in front of me. I want both charges returned to the same card and the subscription closed for good. Please confirm in writing when this is done. I was charged $49.99 twice on the same day, the 3rd of September, and nobody has explained why. I cancelled the subscription in July and I have the confirmation email in front of me. I want both charges returned to the same card and the subscription closed for good. Please confirm in writing when this is done. I was charged $49.99 twice on the same day, the 3rd of September, and nobody has explained why. I cancelled the subscription in July and I have the confirmation email in front of me. I want both charges returned to the same card and the subscription closed for good. Please confirm in writing when this is done. I was charged $49.99 twice on the same day, the 3rd of September, and nobody has explained why. I cancelled the subscription in July and I have the confirmation email in front of me. I want both charges returned to the same card and the subscription closed for good. Please confirm in writing when this is done. I was charged $49.99 twice on the same day, the 3rd of September, and nobody has explained why. I cancelled the subscription in July and I have the confirmation email in front of me. I want both charges returned to the same card and the subscription closed for good. Please confirm in writing when this is done. I was charged $49.99 twice on the same day, the 3rd of September, and nobody has explained why. I cancelled the subscription in July and I have the confirmation email in front of me. I want both charges returned to the same card and the subscription closed for good. Please confirm in writing when this is done. I was charged $49.99 twice on the same day, the 3rd of September, and nobody has explained why. I cancelled the subscription in July and I have the confirmation email in front of me. I want both charges returned to the same card and the subscription closed for good. Please confirm in writing when this is done. I was charged $49.99 twice on the same day, the 3rd of September, and nobody has explained why. I cancelled the subscription in July and I have the confirmation email in front of me. I want both charges returned to the same card and the subscription closed for good. Please confirm in writing when this is done. I was charged $49.99 twice on the same day, the 3rd of September, and nobody has explained why. I cancelled the subscription in July and I have the confirmation email in front of me. I want both charges returned to the same card and the subscription closed for good. Please confirm in writing when this is done. I was charged $49.99 twice on the same day, the 3rd of September, and nobody has explained why. I cancelled the subscription in July and I have the confirmation email in front of me. I want both charges returned to the same card and the subscription closed for good. Please confirm in writing when this is done. I was charged $49.99 twice on the same day, the 3rd of September, and nobody has explained why. I cancelled the subscription in July and I have the confirmation email in front of me. I want both charges returned to the same card and the subscription closed for good. Please confirm in writing when this is done. I was charged $49.99 twice on the same day, the 3rd of September, and nobody has explained why. I cancelled the subscription in July and I have the confirmation email in front of me. I want both charges returned to the same card and the subscription closed for good. Please confirm in writing when this is done. I was charged $49.99 twice on the same day, the 3rd of September, and nobody has explained why. I cancelled the subscription in July and I have the confirmation email in front of me. I want both charges returned to the same card and the subscription closed for good. Please confirm in writing when this is done. I was charged $49.99 twice on the same day, the 3rd of September, and nobody has explained why. I cancelled the subscription in July and I have the confirmation email in front of me. I want both charges returned to the same card and the subscription closed for good. Please confirm in writing when this is done. I was charged $49.99 twice on the same day, the 3rd of September, and nobody has explained why. I cancelled the subscription in July and I have the confirmation email in front of me. I want both charges returned to the same card and the subscription closed for good. Please confirm in writing when this is done. I was charged $49.99 twice on the same day, the 3rd of September, and nobody has explained why. I cancelled the subscription in July and I have the confirmation email in front of me. I want both charges returned to the same card and the subscription closed for good. Please confirm in writing when this is done. I was charged $49.99 twice on the same day, the 3rd of September, and nobody has explained why. I cancelled the subscription in July and I have the confirmation email in front of me. I want both charges returned to the same card and the subscription closed for good. Please confirm in writing when this is done. I was charged $49.99 twice on the same day, the 3rd of September, and nobody has explained why. I cancelled the subscription in July and I have the confirmation email in front of me. I want both charges returned to the same card and the subscription closed for good. Please confirm in writing when this is done. I was charged $49.99 twice on the same day, the 3rd of September, and nobody has explained why. I cancelled the subscription in July and I have the confirmation email in front of me. I want both charges returned to the same card and the subscription closed for good. Please confirm in writing when this is done. I was charged $49.99 twice on the same day, the 3rd of September, and nobody has explained why. I cancelled the subscription in July and I have the confirmation email in front of me. I want both charges returned to the same card and the subscription closed for good. Please confirm in writing when this is done. I was charged $49.99 twice on the same day, the 3rd of September, and nobody has explained why. I cancelled the subscription in July and I have the confirmation email in front of me. I want both charges returned to the same card and the subscription closed for good. Please confirm in writing when this is done. I was charged $49.99 twice on the same day, the 3rd of September, and nobody has explained why. I cancelled the subscription in July and I have the confirmation email in front of me. I want both charges returned to the same card and the subscription closed for good. Please confirm in writing when this is done. I was charged $49.99 twice on the same day, the 3rd of September, and nobody has explained why. I cancelled the subscription in July and I have the confirmation email in front of me. I want both charges returned to the same card and the subscription closed for good. Please confirm in writing when this is done. I was charged $49.99 twice on the same day, the 3rd of September, and nobody has explained why. I cancelled the subscription in July and I have the confirmation email in front of me. I want both charges returned to the same card and the subscription closed for good. Please confirm in writing when this is done. I was charged $49.99 twice on the same day, the 3rd of September, and nobody has explained why. I cancelled the subscription in July and I have the confirmation email in front of me. I want both charges returned to the same card and the subscription closed for good. Please confirm in writing when this is done. I was charged $49.99 twice on the same day, the 3rd of September, and nobody has explained why. I cancelled the subscription in July and I have the confirmation email in front of me. I want both charges returned to the same card and the subscription closed for good. Please confirm in writing when this is done. I was charged $49.99 twice on the same day, the 3rd of September, and nobody has explained why. I cancelled the subscription in July and I have the confirmation email in front of me. I want both charges returned to the same card and the subscription closed for good. Please confirm in writing when this is done. I was charged $49.99 twice on the same day, the 3rd of September, and nobody has explained why. I cancelled the subscription in July and I have the confirmation email in front of me. I want both charges returned to the same card and the subscription closed for good. Please confirm in writing when this is done. I was charged $49.99 twice on the same day, the 3rd of September, and nobody has explained why. I cancelled the subscription in July and I have the confirmation email in front of me. I want both charges returned to the same card and the subscription closed for good. Please confirm in writing when this is done. I was charged $49.99 twice on the same day, the 3rd of September, and nobody has explained why. I cancelled the subscription in July and I have the confirmation email in front of me. I want both charges returned to the same card and the subscription closed for good. Please confirm in writing when this is done. I was charged $49.99 twice on the same day, the 3rd of September, and nobody has explained why. I cancelled the subscription in July and I have the confirmation email in front of me. I want both charges returned to the same card and the subscription closed for good. Please confirm in writing when this is done. I was charged $49.99 twice on the same day, the 3rd of September, and nobody has explained why. I cancelled the subscription in July and I have the confirmation email in front of me. I want both charges returned to the same card and the subscription closed for good. Please confirm in writing when this is done. 
syn:15;synthetic;yes;arabic;charge_not_recognised;;;;hc-28900802305297 pol-04;hc-28900802305297 pol-04;Deleting the app does not cancel your subscription, trial or introductory offer.;yes;They say they deleted the app two months ago but were still charged 199 SAR and request a refund and cancellation of the subscription. The knowledge base includes instructions to cancel subscriptions and explains how refunds are handled depending on where the subscription was purchased, so an agent can act using those documents.;;;حذفت التطبيق منذ شهرين ومع ذلك خُصم مني ١٩٩ ريال. أريد استرداد المبلغ وإلغاء الاشتراك.
as:11609575816;golden;;en_or_unknown;nothing_delivered;appstore;;;hc-28901285302673 pol-04;hc-28901285302673 pol-04;If any credits were lost due to connection problems, our support team will compensate them. Your satisfaction is our priority!;yes;The user is asking for a full refund of the subscription and for all spent/purchased credits to be returned because app/website glitches prevented use. The knowledge base does contain guidance an agent can use: it says support will compensate credits lost due to connection problems and explains refund routing (who handles refunds depending on where the purchase was made) and how to contact support.;;;In the app and online was glitching. I paid online for the $1 and ended up paying the subscription price anyway. Then it wouldn’t let me log in online. It kept saying there was a problem logging in. So I downloaded the app and logged in that way. I got in, but then the thing just started glitching. I’d spend money on the coins for the chats, but I couldn’t communicate with any of the psychics. They kept asking if I was there but yet when I said I was they didn’t get the messages because on my end it was unsent. Then it kept saying it was loading waiting on the psychics, yet they were always asking if I was there when I exited out and when back into the chats. I kept trying to reply to them but got nowhere.  Uninstalled and redownloaded and the same problem kept occurring. I spent so much money on all these credits and yet it was literally wasted on air. I want ALL of my money back. So all my credits back.
as:12660438560;dev;;es;nothing_delivered;appstore;;;pol-18 pol-04 hc-28900034911377;pol-18 pol-04 hc-28900034911377;GENERAL RULE. To the extent permitted by applicable law, all purchases are non-refundable and non-exchangeable unless stated otherwise or required by law.;yes;"They request a refund for two purchased reports that never arrived and complain the content was half Spanish/half English; they want their money back. The knowledge base includes both instructions for accessing purchased readings and the company’s refund routing and refund policy, which an agent would need to act on.";;;Me cobraron 2 informes que nunca llegaron. Y el idioma mitad español y mitad inglés. Nunca pude leer nada. Quiero me devuelvan mi dinero. Ya lo desinstalo.
as:12957254026;golden;;cyrillic;nothing_delivered;appstore;;;hc-28901285302673 pol-05;hc-28901285302673 pol-05;If any credits were lost due to connection problems, our support team will compensate them.;yes;They’re asking for compensation (reimbursement or credit restore) because a psychic left the chat while credits/time were deducted. The knowledge base includes a statement that support will compensate credits lost due to connection problems and explains per-minute charging, so an agent can act using those articles.;;;Деньги вычитывают из баланса, а вместо ответа астролог покидает чат. И потом требуют чтобы я снова пополнила баланс чтобы увидеть ответ, так как время и кредиты утекли! Будьте добры компенсируйте это!
as:13425069663;dev;;pt;nothing_delivered;appstore;;;pol-18 pol-04 hc-28901074285713;pol-18 pol-04 hc-28901074285713;HOW TO EXERCISE IT. Notify Spiritual Nebula Limited, 62 Athalassas Avenue, Mezzanine Floor, Strovolos, 2012 Nicosia, Cyprus, email support@asknebula.com, by a clear unequivocal statement.;yes;They are asking for a refund because the service wasn’t delivered and the app is crashing/contains no relevant content. Yes — the knowledge base documents the refund policy, where refunds are routed depending on purchase source, and how to report technical issues and contact support.;;;Ele não entregou o serviço que eu paguei, quero o dinheiro de volta! O aplicativo trava o tempo todo, nao tem nenhum conteúdo relevante.
as:13564172721;golden;;hangul;nothing_delivered;appstore;;;pol-18 hc-28900034911377;pol-18 hc-28900034911377;To view your reading, make sure you have the AskNebula mobile app installed.;yes;They paid for a reading on the website but were required to download the Nebula app to view the result and are now asking for a refund. Yes — the knowledge base includes instructions about how readings are accessed (app required) and the refund policy/contact route for web purchases, so an agent can act using those documents.;;;웹에서 결제해놓고 무조건 앱 다운로드해야 결과 볼 수 있고... 귀찮고 어디까지 가나 싶어서 깔아봤는데 결과 나오려면 10분 걸린다길래 각 보여서 그냥 지웁니다. 환불이나 해주든가. 결과도 내놓고 돈이나 받아먹든가.
as:13854131371;fewshot;;fr;nothing_delivered;appstore;;;hc-28900802305297 hc-28899811054737 pol-04;hc-28900802305297 hc-28899811054737 pol-04;Once your AskNebula Website account deletion is confirmed, this process cannot be reversed, and the deleted account cannot be restored.;yes;The user is asking to cancel their subscription, receive a refund, and have their account closed. The knowledge base includes articles with cancellation steps, account-deletion instructions, and refund-routing/policy information that an agent can follow.;;;"Me désabonner
Je suis très déçu tout est en anglais, nous n’avons pas le choix malgré que nous sommes chez nous au Québec…je demande un remboursement et la fermeture de mon compte."
as:5355417868;fewshot;;en_or_unknown;nothing_delivered;appstore;;;hc-28900762266641;hc-28900762266641;Ensure that you're signed in to the same Apple ID or Google account in the App Store or Play Store that you used when purchasing your subscription.;yes;They want their lifetime (one-time) purchase restored after reinstalling the app and want support to check/reactivate it immediately. The KB includes a restoration article that describes the steps and checks (signing into the same Apple ID/Google account and using the Restore button), so an agent has documented actions to try.;;;The app seems to be error then I reinstalled it and cannot restore the life-time purchase $119.99 (it said “try again later”). I already paid on Dec 10, 2019 and the bill was sent to my email. Please check immediately!!!
as:7473868563;dev;;en_or_unknown;nothing_delivered;appstore;;;hc-28898431162513 hc-28901285302673 hc-47030956792337;hc-28898431162513 hc-28901285302673 hc-47030956792337;"Access your chat history by going to the ""Chatroom"" tab in the app.";yes;They want access to a paid chat/answer that currently shows an error and guidance about whether deleting/reinstalling the app will preserve their account and past chats. Yes — the knowledge base includes where chats are stored, how to report technical issues and contact support for investigation/compensation, and how app account restoration works after deletion.;;;The app is overall amazing. However, in the past 2 weeks, I am not able to open my conversations I’ve had with astrologers. I just got an alert that I had an answer to my question but the app gave me an error message saying “data couldn’t be read because it is missing”. I did not see any way to contact in the app. I paid for the question, but I cannot see the response. I thought about deleting and reinstalling the app, but I’m not sure if my info and past activities will transfer. Please help....
as:8253271125;golden;;en_or_unknown;nothing_delivered;appstore;;;hc-28900802305297 pol-04 hc-28900762266641 pol-14;hc-28900802305297 pol-04 hc-28900762266641 pol-14;When contacting support, please provide the following to help us locate your account:;yes;They want duplicate subscription charges refunded/cancelled and for their premium access to be restored (or for the app to recognise their active subscription). The knowledge base includes cancellation steps, refund routing by purchase channel, subscription-restore instructions, and refund timing details an agent can follow.;;;"EDIT: I have now also been charged for two different subscriptions to this app in the same night. Still no access to the premium content though. For reference, I ONLY have a subscription to this app, and have no children or S/O or anything with access to my phone nor my apple information. Very unhappy with this. 

I want to start off by saying I adore this app. Hands down my favorite astrology app that I’ve found so far. BUT.

 Last year when I had the app, I had unsubscribed at a certain point due to personal financials and was still being charged after the fact. I was able to sort it out and get a refund back then, no big deal, but I was reluctant to use the app again in case this same issue came up. 

 This year, financials are no longer an issue and I redownloaded, chose a subscription option, but found that even though I subscribed, this app will not allow me to access its premium features. Tonight alone Ive chosen several different subscription options, canceled and resubscribed, deleted the app and redownloaded. Ive tried anything I can think to do, yet anytime I try to use a premium feature Im presented with a screen that tells me I need to subscribe. If I select my current subscription, I get a message stating I’m already subscribed. If I choose another and try to continue onto the premium content, the “choose a subscription to continue” message still pops up.  

I am thrilled with the actual content I am able to use, but why should I pay for the premium subscription if I still wont get access to the premium content. I also would like to know if I am going to have to pay for these subscriptions if I cancel again, just as I did last year. Overall I give this app 10/10 for quality content but a biiiig 0/10 for payment and subscription. Really hoping its just a bug, but at this point I’m not so sure."
gp:00a73c05-36d;golden;;en_or_unknown;nothing_delivered;googleplay;;;hc-28900034911377 hc-28900802305297;hc-28900034911377 hc-28900802305297;After purchasing your report or reading, you should receive an email with access details within 30 minutes.;yes;The user wants two things: to locate/access their purchased sketch/reading and to unsubscribe/stop the subscription and psychic communications. Yes — the knowledge base includes a clear article on how to access purchased readings and a separate article with step-by-step cancellation instructions for each platform.;;;where's my sketch? instead I'm lured into some psychic stuff, I want nothing to do with it. I should be able to unsubscribe and I cannot do that easily like when I signed up.
gp:3dc5f767-282;golden;;en_or_unknown;nothing_delivered;googleplay;;;hc-28901216899857 pol-04;hc-28901216899857 pol-04;Once we receive your message, we’ll investigate thoroughly.;yes;They want the 100 credits they purchased either restored to their account or refunded because the app bugged and they cannot open messages or contact support via the app. The knowledge base includes instructions for reporting missing top-ups and that support can credit missing amounts, and it explains where refund requests are routed depending on how the purchase was made.;;;The app start bugging once I made a payment of 100 credits. The credits are not I'm the account. I have 3 unreaded messages that I can't open because they are asking me to add credits again. And it does not allow me to contact the company through the app. I want my money back, even if it's little still my money.
gp:7e8f319c-459;dev;;en_or_unknown;nothing_delivered;googleplay;;;hc-28901216899857 hc-28901285302673;hc-28901216899857 hc-28901285302673;Once we receive your message, we’ll investigate thoroughly.;yes;They want a refund/credit for purchases that never appeared and an investigation into why the psychic went busy and never answered. The knowledge base documents contain the reporting steps and state that Support will investigate and can credit missing amounts or compensate for connection-related lost credits, so an agent can act using those articles.;;;every time the psychic would go to answer me it would go busy and I never got an answer and the time would run out I even bought some extra credits and it never got transferred in very disappointed and I want my money back
gp:83ce12d3-9f5;dev;;fr;nothing_delivered;googleplay;;;pol-18 pol-04;pol-18 pol-04;HOW TO EXERCISE IT. Notify Spiritual Nebula Limited, 62 Athalassas Avenue, Mezzanine Floor, Strovolos, 2012 Nicosia, Cyprus, email support@asknebula.com, by a clear unequivocal statement.;yes;The user demands a refund because they never received the requested reading and the content was only in English. The knowledge base contains the refund policy and instructions on where refunds are handled, so an agent can follow those documents to process or escalate the request.;;;Arnaque complète, je demande d'ailleurs le remboursement de la, somme dépenser puisque je n'ai eu accès à rien de ce que j'ai demandé.... Tout est en anglais et rien ne ressemblait à ma, demande très mauvaise expérience
gp:846a3603-136;golden;;fr;nothing_delivered;googleplay;;;pol-04 hc-28901216899857 pol-18;pol-04 hc-28901216899857 pol-18;If you subscribed or started a free trial via the App Store, refund requests are handled directly by Apple.;yes;They are asking for a refund because the paid trial/promotional flow promised French but the app switched to English, and they object to being asked for bank details when they paid with PayPal. The knowledge base does contain guidance an agent can use: where refunds are routed depending on purchase method and what information to request when a payment was via PayPal or direct website support.;;;promotion offerte à 1 euro pour essaie présente en français pour tout ce qui est du questionnaire de préambule et une fois payé pour accéder à l appli... tout passe en anglais !! je demande un remboursement pour non conformité et la on me demande mes infos banquaires soit disant nécessaire pour me rembourser alors que j ai payé avec PAYPAL.... Ca pue l arnaque!!
gp:8540e191-8e5;dev;;en_or_unknown;nothing_delivered;googleplay;;;pol-04 pol-16;pol-04 pol-16;If you subscribed or started a free trial via the App Store, refund requests are handled directly by Apple.;yes;They are asking for a refund and for their paid access to be restored because the app shows them as unpaid despite a recent charge. The knowledge base contains guidance on where refund requests must be sent (App Store vs Google/website) and on cancellation effects, but an agent will still need the customer’s payment proof and account details to investigate and act.;;;I was just charged today for the next week. I had to cancel the subscription but this week is paid for. So I was like well ok I should have all the features now for the week, I went to the app and now it's saying I ain't paid. I want my money back.
gp:8b2d3cb1-41f;golden;;pt;nothing_delivered;googleplay;;;hc-28901216899857 hc-47030956792337;hc-28901216899857 hc-47030956792337;If your deleted account was connected to AskNebula Web, unfortunately, it cannot be restored after deletion.;yes;They want their account access restored (or, if that’s impossible) a refund/credit for the unused credits they purchased. The knowledge base includes instructions for account restoration and a troubleshooting/compensation path for purchases that didn’t top up, so an agent can follow those articles.;;;Criei uma conta pelo site, usei os serviços e comprei créditos. Até aí, tudo bem. Porém, hoje tentei efetuar o login pelo app e apareceu conta inexistente. A conta estava logada pelo site, e depois que tentei logar pelo app, o mesmo problema ocorreu no site. Isso eu efetuei uma compra de créditos hoje! Tenho os e-mails para comprovar a compra e de quando criei a conta. Agora não tenho mais acesso e fiquei com créditos não utilizados. Dinheiro gasto! Exijo reembolso!
gp:ab4ec96c-f56;golden;;en_or_unknown;nothing_delivered;googleplay;;;hc-28900034911377 pol-18;hc-28900034911377 pol-18;After purchasing your report or reading, you should receive an email with access details within 30 minutes.;yes;They want the photo/reading they purchased and a refund because they were sent to a psychic instead and did not receive the picture. Yes — the knowledge base includes instructions for accessing purchased readings and the refund/withdrawal policy the agent can follow.;;;still can't figure out what's going on, I thought you were gonna send me a photo, got sent to a so called psychic instead. jst another gimmick to get you to give them money, and download there app, still haven't got my pic, I want my money back. all I wanted was the pic, Im not allowed to be talking to a psychic, part of my religion, the only psychic I believe in is the Holy King, one and only, he says not to entertain these things, it's a gimmick, I was doing this for the fun and boredom, feelI
gp:b1f05f62-42d;golden;;en_or_unknown;nothing_delivered;googleplay;;;hc-28900034911377 pol-18;hc-28900034911377 pol-18;After purchasing your report or reading, you should receive an email with access details within 30 minutes.;yes;They paid for readings, didn’t receive the purchased reading, and want to cancel and get a refund. Yes — the knowledge base includes where purchased readings are delivered and the company’s refund/withdrawal policy so an agent can follow the access steps and refund routing/process.;;;I answered all the questions and took a picture of my hand for pom reading. PAID FOR All READINGS and didn't get any reading.? I would like to cancel and get my money back.! but it just sends you to chat ???*
gp:b232aade-8e3;golden;;en_or_unknown;nothing_delivered;googleplay;;;hc-28900840466961 hc-28900034911377;hc-28900840466961 hc-28900034911377;After purchasing your report or reading, you should receive an email with access details within 30 minutes.;yes;They want the past-life reading they paid for delivered and accessible (they ask support to send the report and/or help them open it). The knowledge base includes explicit steps on how purchased readings are delivered and how to access them (and troubleshooting for social-media purchases), so an agent can follow those articles to resolve the request.;;;I made a payment of 5 dollars for reading of my past life. However, I cannot access it, as on opening the Nebula App, it keeps on taking you to various options etc. but not what I want and for which I paid money. I wonder if this is some sort of scam. I was told that my report would be sent on my specified e-mail, but I find myself in the same rigmarole trap. Please send my report pronto.
gp:b638d64e-fa7;dev;;en_or_unknown;nothing_delivered;googleplay;;;hc-28901285302673 hc-28901216899857;hc-28901285302673 hc-28901216899857;If any credits were lost due to connection problems, our support team will compensate them.;yes;They want a refund and for the missing reading/credits to be restored after messages failed to arrive. The knowledge base includes support articles that instruct contacting support for technical issues and say missing credits will be compensated, so an agent can act on this request.;;;the app 12 euros worth of credits for one reading cause the messages didn't come from the readers side. Only later when I restarted the app I saw she messaged me back but now I have 2 euros left and can't view the answers. I want my money back and I want my reading.
gp:cf971c50-4d6;golden;;en_or_unknown;nothing_delivered;googleplay;;;hc-28901216899857 hc-36833668975505;hc-28901216899857 hc-36833668975505;Once we receive your message, we’ll investigate thoroughly.;yes;They want support to investigate a suspected bug, restore/credit the units that were consumed unexpectedly, and make the blurred reply viewable without forcing another purchase. The knowledge base does include guidance for both issues: how missing credits are handled by support and why messages appear blurred (and the balance requirement).;;;"Edit: I purchased additional in app capability, and it was used up right away without any interaction. I asked a question to a Psychic that was online. It appears the ""time"" or credits were used up as the clock was ticking for them to respond. I left the app. When I came back later, there was a response, however I couldn't view it unless I purchased additional credits. I want to believe it is a bug in the system and can be fixed. Please help absolutely shocked at how spot on my readings are!"
gp:dd5aab05-382;dev;;pt;nothing_delivered;googleplay;;;pol-18 hc-28900034911377 hc-28901216899857;pol-18 hc-28900034911377 hc-28901216899857;App Store purchases and trials are refunded by Apple, via the Apple support page.;yes;They’re asking for a refund for a purchase (they were charged ~R$161 and didn’t receive the promised photo/reading). Yes — the knowledge base includes the refund policy and routing information plus guidance on where to report missing/undelivered readings and what information to provide to support so an agent can act.;;;Cai em um golpe pelo Instagram, site todo em inglês quem não entende o idioma gasta seu dinheiro a toa, me descontaram o valor da foto da alma gêmea mais $161 reais de que ? Quero meu dinheiro de volta, não tive foto nem leitura e só gastei meu dinheiro! Quero meu dinheiro
gp:ef85c1c4-989;golden;;es;nothing_delivered;googleplay;;;hc-28900840466961 pol-18;hc-28900840466961 pol-18;After purchasing your report or reading, you should receive an email with access details within 30 minutes.;yes;They paid for a reading, cannot open the app or access the purchased reading, and are demanding a refund. The knowledge base includes instructions for troubleshooting/accessing purchases and the refund/withdrawal policy an agent would need to act on this request.;;;Cero, muy bien las preguntas antes de pagar y descargar la app, ya que pagué me solicitó descargar la app y sorpresa! no funciona sólo aparece el logo muy bonito y no pasa nada, al querer descargar los resultados del test me manda a la app que no funciona!!! exijo un reembolso, por qué pagar por algo que no recibí 😡😡😡😡😡😡😡😡😡😡😡😡😡😡😡😡😡
syn:12;synthetic;yes;en_or_unknown;nothing_delivered;;;;hc-28900034911377;hc-28900034911377;After purchasing your report or reading, you should receive an email with access details within 30 minutes.;yes;They want the natal chart PDF they paid for to be delivered and accessible. The Help Center explains delivery timing and how to access purchased readings (email with access link, Readings tab in the app), so an agent can follow those steps.;;;I paid $19.99 for the detailed natal chart PDF three days ago and nothing ever arrived. I don't want a refund, I want the report I paid for.
as:10137043012;fewshot;;es;other;appstore;;;none;none;;;The user is asking that a calendar feature (which showed best days to cut their hair) be restored to the Nebula app after it was removed in a recent update. The knowledge base does not contain any document that confirms the calendar feature, explains its removal, or provides steps for requesting reinstatement, so there is nothing an agent could follow in the KB to grant this request.;;;"Me encantaba que en la app agregaran el calendario para saber qué días tenía que cortar mi cabello y con la actualización lo quitaron 😭😭 
Por favor, vuelvan a integrarlo"
as:12573789203;golden;;fr;other;appstore;;;hc-28901074285713;hc-28901074285713;"If none of these steps work, don’t worry. You can reach out to our support team through the ""Contact Us"" option in the Nebula app settings or submit a request by clicking the button below.";yes;They’re asking for the monthly forecast to be restored or improved to match the previous version (more ‘favorable’ and ‘discardable’ days). The knowledge base does not include product-fix or escalation procedures, but it does explain how to contact Support to report app/content issues.;;;A outra versão era melhor, a atual está péssima, tinha mais dias favorável e descartável na previsão mensal, era mais completo, por favor arrumem isso
as:7839095010;golden;;en_or_unknown;other;appstore;;yes;hc-28870609716497 pol-06;hc-28870609716497 pol-06;To use Nebula, you must be at least 18 years old, regardless of your country or location.;yes;They are asking that the app's 18+ age restriction be removed so they can use and have their account reinstated despite their birthdate. The knowledge base states the 18+ requirement but contains no policy or process allowing agents to waive or remove that restriction.;;;I absolutely loved this app untill you suspended my account for being “too young” i dont understand why this app has an age restriction, Its an astrology app, could you pelase get rid of it, i really want to use it but i cant because i was born in [BirthDate] and you need to be born in [BirthDate] to use it but i cant because if i change my birth year to that, then my readings wont be right. :(
gp:0d3c530a-79a;golden;;en_or_unknown;other;googleplay;;;hc-36833668975505 hc-36800929642385 pol-05;hc-36833668975505 hc-36800929642385 pol-05;Don’t worry - you are not charged just to unlock or view a blurred message!;yes;"They want to access app content/results without paying (they believe the app was ""free"" but features are locked). The knowledge base does explain why content is restricted (blurred/paid), what free access exists (free minutes), and how charging works, so an agent can use those articles to respond.";;;I cant see anything I want without paying and it was so called a free app I just wanna see the results like is it so hard to ask
gp:15478b32-52e;dev;;en_or_unknown;other;googleplay;;;none;none;;;"They want a list of at least ten things they can access at any time without paying or seeing ads. There is no single knowledge-base document that lists ""free forever"" features or provides a numbered list of ten things accessible without payment or ads, so an agent cannot pull that exact requested list from the KB.";;;Everything is locked unless you pay for it. And don't tell me there's lots of free things. There's not. Edit. Thanks for telling me that can you tell me at least ten things that I can access whenever I want without ads or paying for it?
gp:49399c13-8f7;fewshot;;es;other;googleplay;;yes;hc-28900802305297 hc-28899811054737 pol-04;hc-28900802305297 hc-28899811054737 pol-04;1. Log in to your account on AskNebula.com.;yes;They are asking us to remove their saved card details, cancel their subscription, and stop any future charges (and imply they may want a refund). Yes — the knowledge base includes step-by-step cancellation instructions, account/data-deletion steps, and guidance about where refunds and cancellations are handled.;;;por favor !! quiten mis datos de tarjeta !! no me hagan ningun rebajo más !!! por favor, quiten la suscripción !!! pague, y nada fue lo que esperaba, ya desinstale esa app... porfavor gracias
gp:714879d6-762;golden;;en_or_unknown;other;googleplay;;yes;hc-28901074285713;hc-28901074285713;Please provide a description of the problem, screenshots (if possible), steps you took, and your birth details.;yes;They’re asking support to check the app for malware and have it removed to protect customers. The knowledge base has no dedicated malware-incident report or security escalation procedure, but the general troubleshooting article tells users how to contact support and what details to provide for investigation.;;;Hey I just wanted you to know I just use this anti-spyware app and it says you have malware on this app please check with your anti virus software or team to make sure to remove it so it doesn't harm your customers!
gp:8b9dc776-d5f;dev;;en_or_unknown;other;googleplay;;yes;hc-28870997526801 hc-36833080725777;hc-28870997526801 hc-36833080725777;Nebula premium subscription can be ordered right away from inside the application.;yes;They’re asking why the app keeps prompting purchases and why it asks for their location/personal details. Yes — the knowledge base includes articles explaining the in-app premium purchase flow and why the app needs birth/place details for horoscope accuracy (and how to edit them).;;;"I love how I got to put ""non-binary"" as my gender cause I can't tell if I want to be a girl, or boy. Now on to the main topic It gives me random stuff that I have to ""buy"" and it wants to know where I live? What's up with that??"
gp:cd1b6ada-e47;golden;;en_or_unknown;other;googleplay;;;pol-04 pol-14 hc-28900802305297;pol-04 pol-14 hc-28900802305297;If you subscribed or started a free trial via the App Store, refund requests are handled directly by Apple.;yes;The customer is asking for a refund of a subscription charge (they cancelled the same night but haven’t received the money back). The knowledge base does contain where to request refunds and the expected timing (it distinguishes App Store/Google/web purchases and gives refund timelines), so an agent can act if they know which platform the purchase was made on.;;;I had downloaded the app and subscribed because it said I would get my money back if I unsubscribe within 3 days .. I unsubscribe that same night and I haven't received my money it's been over a month now 32.46 is wat it charged me... i need that money back
syn:08;synthetic;yes;en_or_unknown;other;;;yes;none;none;;;The user is venting dissatisfaction about the app (negative review) but does not request a specific action such as a refund, cancellation, or technical help. Because there is no clear request to act on, there is nothing in the knowledge base that directly answers this ticket as written, so an agent would need to ask clarifying questions before using KB articles (e.g., refund, cancel, or troubleshoot).;;;Worst app I have ever downloaded. Complete garbage, don't waste your money. One star.
syn:09;synthetic;yes;es;other;;;yes;none;none;;;They say they already received the refund last week and are asking the agent to close the case. No knowledge-base procedure is needed to close a resolved ticket, so there is nothing in the KB required for the agent to act on this request.;;;Ya me devolvieron el dinero la semana pasada, gracias. Pueden cerrar el caso.
syn:11;synthetic;yes;de;other;;;yes;hc-28899811054737 pol-18;hc-28899811054737 pol-18;In order to remove your personal data on AskNebula website, please follow these steps:;yes;They request deletion of their stored card data and their account under GDPR Art. 17 (right to erasure). The knowledge base includes the steps to delete personal data/accounts and the legal/contact procedure to exercise withdrawal, so an agent can act on this using those articles.;;;Das Abo habe ich bereits gekündigt, das ist erledigt. Ich verlange jetzt die Löschung meiner gespeicherten Kartendaten und meines Kontos nach DSGVO Art. 17.
as:10284800649;golden;;en_or_unknown;price_not_expected;appstore;;;hc-28900802305297 hc-28899709030417 pol-13;hc-28900802305297 hc-28899709030417 pol-13;The reason you can't find your AskNebula website subscription in your phone's settings or manage it through the Play Store or App Store is that this type of subscription is exclusively for the AskNebula website.;yes;They want the unexpected charges stopped, an explanation of why they were charged (including the small €1 and the later €22.80) and their subscription cancelled/refunded. Yes — the knowledge base includes cancellation steps and articles explaining why subscriptions may not appear on a phone and that small verification charges are temporary, so an agent can act from these documents.;;;Wtf is going on??? I downloaded the app one week ago and paid 1€ for something that i still don’t know what that was and then I didn’t pay for any subscription. Today, after a week i almost got charged 22,80€ and I don’t even know why!!! I deleted the app one week ago. And now I downloaded it again so i can cancel my subscription(that i never paid for or wanted)  before i get charged again without my permission and the app tells me to go to my settings to cancel my subscription and what i see?? I HAVE NOT EVEN SUBSCRIBED! HOW AM I GETTING CHARGED THEN???? PLEASE FIX THIS STUPID APP!!!!!
as:10371767304;golden;;es;price_not_expected;appstore;;;hc-28900802305297 pol-04;hc-28900802305297 pol-04;If you subscribed or started a free trial via the App Store, refund requests are handled directly by Apple.;yes;They want their subscription canceled and a refund for a $49 charge that occurred despite a advertised 3-day trial. The knowledge base does include cancellation steps and explains where refunds are handled (so an agent can act), but the agent needs to know where the purchase was made (App Store, Google Play, or web) to follow the correct refund route.;;;Necesito dar de baja la suscripción y no me permite, decía tres días de prueba gratis y al aceptar me descontó directamente 49 dólares.  Quiero cancelar la suscripción y que me devuelvan el dinero.
as:10879421087;golden;;en_or_unknown;price_not_expected;appstore;yes;;pol-04 pol-18 hc-28901216899857 hc-28900034911377 pol-14;pol-04 pol-18 hc-28901216899857 hc-28900034911377 pol-14;If you subscribed or started a free trial via the App Store, refund requests are handled directly by Apple.;yes;They want a refund (and implied cancellation) for a $1 charge they say was misleading and for a promised service that was not delivered. The knowledge base does contain instructions an agent needs: where refund requests are routed depending on purchase channel, the refund/withdrawal rights and timelines, and how to contact support about missing credits/readings.;;;By paying 1 dollar for an specific service you promote via instagram, that leads you to a website, you charged me a suscription you never warned me. The specific service never came, you just gave me “credits” for a random and unspecific chat I never used. This is misleading advertising, I want my money back!
as:10905958224;fewshot;;en_or_unknown;price_not_expected;appstore;;;pol-04 hc-28900802305297 hc-28899740398481 pol-13;pol-04 hc-28900802305297 hc-28899740398481 pol-13;If you subscribed or started a free trial via the App Store, refund requests are handled directly by Apple.;yes;They want the unexpected charges stopped, the subscription cancelled and a refund (they say they never created an account or agreed to a subscription). The knowledge base includes where refunds and cancellations are handled (Apple vs web) and how to cancel, but it does not include the specific transaction/account details an agent would need to process a case — the agent will still need payment/transaction evidence from the user if the purchase was made outside the web portal.;;;This app stole money from my bank account after I filled in a form to get an astrology report that I found on their instagram account and paid 1 euro with Apple Pay! Then they charged me 22 euros I'm not sure how because I never provided them my bank details, and now I can't even cancel the subscription for which I never AGREED because I never created an account with them, I simply placed my email address in the form for them to deliver it to me. This is unbelievable. I request immediate response and action!!
as:11151117503;golden;;en_or_unknown;price_not_expected;appstore;;;pol-18 pol-13;pol-18 pol-13;We may verify your payment method with a small temporary charge, which will be refunded to you within ten (10) business days.;yes;They want a refund for a €1 charge and the purchase because they were led to believe they had a 7‑day free trial and were nonetheless charged and served ads. Yes — the knowledge base includes refund routing and refund/withdrawal rules plus a note about small verification charges that an agent can use to handle the request.;;;I was scammed by this app as I was lead to believe that I had a 7 day free trail and not be charged 1 euro. After paying I was still subjected to ads to read my profile. The ad for the app on IG was for my female archetype but this seems like a /spiritual therapy app so I was very disappointed. Please refund me!
as:11177670159;dev;;en_or_unknown;price_not_expected;appstore;;;pol-04 hc-28900802305297;pol-04 hc-28900802305297;If you subscribed or started a free trial via the App Store, refund requests are handled directly by Apple.;yes;They want the premium subscription cancelled and a full refund for an accidental purchase. Yes — the knowledge base documents both how to cancel subscriptions and where refund requests must be directed depending on where the purchase was made.;;;"Dear Nebula Support Team,

I hope this message finds you well. I am writing to request a refund for an accidental purchase of a premium subscription to your app. As a student, I misinterpreted the payment terms and was surprised to see my account billed $90 today, which I understand is the annual subscription fee. I was under the impression that the billing would occur weekly at approximately $2 per week.

This subscription was purchased just a few minutes ago, and I have not utilized any premium features since the charge. I would greatly appreciate if you could assist by cancelling my subscription and processing a full refund.

Please let me know if you need any further information from my side to facilitate the refund. I look forward to your prompt response to resolve this issue.

Thank you very much for your understanding and help.

Best regards"
as:11434626071;golden;;en_or_unknown;price_not_expected;appstore;;;pol-18 pol-04 pol-15;pol-18 pol-04 pol-15;GENERAL RULE. To the extent permitted by applicable law, all purchases are non-refundable and non-exchangeable unless stated otherwise or required by law.;yes;They are asking for a refund of an unauthorized $60 charge. Yes — the knowledge base includes the refund policy and guidance about where refunds are handled (App Store vs Google Play vs website) so an agent has the procedures needed, though they may need to confirm which store/process the purchase used.;;;currently on dispute because they asked for my card details “but nothing would be charged”, then charged me 60 dollars without my consent. I WANT MY MONEY BACK
as:11442608737;golden;;en_or_unknown;price_not_expected;appstore;;;hc-28900802305297 pol-04;hc-28900802305297 pol-04;If you subscribed or started a free trial via the App Store, refund requests are handled directly by Apple.;yes;They want the unauthorized $19.99 charge reversed and the subscription/transactions canceled. Yes — the knowledge base includes cancellation steps and explains where refund requests must be routed depending on how the subscription was purchased.;;;I signed to test and pay 1 dollar. I did not allow you to use my card and charge me 19.99 dollars extra. Please cancel the transactions. You are stealing my bank infos and using without authorization
as:11586927114;dev;;tr;price_not_expected;appstore;;;pol-04 hc-28900802305297 pol-14;pol-04 hc-28900802305297 pol-14;If you subscribed or started a free trial via the App Store, refund requests are handled directly by Apple.;yes;They report an unauthorized $29 charge after a $0.99 purchase and are asking for the charge to be reversed and for the app/subscription issue to be fixed (and likely cancelled). Yes — the knowledge base describes where refunds are handled (depending on how the purchase was made) and includes cancellation steps an agent can follow.;;;Uygulamadan tek seferlik 0,99$ tutarında hizmet satın almama rağmen bir hafta sonra onayın dışında kartımdan 29$ ödeme alındı. Bu uygulamanın düzeltilmesini talep ediyorum
as:11648182856;golden;;en_or_unknown;price_not_expected;appstore;;;pol-04 pol-18;pol-04 pol-18;If you subscribed or started a free trial via the App Store, refund requests are handled directly by Apple.;yes;The customer is asking for a refund because they were charged for a yearly subscription instead of receiving a free 3-day trial. The knowledge base includes guidance on where refund requests are handled and how to exercise refund/withdrawal rights, so an agent can follow those procedures.;;;Free 3-day trial but instead deducted from my account for a year of subscription. Please refund my money. I don’t need that kind of service.
as:11690424562;golden;;tr;price_not_expected;appstore;;;pol-04 pol-18 pol-14 hc-28901320551953;pol-04 pol-18 pol-14 hc-28901320551953;If you subscribed or started a free trial via the App Store, refund requests are handled directly by Apple.;yes;They are asking for a refund because they were charged 1054.64 TRY when the price shown was 25 TRY. Yes — the knowledge base includes instructions about where refund requests must be sent (depends on purchase channel) and the refund policy/timelines so an agent can act.;;;25 türk lirası yazıyordu ama benden 1054,64 çekilmiş geri iade istiyorum. Türkçe dil desteği olmadığı için anlaşamıyoruz bir türlü.
as:11696375522;dev;;tr;price_not_expected;appstore;;;pol-04 hc-28900802305297 pol-18 pol-14;pol-04 hc-28900802305297 pol-18 pol-14;If you subscribed or started a free trial via the App Store, refund requests are handled directly by Apple.;yes;The user is asking for the unauthorized monthly $29.90 charges to be stopped and for those charges to be refunded to their card immediately (and implicitly for the subscription to be cancelled). The knowledge base includes where refund requests must be routed (App Store vs Google Play vs website), how to cancel subscriptions, and refund timing, so an agent can act using these articles.;;;Uygulama 0,99 cent olarak bir kez işlem yaptırdım ancak tekrar haberim ve iznim olmadan her ay 29,90 usd para çekiliyor bu işlemler bana ait değildir ve söz konusu iadelerimin acil olarak kartıma yapılmasını talep ediyorum aksi takdirde yasal yollara başvuracağım.
as:11903411827;dev;;it;price_not_expected;appstore;;;pol-04 pol-18;pol-04 pol-18;If you subscribed or started a free trial via the App Store, refund requests are handled directly by Apple.;yes;They report an unexpected $39/month subscription after paying $1 and ask to stop the subscription and get a refund for the unauthorized charge. The knowledge base does provide where refunds must be requested and the refund policy/cancellation routes, so an agent can act using those documents.;;;Ti fanno fare un quiz e pagare 1$ per vedere il risultato , in realtà ti iscrivono a un piano mensile dal costo di 39$ al mese senza che tu inserisca nessuna password per il tuo account. Me ne sono accorta soltanto quando mi hanno scalato 39$ e ho cancellato l’account, entrandoci per la prima volta perché non mi ero mai iscritta realmente.
as:11949362926;dev;;en_or_unknown;price_not_expected;appstore;;;pol-04 hc-28900802305297 pol-18;pol-04 hc-28900802305297 pol-18;If you subscribed or started a free trial via the App Store, refund requests are handled directly by Apple.;yes;They request a refund for an annual charge they say occurred despite cancelling a 3‑day trial and want their money returned. The knowledge base includes where refund requests must be routed (depending on how the subscription was purchased) and cancellation instructions an agent can follow.;;;I tried the 3 day free trial and cancelled my subscription after 5 minutes and I saw a notification that it is charging me 2,590 for a year subscription!!! i did not even subscribed for that!! GIVE ME BACK MY MONEY!!!! IT WAS MY HARD WORK EARNED MONEY!!!!
as:12125767974;golden;;en_or_unknown;price_not_expected;appstore;;;pol-04 pol-14;pol-04 pol-14;If you subscribed or started a free trial through the Google Play Store or directly via our website, please contact the Support center.;yes;They are asking to get a refund for a web subscription charge that occurred after a free trial (they say they cancelled immediately). Yes — the knowledge base documents where web/trial refunds are handled and how long refunds take, so an agent can act on this request.;;;I don’t know what happened i just got a free trial and after 4 5 days i got charged for web subscription that i didn’t got. I cancelled it right away. I want my money back
as:12139432437;dev;;en_or_unknown;price_not_expected;appstore;;;pol-13 pol-04 pol-14;pol-13 pol-04 pol-14;We may verify your payment method with a small temporary charge, which will be refunded to you within ten (10) business days.;yes;They are asking for an explanation of an unexpected $1 vs a $49+ AUD charge and want a refund. The knowledge base includes the facts an agent needs: the small verification charge policy and where to request refunds depending on how the purchase was made, plus refund timing.;;;"I would like to inform you that I have been charged false amount of money. I’m very thorough with processing payment. It supposed to be charged $1 USD then I have to dispute unauthorised payment of $49+ AUD. I am wondering if this app is actually SCAM. 
Please explain and give my money back!!!!"
as:12302438285;golden;;en_or_unknown;price_not_expected;appstore;;;pol-04 pol-18 hc-28900802305297;pol-04 pol-18 hc-28900802305297;If you subscribed or started a free trial via the App Store, refund requests are handled directly by Apple.;yes;They want a refund for a yearly £40 charge that occurred despite being offered a 3‑day free trial and an explanation/assistance because the subscription isn’t visible in their Apple subscriptions. Yes — the knowledge base documents explain where refunds are handled for App Store purchases and include cancellation/refund routing and App Store cancellation steps.;;;I signed up for subscription after being offered a 3 day trial for free, but have been charged £40 for a yearly subscription?! Total misleading and I don't understand, have contacted apple to request a refund, think the app is buggy, as it did confirm the 3 day trial after I signed up but not showing in my subscriptions on Apple in settings. I want a refund
as:12315460251;golden;;de;price_not_expected;appstore;;;pol-18 pol-04;pol-18 pol-04;Notify Spiritual Nebula Limited, 62 Athalassas Avenue, Mezzanine Floor, Strovolos, 2012 Nicosia, Cyprus, email support@asknebula.com, by a clear unequivocal statement.;yes;"They are asking for a refund of €49.90 for a reading they say they did not use and that was charged via PayPal; the knowledge base does describe refund/withdrawal procedures and where to send refund requests.";;;Der Verbraucher-/Käuferschutz wird nicht eingehalten. Ich habe ein Reading für 1€ gekauft und über Paypal bezahlt. Hierüber wurde die Kreditkarte freigeschalten. An das Ergebnis kam ich kur, indem ich weitere Angebote ablehnte. Der Button hierfür ist doch seeeeeehr nah am Button „Akzeptieren“. Ich habe kleine Finger, es ist wie unmöglich auf nicht akzeptieren drücken. Es ist ein Betrug und man wird auch nicht gefragt, ob der Kauf dann durchgeführt werden soll, sondern die Kreditkarte wurde ja zuvor freigegeben, sodass der Betrag sofort abgebucht/belegt wurde! In der gleichen Minute bin ich zu Paypal und wollte es rückgängig machen und habe mit dem Anbieter über den Support über Wochen hin und hergeschrieben und um eine Erstattung/direktes Storno gebeten und man beharrte darauf, ich hätte das Produkt gekauft. Ich habe diese Dienstleistung eines persönlichen Tarotreading nie in Anspruch genommen und habe auch 0 Interesse daran. Ich möchte weiterhin meine 49,90€ Geld zurück.
as:12468500798;dev;;es;price_not_expected;appstore;;;pol-04 hc-28900034911377;pol-04 hc-28900034911377;If you subscribed or started a free trial via the App Store, refund requests are handled directly by Apple.;yes;They want a refund for an unexpected €29.90 subscription charge and resolution for the €0.50 reading that never arrived. The knowledge base includes guidance on where refunds are handled (App Store/Play/website) and instructions for accessing purchased readings, so an agent can act using those articles.;;;Pedi por 0,50 € una carta astras que nunca llegó!!! ( oferton!!!) Y a los dos dias me cobraron 29,90 € como si me hubiera subscrito, cosa que nunca hice…. Estafadores!!!! Quiero que me devuelvan mi dinero!!!
as:12492349671;dev;;en_or_unknown;price_not_expected;appstore;;;pol-04 pol-14 pol-15;pol-04 pol-14 pol-15;If you subscribed or started a free trial via the App Store, refund requests are handled directly by Apple.;yes;They want an immediate refund for an unexpected $150 charge and cancellation of the trial/subscription. The knowledge base contains instructions about where refund requests must be sent (depending on how the purchase was made) and timing/chargeback guidance, so an agent can act using those articles.;;;I have been charge $150 on my credit card, without using the app, the same day that I opened it as a trial. Please refund me immediately!
as:12503933031;dev;;fr;price_not_expected;appstore;;;pol-04 hc-28900802305297;pol-04 hc-28900802305297;If you subscribed or started a free trial via the App Store, refund requests are handled directly by Apple.;yes;They demand immediate refunds for recent €39 Apple charges and an assurance that future charges stop (cancel subscription). Yes — the knowledge base states that App Store purchases/refunds are handled by Apple and includes steps to cancel App Store subscriptions.;;;"J’ai téléchargé UNE FOIS l’application par curiosité et je l’ai vite supprimée car après l’essai gratuit oui si vous oubliez de vous désabonner ils vous prélèvent 39€/ mois ce qui est énorme surtout quand on y va jamais !!
J’ai supprimé l’application y’a un mois pensant être tranquille et aujourd’hui BOUM un autre prélèvement de 39€ via Apple pay encore !
Le truc c’est que là je suis dans une galère pas possible et c’est tout ce qu’il me restait sur mon compte pour payer mon forfait de téléphone et faire 3 courses pour manger !! 

Je demande un remboursement au plus vite au moins pour les deux derniers prélèvements car c’est inadmissible qu’on ne puisse pas arrêter quand on le veut ! 
Je VEUX qu’on me rembourse les derniers prélèvements au plus vite + je veux l’assurance que je n’en aurai plus aucun autre !!!

C’est hallucinant qu’on ne puisse pas arrêter ça de nous même 

Merci d’avance !

Allez 2 mois plus tard je remets le MÊME AVIS !!!! 

NE PAYEZ JAMAIS JAMAIS RIEN ICI !! 
J’ai encore 39€ qui ont été prélevés sur mon compte aujourd’hui à l’instant !! Ils n’arrêtent pas de le faire ! J’en peux plus !
Je viens d’être payée et c’était mon budget pour faire des courses et maintenant comment je vais faire ??? Je vais pas manger !!!!
J’ai désinstallé l’Application y’a des mois de ça je ne l’ai utilisée qu’une seule fois la première fois par curiosité les montants m’ayant considérablement refroidi j’ai enlevé l’application direct et pourtant les prélèvements continuent comment je fais ??? Vous n’avez rien fait pour moi il y’a des mois de ça c’est une HONTE !!! 
Je demande le REMBOURSEMENT COMPLET DE TOUT LES PRÉLÈVEMENTS que vous avez fait sur mon compte ! 
Il est hors de question que je meure de faim pour rien à cause d’une application à la **** 
Je suis si en colère ! 
Je vais vous faire de la pub partout !
Si le problème est pas réglé IMMÉDIATEMENT je raconte ça partout et je vous descend au plus bas ! 
C’est honteux vraiment !

04/04/2025"
as:12516303176;golden;;en_or_unknown;price_not_expected;appstore;;;pol-04 pol-18 pol-14 hc-28900802305297;pol-04 pol-18 pol-14 hc-28900802305297;If you subscribed or started a free trial via the App Store, refund requests are handled directly by Apple.;yes;They’re asking for a refund for incorrect/extra charges and complaining the plan was misleading. Yes — the knowledge base includes guidance on where refunds are handled (by platform), the refund/withdrawal policy and processing times, and how to contact support to request reimbursement.;;;I purchased a discounted plan just to try. It was supposed to cost 25 euros and I got charged 39 and 49 euros. I immediately cancelled the subscription but I want my money back! Also the plan is not at all what the add made it out to be. This is a total scam!!
as:12600791224;dev;;en_or_unknown;price_not_expected;appstore;;;pol-04 pol-18;pol-04 pol-18;If you subscribed or started a free trial via the App Store, refund requests are handled directly by Apple.;yes;They are asking for a refund of a yearly subscription charge that was made via Apple and want Nebula to issue the refund. The knowledge base explicitly states that refunds for App Store purchases are handled by Apple (so an agent cannot directly issue that refund), and this is documented.;;;Hello, I actually do like your app but I wanted to try a free trial and I dont know if my phone glitched but it charged me for the year. I requested a refund thru apple and they will not release it. Please do the right thing and give me a refund, I really want to try your app but will not if I get scammed like this. Please help.
as:12668542668;fewshot;;es;price_not_expected;appstore;;;pol-04 pol-18;pol-04 pol-18;Notify Spiritual Nebula Limited, 62 Athalassas Avenue, Mezzanine Floor, Strovolos, 2012 Nicosia, Cyprus, email support@asknebula.com, by a clear unequivocal statement.;yes;They are demanding a refund for an unexpected $49.99 charge that they say was not authorized for a $1 palm reading. The knowledge base does include where and how refund requests are handled (App Store/Google/website) and the contact details to submit a refund/withdrawal request, so an agent can act on this.;;;Pedí únicamente la leída de mano por un dólar y de la nada mientras seguía avanzando se me hizo un cobro de $49.99 dls que no es lo que yo autorice y ahora no sé cómo traer ese dinero de vuelta, exijo un reembolso!!!!!
as:12722126005;golden;;en_or_unknown;price_not_expected;appstore;;yes;pol-04 pol-15 pol-14;pol-04 pol-15 pol-14;If you subscribed or started a free trial via the App Store, refund requests are handled directly by Apple.;yes;They are asking for refunds of accidental charges (48 AUD and 80 AUD) and want those amounts returned. The knowledge base does include where refunds are handled and related policies (how refunds are routed, timing, and chargeback consequences), so an agent can act but must first determine how the purchases were made (App Store, Play Store, or website).;;;"I’ve been trialing the app and paid 1$ to check the app out.

When going through offers further to my account, ended up accidentally pressing the wrong buttons (your UI is quite frankly super misleading), which led to purchasing the products I didnt  even mean to. It was processed momentarily absolutely without my consent. No face id, no confirmation, it all just went through. 

In which world is it ok to charge the card without user actually confirming they’re ok with being charged the amount?!

Please, save us all the time with default polite apologetic response and just refund the amounts of 48AUD and 80AUD. I already contacted your support team and reported you to the bank as a fraudulent activity."
as:12731385011;dev;;en_or_unknown;price_not_expected;appstore;;;pol-04 pol-18 pol-14;pol-04 pol-18 pol-14;If you subscribed or started a free trial via the App Store, refund requests are handled directly by Apple.;yes;They are asking for a refund of an unexpected $29.99 charge after a $1 trial and want the money returned. The knowledge base includes where refund requests must be routed (depends on purchase platform) and the refund policy/contact instructions, so an agent can act using those documents.;;;This is such a scam. It clearly states that you can do a trial for 1$, and yet I’m charged the 1$ and then another 29.99?  WHAT?  Why?  I did not click on anything to facilitate that transaction. This is a scam. Please refund my money.
as:12734468144;golden;;en_or_unknown;price_not_expected;appstore;;;hc-28900802305297 pol-04;hc-28900802305297 pol-04;If you subscribed or started a free trial via the App Store, refund requests are handled directly by Apple.;yes;They report an unauthorized charge (1,161.29 TL vs 19.99 TL) and ask to cancel the subscription and receive a refund. The knowledge base includes both the cancellation steps and the refund-routing rules the agent needs to act.;;;"I was charged 1,161,29
 TL without permission. I only agreed to pay 19.99 TL.
I want to cancel and get a refund. Please help."
as:12749562462;dev;;en_or_unknown;price_not_expected;appstore;;;hc-28900802305297 pol-04;hc-28900802305297 pol-04;If you subscribed or started a free trial via the App Store, refund requests are handled directly by Apple.;yes;They want their unexpected $39/week subscription cancelled and a refund for the charge. The knowledge base includes step-by-step cancellation instructions and explains where refund requests must be sent depending on how the subscription was purchased.;;;It's offer for 1USD for reading and 1 week free then subscribe Once I downloaded before any subscription automatically deducted 39USD for a WEEK.. WTH, I want my money back and cancel that subscription that it’s not shown anywhere
as:12763334392;golden;;en_or_unknown;price_not_expected;appstore;;;pol-18 pol-04;pol-18 pol-04;To the extent permitted by applicable law, all purchases are non-refundable and non-exchangeable unless stated otherwise or required by law.;yes;The user is asking for a refund for an unexpected charge after a free trial. The knowledge base includes the company’s refund policy and instructions about where to request refunds (platform-dependent), so an agent can act using those documents.;;;I am not having it I need my refund as I had not planned a deduction as I was given free trail there in the world can you do that
as:12932566333;golden;;en_or_unknown;price_not_expected;appstore;;;pol-04 hc-28900802305297 pol-13 pol-14;pol-04 hc-28900802305297 pol-13 pol-14;Deleting the app does not cancel your subscription, trial or introductory offer.;yes;They want the app uninstalled charges stopped, the subscription cancelled, and unauthorized charges refunded. Yes — the knowledge base includes where refunds are handled, how to cancel subscriptions, the $1 verification charge explanation, and expected refund timing.;;;I did not buy or pay anything. I paid $1 to see something like a 12 day guide?? But other than that I have almost $60 charged to my credit card. I am not impressed. I had deleted this app a couple months ago and I see I have money on hold from my account because they are trying to charge me. Please fix and refund me
as:12988941657;dev;;en_or_unknown;price_not_expected;appstore;;;hc-28900802305297 pol-04 hc-28899709030417;hc-28900802305297 pol-04 hc-28899709030417;Log in to your account on AskNebula.com.;yes;They want the subscription canceled (and likely a refund) because they were charged after a trial and cannot find an unsubscribe option in the app. The knowledge base contains cancellation steps and explains how refunds are routed depending on where the subscription was purchased, and it also explains why website subscriptions may not be visible in phone settings.;;;I have been deducted my money yet I only used the trial and now the app has no option to unsubscribe.Please fix it  so frustrated
as:13013117962;golden;;en_or_unknown;price_not_expected;appstore;;;pol-04 hc-28900802305297;pol-04 hc-28900802305297;If you subscribed or started a free trial via the App Store, refund requests are handled directly by Apple.;yes;They are asking for a full refund for >$400 AUD charged during use of the app (claiming misleading “3 free minutes”, unintended charges, and an unauthorized bank deduction). The knowledge base does state where refunds are handled and what evidence/support to request, so an agent can act if they confirm where the purchase was made and collect the payment details/screenshots requested in the KB.;;;"Dear Developer,
I am writing to respectfully request your assistance in obtaining a full refund of the amounts charged. The app's offer of three free minutes was misleading, as it failed to clearly communicate the terms of the service.
Upon using the app, I discovered that the response time was delayed, and subsequent questions were asked before I could decline, resulting in unintended charges. Despite my efforts to decline, the charges continued to accumulate.
Furthermore, I am concerned that the app was able to bypass Apple Pay and deduct the funds directly from my bank account without my authorization.
As a 71-year-old retired pensioner living with malignant bone marrow cancer, I am on a limited income and cannot afford the loss of over $400 Australia. I believe that this experience was not only unprofessional but also exploitative.
Therefore, I am appealing to your sense of kindness, compassion, and fairness to promptly process this refund. I would appreciate your prompt attention to this matter."
as:13099255101;golden;;pt;price_not_expected;appstore;;;pol-04 pol-14;pol-04 pol-14;If you subscribed or started a free trial via the App Store, refund requests are handled directly by Apple.;yes;They request a refund for an unauthorized $244.96 charge. The knowledge base specifies where refund requests must be directed (App Store, Google Play, or support) and how long refunds take, so an agent can follow those procedures.;;;Paguei 5 dólares para uma consulta! Alguns dias depois me descontaram 244,96 sem minha aprovação! Quero meu dinheiro de volta!
as:13113884649;golden;;de;price_not_expected;appstore;;;hc-28900802305297 pol-04;hc-28900802305297 pol-04;When contacting support, please provide the following to help us locate your account:;yes;They want the unexpected €39 subscription charge reversed and the subscription cancelled. The knowledge base does include cancellation steps and explains where refund requests must be submitted depending on how the subscription was purchased, so an agent can act using those articles.;;;Angeblich habe ich ein Abo für 39€ abgeschlossen wovon ich nichts weiß. Ich will mein Geld zurück. Es war eine Anzeige für 1€ das ich einmalig bezahlt habe und nun wurde mir heute nochmals 39€ abgezogen. Ich möchte keine Abos und mein Geld zurück.
as:13126445688;dev;;es;price_not_expected;appstore;;;hc-28900802305297 pol-04;hc-28900802305297 pol-04;If you subscribed or started a free trial via the App Store, refund requests are handled directly by Apple.;yes;They’re asking to stop the recurring $35 monthly charges and cancel the subscription (and presumably get a refund). The knowledge base includes cancellation steps and explains where refunds are handled depending on how the subscription was purchased, so an agent can act using those articles.;;;"Yo no acepté la renovación de 35 dólares todos los meses! Preciso que cancelen esos cobros ya que mi tarjeta piensa que es un fraude.

Yo no contraté el de 35 dólares! No me aparece en la app la suscripción ni tampoco en Apple Store! No la puedo cancelar!"
as:13231515887;fewshot;;de;price_not_expected;appstore;;yes;hc-28900802305297 pol-04 pol-18 hc-28899811054737;hc-28900802305297 pol-04 pol-18 hc-28899811054737;If you subscribed or started a free trial via the App Store, refund requests are handled directly by Apple.;yes;They demand the subscription be cancelled, the three €39 charges refunded, their account/data deleted, and written confirmation of contract termination. Yes — the knowledge base includes steps to cancel subscriptions, explains where refund requests must be routed depending on purchase channel, describes refund/withdrawal rights for EEA/UK, and gives account-deletion instructions.;;;"Einmal auf die 1€ Probeabo geklickt und bis jetzt pro Monat 39€ vom Bankkonto abgebucht. Ich habe es leider erst nach drei Monaten bemerkt. 

Hiermit teile ich Ihnen mit, dass ich mich durch die Gestaltung Ihres Angebots getäuscht fühle. Das vermeintliche Probeabo stellte sich im Nachhinein als kostenpflichtiger Vertrag heraus, ohne dass dies bei Vertragsabschluss klar und deutlich erkennbar war.

Da ich davon ausging, ein unverbindliches und kostenloses Probeabo abzuschließen, erkläre ich hiermit den Widerruf bzw. die Anfechtung des Vertrages wegen arglistiger Täuschung gemäß § 870 ABGB (bzw. § 119 ff. BGB, nach deutschem Recht).

Ich fordere Sie daher auf, den Vertrag umgehend aufzulösen und keine weiteren Zahlungen einzufordern oder Abbuchungen vorzunehmen. Es sind drei Abbuchung zu je 39€ erfolgt, ich ersuche um unverzügliche Rückerstattung des Betrags.

Bitte bestätigen Sie mir schriftlich die Auflösung des Vertrages und die Löschung meiner Daten!!!

[Name]"
as:13270739381;golden;;en_or_unknown;price_not_expected;appstore;;;pol-04 hc-28900802305297 pol-14;pol-04 hc-28900802305297 pol-14;If you subscribed or started a free trial via the App Store, refund requests are handled directly by Apple.;yes;They want an explanation and resolution for an unexpected ~1000 CZK charge (they bought a 1€ horoscope), including how to get a refund and stop further charges. The knowledge base does contain the facts and actions an agent needs: where refunds are handled (depends on purchase channel), how to cancel subscriptions, and how long refunds take.;;;Why was I charged over 1000czk I just wanted a horoscope and bought a 1€ version, now my bank account is effing empty because of this charge. I don’t even have it on my subscription list on appstore, why would you charge me that much. I am so so sad:((
as:13492846656;golden;;en_or_unknown;price_not_expected;appstore;;;pol-04 hc-28900802305297;pol-04 hc-28900802305297;If you subscribed or started a free trial via the App Store, refund requests are handled directly by Apple.;yes;They want the recent charge refunded and their subscription stopped after deleting the app. The knowledge base includes who handles refunds for App Store/Play/website purchases and how to cancel subscriptions, so an agent can act using those articles.;;;“I downloaded the app, it charged me the first time — I thought okay, even though it wasn’t written that the amount would be that high. After deleting it and no longer using it, this time it deducted twice as much. Please refund at least the last amount.”
as:13590293344;dev;;de;price_not_expected;appstore;;;pol-04 hc-28900802305297 pol-13 pol-14;pol-04 hc-28900802305297 pol-13 pol-14;Deleting the app does not cancel your subscription, trial or introductory offer.;yes;They demand a full refund for an unexpected €43 charge and say they deleted the app after paying €1. The knowledge base documents where refund requests are handled, how to cancel and what evidence is needed, and also explains the small verification charge and refund timing — the agent will still need to know where the purchase was made and to see proof of the transaction.;;;Dies ist ein Betrug. Ich habe lediglich 1 € bezahlt, dennoch wurden mir gestern 43 € von meiner Kreditkarte abgebucht. Ich fordere eine vollständige Rückerstattung. Ich habe die App unmittelbar nach der Zahlung von 1 € gelöscht.
as:13605550166;dev;;pt;price_not_expected;appstore;;yes;hc-28900802305297 pol-04 pol-18 pol-14 pol-13;hc-28900802305297 pol-04 pol-18 pol-14 pol-13;1. Log in to your account on AskNebula.com.;yes;They demand immediate cancellation of any subscription/recurring charges, a full refund of all unauthorized charges, and written confirmation no further charges will occur. The knowledge base DOES contain the cancellation steps and the relevant refund routing and timing policies (including platform-dependent handling and refund timeframes).;;;"Venho, por meio deste, registrar reclamação formal acerca de cobranças recorrentes indevidas realizadas em minha fatura.

Ao realizar o cadastro/utilização do aplicativo, foi solicitado apenas um pagamento inicial no valor de US$ 1,00, o qual autorizei exclusivamente para fins de teste/verificação. Em nenhum momento autorizei, contratei ou fui informado de forma clara sobre cobranças recorrentes ou valores superiores aos mencionados inicialmente.

Apesar disso, venho sendo surpreendido com lançamentos recorrentes de valores significativamente maiores, referentes a serviços que não solicitei, não utilizei e com os quais não concordo.

Diante do exposto, exijo:
	1.	Cancelamento imediato de qualquer assinatura ou cobrança recorrente vinculada à minha conta;
	2.	Estorno integral de todos os valores cobrados indevidamente, desde o primeiro lançamento não autorizado;
	3.	Confirmação formal, por escrito, de que nenhuma nova cobrança será efetuada.

Ressalto que a prática configura cobrança indevida, conforme previsto no Código de Defesa do Consumidor (art. 39 e art. 42), o que me assegura o direito à restituição dos valores pagos.

Aguardo solução imediata. Caso não haja retorno ou resolução em prazo razoável, tomarei as medidas cabíveis junto aos órgãos de defesa do consumidor e demais instâncias competentes."
as:13635950628;dev;;en_or_unknown;price_not_expected;appstore;;;hc-28900802305297 pol-04;hc-28900802305297 pol-04;If you subscribed or started a free trial via the App Store, refund requests are handled directly by Apple.;yes;They want the subscription canceled (stop future collections) and the duplicate monthly charge refunded. Yes — the knowledge base includes cancellation steps and explains where refund requests are handled (App Store vs Google Play vs website), so an agent can act on this using those articles.;;;I bought a birth chart reading for USD 0.50 and have been charged twice for a monthly subscription despite informing you that I didn’t sign up for a subscription. Please cancel all collections!
as:14252277944;dev;;han;price_not_expected;appstore;;;pol-04 hc-28900802305297;pol-04 hc-28900802305297;If you subscribed or started a free trial via the App Store, refund requests are handled directly by Apple.;yes;They want a refund of 363 RMB for an accidental subscription (and for the subscription to be stopped / the issue resolved). The knowledge base says how refund routing works for App Store purchases and also includes cancellation steps, so an agent can act using those articles.;;;"上面显示是三天免费试用，结果一下载就扣了363，退款也被拒绝了 ，I was misled by the interface into an accidental subscription, losing 363 RMB. Apple refused a refund, and your response was just ""we'll look into it"" with no real action. If you can collect the payment, why not refund it? Please stop the runaround and solve this issue."
as:14295551317;golden;;es;price_not_expected;appstore;;;pol-13 pol-04 hc-28900802305297;pol-13 pol-04 hc-28900802305297;We may verify your payment method with a small temporary charge, which will be refunded to you within ten (10) business days.;yes;They want their money returned (a refund) for a social-media purchase that charged a €1 hold and then €14 and did not deliver expected content. The knowledge base does contain guidance an agent can use: it explains small verification charges and their refund timing, how refund routing depends on where the purchase was made, and what information to request when contacting support.;;;Lo de tu alma gemela en instagram, te dice cuánto tienes pagar 1€ el mínimo luego me cobran 14€ y no pone la puñetera foto… te manda a una app de tarot… Quiero que se me regrese mi dinero ya que no se ha procesado la solicitud que esperaba, menuda estafa…
as:14297792245;golden;;en_or_unknown;price_not_expected;appstore;;;pol-18 pol-04;pol-18 pol-04;App Store purchases and trials are refunded by Apple, via the Apple support page.;yes;They request an urgent review, explanation and a refund for an Apple App Store overcharge. The knowledge base states that App Store purchases and refund requests are handled directly by Apple, so the agent cannot issue an App Store refund themselves and should direct the user to Apple Support.;;;I would like to file a complaint regarding a purchase made through the Apple App Store. I purchased an item valued at only $10, but $100 was deducted from my account. I kindly request an urgent review of this transaction, verification of the reason for this incorrect charge, and a refund of the excess amount to my account as soon as possible. I would also appreciate a formal explanation of this issue and information about the steps that will be taken to resolve it.
as:14322469839;golden;;han;price_not_expected;appstore;;;pol-18 pol-04 hc-28900802305297;pol-18 pol-04 hc-28900802305297;GENERAL RULE. To the extent permitted by applicable law, all purchases are non-refundable and non-exchangeable unless stated otherwise or required by law.;yes;They are demanding an immediate refund and (implicitly) cancellation of a subscription they say they never used. Yes — the knowledge base contains the refund policy and instructions about where refunds are handled and how to cancel, so an agent can follow those documents (but will need the purchaser's payment/purchase details to act).;;;"Is it cheating money? My money is easy to cheat, isn't it? It's better to return my money to me. I don't care about your terms and conditions. I haven't used any functions at all and haven't seen the report. After reading the report, I'll charge more later. Forced subscription to pay? I don't care, it's just a refund!

騙錢嗎？我的錢很好騙是嗎？最好是把我的錢退給我，我不管你們那些有的沒的條款，我完全沒使用到任何功能也沒看到報告，看報告的錢就算了後面還多收其他，強迫訂閱付款？我不管就是退款！"
as:14322764387;dev;;en_or_unknown;price_not_expected;appstore;;;pol-04 pol-18 hc-28900802305297;pol-04 pol-18 hc-28900802305297;If you subscribed or started a free trial via the App Store, refund requests are handled directly by Apple.;yes;They want the accidental annual subscription canceled, an explanation of how they were charged, and assistance obtaining a refund. Yes — the knowledge base includes where refunds are handled (App Store vs web), the refund policy and how to contact support with payment details, so an agent can act using those articles.;;;Hi, I was only trying to start the free trial to test the app, and I don’t know how I ended up being charged for an annual subscription. I never intended to purchase the yearly plan. I don't need it. Could you please help me understand what happened and assist me with a refund? I contacted apple but the request was diclined as it went through third party. I would really appreciate your help. Thank you.
as:14334387664;golden;;en_or_unknown;price_not_expected;appstore;;;hc-28900802305297 pol-04;hc-28900802305297 pol-04;If you subscribed or started a free trial via the App Store, refund requests are handled directly by Apple.;yes;They want their subscription cancelled immediately and a full refund for an unauthorized charge. Yes — the knowledge base includes the cancellation steps and explains where refund requests must be directed depending on how the subscription was purchased.;;;Hello, I subscribed only to the $1 trial, but your app charged me 394,687 VND without my consent. This is an unauthorized charge. I did not agree to pay this amount. Please cancel my subscription immediately and refund the full amount. If this issue is not resolved promptly, I will report the transaction to my bank and request a chargeback. Thank you.
as:14338757395;golden;;han;price_not_expected;appstore;;;pol-04 hc-28900802305297;pol-04 hc-28900802305297;If you subscribed or started a free trial via the App Store, refund requests are handled directly by Apple.;yes;They are asking for an investigation and a refund of an unexpected $45 charge and clarification/help about cancelling the subscription and locating the purchased report. The knowledge base does contain the relevant guidance on where refunds are handled (App Store vs Google Play vs website) and how to cancel/contact support with the evidence needed to process such requests.;;;"我在網路上看到一則廣告並下載了這個 App。
我本來不打算在 App 裡購買任何 300 點或類似的東西，但我無緣無故被扣了 45 美元，對此我感到非常不滿。
我已經取消訂閱了，但我不確定能否獲得退款。
我剛在週二晚上收到電子郵件通知。儘管 Instagram 的廣告是中文的，但該 App 的介面對於中文使用者來說非常「不友善」。我沒有意識到支付 5 美元意味著開始試用版——我想要的只有那份報告！
我拒絕支付 被扣款的 45 美元。請調查此事並將款項退回我的帳戶。謝謝。

後來我發現報告在網頁裡面並不在 App 裡面！訂閱介面也非常的難找。取消的任何介面必須在網頁中才能找到！"
as:14466218468;golden;;en_or_unknown;price_not_expected;appstore;;;hc-28900802305297 pol-04 pol-15 pol-14;hc-28900802305297 pol-04 pol-15 pol-14;If you subscribed or started a free trial via the App Store, refund requests are handled directly by Apple.;yes;They’re asking to cancel their subscription and receive a full refund for an unauthorized $14.99 charge. Yes — the knowledge base includes cancellation steps and rules about how refunds are handled depending on where the subscription was purchased, so an agent can act on this from the KB.;;;Hello, I subscribed only to the $1 trial, but your app charged me 14.99 USD without my consent. This is an unauthorized charge. I did not agree to pay this amount. Please cancel my subscription immediately and refund the full amount. If this issue is not resolved promptly, I will report the transaction to my bank and request a chargeback. Thank you.
as:5689448332;fewshot;;en_or_unknown;price_not_expected;appstore;;;hc-28900802305297 pol-04;hc-28900802305297 pol-04;Deleting the app does not cancel your subscription, trial or introductory offer.;yes;"They want the recurring charge stopped and a refund for charges after an unwanted free trial; an agent needs cancellation steps and guidance on how refunds are handled depending on where the subscription was purchased. These actions are documented in the knowledge base (cancellation steps and refund routing).";;;I only used the app for the free 7 day thing I think. I didn’t want to continue on using the app because I just wanted to check it out first. I uninstalled it after the free days have stopped. Because I also didn’t want to pay. Since I’m not using the app I’ve been charged for an app I don’t even use any more. I’d like to have my money back or I’ll have to take some actions. I don’t want to keep paying. Can anyone please help.
as:5759642625;golden;;en_or_unknown;price_not_expected;appstore;;;pol-04 hc-28900802305297 pol-14;pol-04 hc-28900802305297 pol-14;If you subscribed or started a free trial via the App Store, refund requests are handled directly by Apple.;yes;The user says they were charged immediately despite a 3-day free trial and is asking for a refund and cancellation. The knowledge base includes where refunds are handled (App Store/Play/website), cancellation/contact steps, and the refund timing, so an agent can act using those documents.;;;I was charged as soon as I downloaded the app, even though it said that it would charge me after the 3 free day trial!! I want my money back.
as:6746161638;golden;;pt;price_not_expected;appstore;;;pol-04 hc-28900802305297;pol-04 hc-28900802305297;If you subscribed or started a free trial via the App Store, refund requests are handled directly by Apple.;yes;They are asking for a refund because their annual subscription was charged immediately despite a promised 7-day free trial and they cancelled but were still billed. The knowledge base documents where refunds must be requested (refunds for App Store purchases are handled by Apple) and also contains cancellation instructions, so an agent can follow those procedures.;;;"Boa tarde! 

No dia 05/12/2020 baixei o aplicativo Nebula e tinha algumas abas bloqueadas disponíveis apenas para clientes assinantes e apareceu a a aba para assinar, tinha a opção de $137,90 o ano e 7 dias grátis e como queria experimentar concordei mas de imediato cobrou o valor sem dar os 7 dias experimentais, fui na hora cancelar mas mesmo assim foi cobrado, falsa propaganda de vocês não cumpriu o que apareceu!!!!! Não vou usar o app e tenho que pagar por um erro de vocês! Peço que reembolsem o valor, mais que justo!"
as:7221315155;golden;;pt;price_not_expected;appstore;;;pol-04 pol-14;pol-04 pol-14;If you subscribed or started a free trial via the App Store, refund requests are handled directly by Apple.;yes;They are asking for a refund for an immediate charge after accepting a 3-day free trial (they say they were charged R$124.90 and want their money back). The KB explicitly states where refund requests should be directed for App Store purchases, so an agent can follow that guidance.;;;Olá, entrei no app e como de praxe aceitei o free trial de 3 dias, sendo que posteriormente seria cobrado R$ 124,90. Quando cliquei em aceitar já foi debitado da conta, era golpe do sistema. Vou avisar a Apple e quero meu dinheiro de volta.
as:7659356467;golden;;es;price_not_expected;appstore;;;pol-04 pol-18 hc-28901150216337;pol-04 pol-18 hc-28901150216337;If you subscribed or started a free trial via the App Store, refund requests are handled directly by Apple.;yes;They’re demanding a refund for a charge (MXN 1,299) from an in‑app roulette/prize and asking why they were charged. An agent needs to know where the purchase was made (App Store, Google Play or website), the refund routing/eligibility and how to contact support — those procedures are documented in the knowledge base.;;;Me ESTAFARON, sale una opción de una ruleta para ganar UN PREMIO en la app y me cobraron $1,299 MXN a mi tarjeta, POR QUÉ  DICE PREMIO SI NO LO ES ?!?😡😡😡 QUIERO MI DINERO NO LA APP
as:8137163153;dev;;en_or_unknown;price_not_expected;appstore;;;pol-04 pol-18;pol-04 pol-18;If you subscribed or started a free trial via the App Store, refund requests are handled directly by Apple.;yes;They are asking for a refund for a charge that occurred despite a stated 3-day free trial. Yes — the knowledge base documents explain where refund requests must be directed (depends on how the subscription was purchased) and the refund/withdrawal rules.;;;It’s clearly stated that it’s 3DAYS FREE TRIAL. So why you guys charged me 184.99aed on this?! I request a refund!!! I’m not expecting this all to happen! Give me back my money!!!
as:8434734893;golden;;en_or_unknown;price_not_expected;appstore;;;pol-04 pol-18;pol-04 pol-18;If you subscribed or started a free trial via the App Store, refund requests are handled directly by Apple.;yes;The user is asking to be refunded for an unexpected charge (20,900) that occurred minutes after downloading the app. The knowledge base includes guidance on where refund requests are handled (depending on purchase channel) and the refund policy/rights, so an agent can follow those documents to advise or process the request.;;;I got debited if #20,900 before few minutes into downloading this app. Please I need a refund. I was told to spin for prize but got debited instead.
as:8622307108;golden;;fr;price_not_expected;appstore;;;pol-04 pol-14;pol-04 pol-14;If you subscribed or started a free trial via the App Store, refund requests are handled directly by Apple.;yes;"They are demanding a cash refund of $80 (not store credit) for an in‑app/App Store charge and say Apple and the app support are deflecting; they want the company to return their money. The knowledge base states that App Store purchases/refunds are handled by Apple and also explains refund timing, so an agent cannot directly issue an App Store cash refund — the KB directs users to Apple and gives the timeline for refunds.";;;Faite attention car fait un mois j’essaye de ravoir mon 80$ ma fille a tourné une roue et pensais avoir gagné 😔mes non ça été enlevé toute suite de ma carte de débit 😡 80$ jeté à l’eau pour rien comme si j’avais des 80$ à donner misère contacter Apple il me dise que il peuve rien faire faut contacter l’administrateur de l’application alors contacter et il me dire non c’est pas nous c’est Apple star heyyyy misère de niaisage sérieux vous êtes des pourries fait 30jour j’me bat je veux pas de crédit je veux mon cash point final 😤😤😤😤😤
as:8770199716;golden;;es;price_not_expected;appstore;;;pol-04 hc-28900802305297;pol-04 hc-28900802305297;If you subscribed or started a free trial via the App Store, refund requests are handled directly by Apple.;yes;"They say a spin charged them over $1,000 MXN and created a subscription without consent; they want their money back and say the subscription does not appear in their Apple ID. The knowledge base tells agents where refund requests must be routed (depending on purchase platform) and what info to ask for when contacting support, so the necessary actions are documented.";;;No sé en qué momento girar una ruleta me quita más de $1000 pesos sin preguntarme antes si quiero una suscripción!!!! QUIERO MI DINERO DE VUELTA, ya traté de cancelarlo desde mi ID APPLE y no aparece la suscripción pero si me lo jaló el dinero de mi tarjeta de banco!!!
as:8888059463;dev;;es;price_not_expected;appstore;;;pol-04 pol-18 pol-14;pol-04 pol-18 pol-14;If you subscribed or started a free trial via the App Store, refund requests are handled directly by Apple.;yes;They are asking for a refund (estorno) for two charges ($5 and $19). The knowledge base includes where to request refunds (App Store, Google Play, or Support) and the refund/withdrawal policy an agent can follow.;;;Paguei 5 dólares para receber informações que o Google já me dava de graça. Além disso posteriormente cobraram 19 dólares no meu cartão! Quero o estorno!!
as:9771281645;golden;;es;price_not_expected;appstore;;;pol-04 hc-28900802305297 pol-18;pol-04 hc-28900802305297 pol-18;If you subscribed or started a free trial via the App Store, refund requests are handled directly by Apple.;yes;"They want a refund for a charge that occurred during a claimed 3-day free trial and confirmation that the subscription was cancelled; an agent needs to know where refunds are handled (App Store/Play Store/website), the cancellation steps, and the refund policy/timeframes. Yes — the knowledge base includes instructions for cancelling and explains refund routing and policy so an agent can act.";;;Acepte una suscripcion gratuita de tres dias y me la cobraron al segundo.. se suponia que te lo cobraban despues de la prueba si no no es gratis.. la app tampoco es del otro mundo a la media hora de usarla cancele mi suscripcion pero el dinero que me cobraron injustamente no me lo reembolsaron … devuelvanme mi dinero 😡
gp:0b215825-f8c;golden;;es;price_not_expected;googleplay;;;pol-04 pol-18 pol-14;pol-04 pol-18 pol-14;If you subscribed or started a free trial via the App Store, refund requests are handled directly by Apple.;yes;They demand a refund for an unauthorized charge and want the money returned. Yes — the knowledge base describes where refund requests must be sent (App Store vs Google Play vs website) and the refund/withdrawal rules and timelines needed to process this type of request.;;;solamente pague 4000 de prueba y resultó que me descintaron sin mi consentimiento 120.000. por favor necesito la devolucuon de mi dinero ya que no acepté ni marqué esa opcion de suscripcion ni nada hoy nuevamente me han sacado dinero sin mi autorizacion dizquenpor una compra que hice. son unos LADRONES ESTAFADORES DESCARADOS! Esta App ni deberia estar aca en google play. exijo la devolucuon de mi plata!
gp:0c991d5c-1c0;golden;;en_or_unknown;price_not_expected;googleplay;;;hc-28900802305297 pol-04 pol-13;hc-28900802305297 pol-04 pol-13;When contacting support, please provide the following to help us locate your account:;yes;They want a $50 refund and an explanation for an unauthorized web subscription/charge (and confirmation how the $1 charge relates). Yes — the knowledge base includes the refund/cancellation routing and the verification-charge policy and specifies what evidence/support needs to process refunds, so an agent can act using those articles.;;;"I paid $1 on June 18th and did not select any subscription plan; yet, without my authorization, you created a web subscription and charged my card $50 on June 25th—how could you do this when I hadn't even saved my card details in your app? Furthermore, your app couldn't even determine my place of birth to provide a horoscope reading; naturally, I deleted the app since it was completely useless. I expect a refund of the $50 charged to my card."
gp:14528ce0-b72;dev;;en_or_unknown;price_not_expected;googleplay;;;pol-04 pol-18 pol-14;pol-04 pol-18 pol-14;If you subscribed or started a free trial via the App Store, refund requests are handled directly by Apple.;yes;The customer is asking for an immediate refund of an unexpected $29.99 charge they say was unauthorized. The knowledge base includes the facts an agent needs to act: where refunds must be requested depending on purchase channel, the company refund policy/eligibility, and the timeline for refunds.;;;Dear Nebula Support Team, I am requesting an immediate refund of the unexpected $29.99 charge made to my creditcard. I only intended to make $1 payment for the sketch/drawing service. I did not intend to purchase or authorize any additional subscription or service costing $29.99 was surprised to see this additional charge on my payment method. I consider this charge unauthorized and misleading, as I did not knowingly agree to pay an additional $29.99 Please: Refund the full $29.99 !
gp:17d51dae-fed;dev;;pt;price_not_expected;googleplay;;;hc-28900802305297 pol-04;hc-28900802305297 pol-04;When contacting support, please provide the following to help us locate your account:;yes;They ask for help and a refund for multiple unauthorized card charges and need to know how to get reimbursed. The knowledge base documents explain refund routing (Apple/Google/website) and what information to collect when contacting support, so an agent can act using those articles.;;;Boa tarde alguém pode me ajudar e golpe ! coloquei o cartao opção 5 reias! automaticamente fizeram 3 comprar uma de 27.00 outrs 167.00 e a outra 267.00 me ajude preciso ter reembolso não sei como posso fazer !
gp:19fd8d28-540;dev;;pt;price_not_expected;googleplay;;;pol-18 pol-04 hc-28900802305297 pol-14;pol-18 pol-04 hc-28900802305297 pol-14;EEA AND UNITED KINGDOM — 14 DAYS. Residents may withdraw from a service or digital-goods agreement without charge and WITHOUT GIVING ANY REASON within fourteen (14) days of conclusion.;yes;The user says they were charged €39 for a subscription they did not authorize and asks for their money back and the subscription cancelled. The knowledge base includes refund rules (including EEA withdrawal rights), routing depending on purchase channel, and cancellation steps — so an agent can act but will need to know where/how the subscription was purchased.;;;fiz um pagamento de 1€ e recebi de acordo com o que proposto e fim , passados 1 semana me estão cobrando 39€ por algum tipo de serviço e assinatura que não fiz , quero que devolvam meu dinheiro.
gp:1b7ea899-aea;fewshot;;en_or_unknown;price_not_expected;googleplay;;;pol-04 pol-18 hc-28900802305297 hc-28900034911377;pol-04 pol-18 hc-28900802305297 hc-28900034911377;If you subscribed or started a free trial via the App Store, refund requests are handled directly by Apple.;yes;They want the $50 charge refunded and the subscription cancelled without losing access to the report they actually paid for. Yes — the knowledge base contains guidance on where refunds are handled (App Store / Google / web), how to cancel subscriptions, refund timing and how to access purchased readings.;;;I thought I was paying for a report, until I got charged 50$ for something I don't know what. now I am trying to cancel and get my money back without losing what I actually paid for. The whole settings is a run around.
gp:23247717-d05;dev;;es;price_not_expected;googleplay;;;pol-04 hc-28900802305297 hc-28901150216337;pol-04 hc-28900802305297 hc-28901150216337;If you subscribed or started a free trial via the App Store, refund requests are handled directly by Apple.;yes;They want the accidental $39 purchase reversed, the subscription cancelled, and a way to contact a human support agent. The knowledge base does include where refunds are handled (by platform), cancellation steps, and how to contact support for payment issues, so an agent can act using these documents.;;;AYUDA: Cuando abrí la aplicación, para eliminar un anuncio, hice click y de repente sin confirmar, se había comprado 300 créditos por 39 dolares, los cuales se han descontado de mi tarjeta. Quise cancelar la suscripción y por ende que me devuelvan el dinero debitado y no encuentro donde hacerlo. Ya hice varias reclamos mandando mensajes y me responde una IA, que no me da soluciones, no me devuelve el dinero. que puedo hacer? hay un correo o chat directo con una persona de la app para esto?
gp:2e139a14-c50;dev;;es;price_not_expected;googleplay;;;pol-04 pol-18 hc-28901150216337;pol-04 pol-18 hc-28901150216337;If you subscribed or started a free trial via the App Store, refund requests are handled directly by Apple.;yes;The user is requesting that Nebula refund/return unauthorized charges on their card (a $1 verification charge and a larger ~28,000 ARS charge) and investigate the fraud. The knowledge base does include where refund requests must be routed and how to contact support and what info to provide, so an agent can follow those documented steps (but they’ll need to know where the purchase was made and collect proof of the transactions).;;;ME ROBARON. hice una compra de un dólar, es decir 900 pesos que más impuestos se hacían 1400. Después De Esa Compra se acredito otra más de 28 mil pesos que yo no hice, ya contacte con la tarjeta y con la empresa pero necesito buscar ayudar en todos lados. POR FAVOR DEVUELVANME LA PLATA, LA NECESITO
gp:2f27e935-71e;golden;;pt;price_not_expected;googleplay;;;pol-04 pol-18 pol-14;pol-04 pol-18 pol-14;If you subscribed or started a free trial via the App Store, refund requests are handled directly by Apple.;yes;"The user is asking for a refund for charges billed in US dollars and is complaining about confusing Portuguese content; they want their money back. Yes — the knowledge base contains where refund requests should be routed, how to exercise withdrawal rights, and the expected processing time.";;;Horrível, cobram em dólar !!! mas boa parte do conteúdo está em português CONFUNDINDO O CONSUMIDOR !!! 5 DÓLARES sao 26 reais . Quero meu dinheiro de volta!!
gp:3119183d-5b2;golden;;en_or_unknown;price_not_expected;googleplay;;;pol-13 pol-04 pol-14;pol-13 pol-04 pol-14;We may verify your payment method with a small temporary charge, which will be refunded to you within ten (10) business days.;yes;They are asking for a refund for an unauthorized charge (and an explanation why a $1 charge appeared). The knowledge base does state the likely $1 verification charge and explains where refunds are handled and how long they take, so an agent can act using those documents.;;;Scam, scam, scam! I paid $1 initially, then it debited my account more than $100. I did not authorize that payment. I'm very disappointed. I want my money back!!!
gp:39b329a6-5bb;golden;;en_or_unknown;price_not_expected;googleplay;;;pol-04 hc-28900802305297 pol-14;pol-04 hc-28900802305297 pol-14;If you subscribed or started a free trial via the App Store, refund requests are handled directly by Apple.;yes;They want a refund for a $60+ charge after signing up for a $2.99 trial and cancelling. Yes — the knowledge base includes where refunds are handled (depending on purchase source), cancellation steps, and how long refunds take, so an agent can act using these articles.;;;signed up for a 2.99 trial, then cancelled. now I get a charge on my card for over $60! I want my money back! Seems so difficult to get rid of it!!
gp:43a14454-103;golden;;es;price_not_expected;googleplay;;;pol-04 pol-18 pol-14;pol-04 pol-18 pol-14;If you subscribed or started a free trial via the App Store, refund requests are handled directly by Apple.;yes;"They are demanding a refund for a purchase that was charged in USD and say the app/content was misleading; they want their money back. Yes — the knowledge base documents include where refund requests must be routed (App Store/Google/website), how to exercise withdrawal rights, and how long refunds take, so an agent can act from these pages.";;;Péssimo, lá consta um valor e depois que vc efetua a compra é descontado em dólar. Aplicativo tudo em inglês, nada a ver com o que aparece no Instagram, bando de golpistas, quero o reembolso do valor pago.
gp:451ca014-2a2;golden;;en_or_unknown;price_not_expected;googleplay;;;pol-18 pol-04 pol-14;pol-18 pol-04 pol-14;HOW TO EXERCISE IT. Notify Spiritual Nebula Limited, 62 Athalassas Avenue, Mezzanine Floor, Strovolos, 2012 Nicosia, Cyprus, email support@asknebula.com, by a clear unequivocal statement.;yes;They want a refund for an unexpected €50 charge and an explanation of the charges and how to get their money back. Yes — the knowledge base describes the refund policy, how to request a refund and where to route refund requests depending on where the purchase was made.;;;I found out about this app on an website add. I decides to click and I wanted just a reading that was 5€. then after buying that immediately another notification of more deals came and they style 50€ put of my bank and I can't even get my money back. the refund policy said that usually at checkour there will be an option to get my money back/money refund and that was never the case. I'm furious I want my money back
gp:47b41933-098;dev;;cyrillic;price_not_expected;googleplay;;;pol-13 hc-28900034911377 hc-28900802305297;pol-13 hc-28900034911377 hc-28900802305297;We may verify your payment method with a small temporary charge, which will be refunded to you within ten (10) business days.;yes;They ask why $1 was charged instead of $0 after signing up via Instagram (and whether that $1 will be refunded), whether the ‘contact us 8 days before end of then-current period’ requirement can apply to a 7-day free trial, and to get help locating the missing report. The knowledge base explains the temporary verification charge and how readings are delivered and how to cancel/manage subscriptions, but it does not document any “8 days before end” requirement for a 7‑day trial, so that specific claim cannot be confirmed from these docs.;;;Реклама с инсты) после нехитрых манипуляций приходит письмо на почту, но не с отчетом, а со стоимостью услуг, за ним - второе письмо с меньшей стоимостью, в третьем письме предлагают бесплатно получить 7ми дневный пробный период. Вместо заявленных 0$ списали 1$. Уже неприятно😕. Снизу пояснение - чтобы не списали дальнейшую оплату, свяжитесь за 8 дней до конца then-curent периода. Это возможно при 7ми дневном пробном?🤔 и отчет на почту не пришел)прошу связаться со мной для прояснения ситуации
gp:4c3c5636-634;golden;;hangul;price_not_expected;googleplay;;yes;hc-28900802305297 hc-28899740398481 pol-04 pol-13 pol-14 pol-05;hc-28900802305297 hc-28899740398481 pol-04 pol-13 pol-14 pol-05;Tap on 'Cancel subscription' and follow the on-screen instructions to complete the cancelation process.;no;They want the unexpected charges investigated, the subscription canceled, and a refund (they also complain subscription is invisible in Play Store and say they filed a chargeback). The knowledge base does contain cancellation steps, where refunds are handled depending on purchase source, the $1 verification-hold policy, refund timing, and auto-refill/charging details — so an agent can act using those articles.;;;아니, 재미삼아 1달러 결제하고 나갔는데 그날 바로 구독료나가고 1주일 뒤에는 배로 결제되었네요. 어떻게 이럴수 있습니까? 구독취소는 왜 안되게 해놓은겁니까? 구독동의도 하지않았는데 구독되게 해놓고 자동결제하는건 사기 아닌가요? 플레이스토어에서 구독 왜 취소 안되나요? 구독목록은 왜 안뜨게 해놓으신거죠? 그래놓고 영어설명에는 구독되어있으니 취소방법 올려놓으셨던데 사기 아닌가요? 저 해외불법청구로 카드사에 신고해놨습니다. 저 정말로 화가나네요. 법적대응 찾을것이니 후속조치 바랍니다. 그리고 답변 한국말로 적으세요. 왜 영어로 답변 답니까? 팔아먹을때는 한국어고, 고지내용, 환급정책은 다 영어네요? 것도 한국어로 다 다세요. 그리고 답변 이거 AI죠? 메일 주소도 통일되어있지 않던데요? 이거 파봐야겠네. 대응이 성의없어서 신고하겠습니다.
gp:58c62419-f6b;golden;;en_or_unknown;price_not_expected;googleplay;;;pol-04 hc-28900802305297;pol-04 hc-28900802305297;If you subscribed or started a free trial via the App Store, refund requests are handled directly by Apple.;yes;They want a refund for an unexpected ~$40 subscription charge and for the subscription to be cancelled. Yes — the knowledge base describes where refund requests are handled depending on purchase channel and gives steps to cancel subscriptions and what info to provide when contacting support.;;;i download this app just to get report and paid for that. today I'm charged with around 40 usd as subscription fee. i didn't subscribed for this. you are requested to please refund the same
gp:593942c6-741;golden;;es;price_not_expected;googleplay;;;hc-28900802305297 pol-05;hc-28900802305297 pol-05;Units are deducted on a per-minute basis, charged at the beginning of each minute of use.;yes;They want their subscription canceled so they stop getting charged after a chat, and an agent would need the cancellation steps plus an explanation of per-minute/auto-refill billing. Yes — the knowledge base includes cancellation instructions and the billing policy that explains ongoing charges.;;;No me gustó para nada empiezo a hablar con alguien por chat y me quiere seguir cobrando. La verdad pésimo. Deberían cobrarte solo una vez por sesión. Quiero darme de baja ¿como hago para que no me sigan cobrando?
gp:6588f289-210;dev;;fr;price_not_expected;googleplay;;;pol-04 hc-28900802305297 hc-28899709030417;pol-04 hc-28900802305297 hc-28899709030417;If you subscribed or started a free trial through the Google Play Store or directly via our website, please contact the Support center.;yes;They want the recurring $30 biweekly charges stopped, a refund issued, and the subscription cancelled. The knowledge base contains instructions on where refunds are handled and how to cancel (and explains why a web subscription might not appear in Google Play), so an agent can act using those articles.;;;J'ai cliqué sur essaie gratuit. Et je me fais chargée 30$ au deux semaines! Je veux être remboursé! De plus j'arrive même pas à annuler l'abonnement, il ne figure pas dans mes abonnements de Google Play.
gp:67858180-244;golden;;pt;price_not_expected;googleplay;;;pol-04 pol-18 pol-14 hc-28900802305297;pol-04 pol-18 pol-14 hc-28900802305297;If you subscribed or started a free trial via the App Store, refund requests are handled directly by Apple.;yes;They are asking for a refund for an apparent overcharge (they expected a R$13 charge but their bank was debited R$233). Yes — the knowledge base includes guidance on where refund requests are handled and the refund timelines and contact options an agent would need to act.;;;Péssima experiência faltaram que era de graça o teste daqui a pouco tinha que pagar a pessoa escolhia fui e escolhi pagar 13,00 quando olhei no meu banco tiraram 233 reais de minha conta quero meu dinheiro de volta.
gp:679443db-32b;golden;;pt;price_not_expected;googleplay;;;pol-18 pol-04 hc-28900802305297;pol-18 pol-04 hc-28900802305297;How to exercise it. Notify Spiritual Nebula Limited, 62 Athalassas Avenue, Mezzanine Floor, Strovolos, 2012 Nicosia, Cyprus, email support@asknebula.com, by a clear unequivocal statement.;yes;They are demanding a refund (estorno) for an alleged unauthorized charge of 200,07 EUR and say they did not purchase the service. The knowledge base does describe the refund policy, how to exercise withdrawal and where refunds are routed depending on purchase platform, so an agent can act — but they will need the transaction details/proof and the purchase method to process the request.;;;eu fiz uma leitura por 5,20 somente um teste. E não consegui nada somente enrolacao, agora vi que vocês cobraram 200,07 sendo que eu nem contratei o serviço de vocês. houve cobrança indevida. quero meu estorno eu sei dos meus direitos, empresa golpista e fraudulenta.
gp:70f36e96-83e;fewshot;;en_or_unknown;price_not_expected;googleplay;;;hc-28900802305297 pol-04 hc-28901216899857;hc-28900802305297 pol-04 hc-28901216899857;Once we receive your message, we’ll investigate thoroughly.;yes;They want the $45 charge stopped, an explanation why it was attempted despite a cancelled account, and compensation/refund for the unauthorized charge. Yes — the knowledge base contains cancellation steps, where to request refunds depending on purchase source, and guidance on contacting support with proof so an agent can investigate.;;;"Hello, you are trying to charge me $45 dollars for a free Palm reading,.. Yes I paid 2 dollars for a trial....I do not owe you money, nor did I sign-up for a Subscription, guys they are Scammers....I have No account with you! Update!! So I went to your website, Your own Chat Bot just Verified that My so - called account that I could Never find was Cancelled. If this is Correct; why are you trying to charge my account? Please stop, I need compensation, I have Proof you tried to cheat me 11/8/24"
gp:773442e1-d66;dev;;en_or_unknown;price_not_expected;googleplay;;;hc-28900802305297 pol-04 pol-15 pol-14;hc-28900802305297 pol-04 pol-15 pol-14;If you subscribed or started a free trial via the App Store, refund requests are handled directly by Apple.;yes;They want their one-time purchase/subscription canceled, the recurring annual billing stopped, and refunds for multiple bank reversal/chargeback transactions. Yes — the knowledge base includes instructions to cancel subscriptions and explains refund routing and chargeback guidance, though refunds depend on where the subscription was purchased.;;;Nebula, I made a one time purchase to see what my soulmate would look like and instead you guys are billing me for an annual fee? Please cancel that request which keeps getting bounced but I have so far endured three sets of bank reversal charges and I cannot find a method of cancelling you or it!!! Grrrrr!!!
gp:7a678a5a-a31;golden;;en_or_unknown;price_not_expected;googleplay;;;pol-04 hc-28900802305297 pol-18;pol-04 hc-28900802305297 pol-18;If you subscribed or started a free trial via the App Store, refund requests are handled directly by Apple.;yes;They want their $45 charges refunded, the subscription cancelled, and help accessing the account to do so. The knowledge base includes where refunds must be requested (depending on purchase source) and how to cancel and what information to provide, so an agent can act if the customer’s payment source and proof are known.;;;Paid the $1 for reading as advertised, was not informed that it would kick start a subscription and was then charged $45. went to cancel subscription, thought I had because I followed any directions I could find. low and behold, charged another $45 and now can't access the account to try to cancel again. Need help getting my money back please!
gp:8a354d25-612;dev;;pt;price_not_expected;googleplay;;;pol-18 pol-04 pol-14;pol-18 pol-04 pol-14;Notify Spiritual Nebula Limited, 62 Athalassas Avenue, Mezzanine Floor, Strovolos, 2012 Nicosia, Cyprus, email support@asknebula.com, by a clear unequivocal statement.;yes;They’re asking to get a refund for a €1 trial charge and €29.99 charge. The knowledge base does describe how refunds are handled (where to request them) and the refund policies and timelines, so an agent can act using those articles.;;;ofereceram um teste gratuito por 1 euro, hoje vou ver a minha conta descontaram me o tal euro mais 29.99€. eu quero o meu dinheiro de volta!
gp:8e3810f3-e94;dev;;en_or_unknown;price_not_expected;googleplay;;;pol-18 pol-04 pol-14;pol-18 pol-04 pol-14;Notify Spiritual Nebula Limited, 62 Athalassas Avenue, Mezzanine Floor, Strovolos, 2012 Nicosia, Cyprus, email support@asknebula.com, by a clear unequivocal statement.;yes;They are asking to get a refund for an unauthorized $43.99 charge (and to stop any subscription). The knowledge base includes the refund routing and the procedure to request a refund/withdrawal, so an agent can act using those documents.;;;I had paid just 1$ for the support 17/10/ 2025 and today on 30/10/2025 I was charged 43.99$ when I had not even applied for any subscriptions!!!! Is this how you treat your users!! How do I get a refund of my money? for I had not consented for the transaction...
gp:8f7008e4-4ca;golden;;tr;price_not_expected;googleplay;;;pol-04 hc-28900802305297 pol-18 pol-15;pol-04 hc-28900802305297 pol-18 pol-15;If you subscribed or started a free trial via the App Store, refund requests are handled directly by Apple.;yes;They demand a refund for an unauthorized charge (and expect the subscription/payment stopped). The knowledge base does contain instructions about where refund requests must be sent (Apple/Google/website) and what info/support steps are needed for refunds/cancellations.;;;dolandırıcıdir Bir yerde reklamını görüp girdim 0.50 dolar karsilihinda ad soyad doğum tarihi gibi bilgileri girdim ruh eşi cizimini görmek için. ama 8 gün sonunda herhangi bir şey vermedi. sonrasında uygulamada hesabı silip uygulamayı kaldırdım. ama bugün gordumku benim bilgim dışında 78 dplae [2 bin küsür lira] para çekilmiş kredi kartımdan. parayı iade edin yoksa polise şikayette bulunacağım.
gp:93516c08-e82;dev;;tr;price_not_expected;googleplay;;;pol-04 pol-18 hc-28901150216337 hc-28900034911377 hc-28901320551953;pol-04 pol-18 hc-28901150216337 hc-28900034911377 hc-28901320551953;If you subscribed or started a free trial via the App Store, refund requests are handled directly by Apple.;yes;They are demanding a refund for a large, incorrect charge (529 TL instead of $0.50), saying their natal chart was not delivered, and that they cannot switch the service language to Turkish. The knowledge base includes instructions on refund routing and policy, payment errors/contacting support, how to access readings, and language settings, so an agent can act using those documents.;;;0.50 cent çekilmesi gerekirken hesabımdan 529 TL para çekildi. Doğum haritası da gönderilmedi dili de Türkçeye çeviremiyorum. Paramı iade edin şikayet edeceğim.
gp:93dad88b-6d4;dev;;es;price_not_expected;googleplay;yes;;pol-04 hc-28900802305297;pol-04 hc-28900802305297;If you subscribed or started a free trial through the Google Play Store or directly via our website, please contact the Support center.;yes;They request a refund for an unauthorized 35,061 CLP charge (and imply they want any subscription canceled). The knowledge base includes where refund requests must be directed (by purchase source) and how to cancel subscriptions, so an agent has the steps to act.;;;puse los datos de mi tarjeta, pagué 1 USD por una foto que nunca llegó y al mes después me hicieron un cobro por 35.061 CLP el cual nunca autoricé, me imagino que debe ser una suscripción por los comentarios que leí, estoy muy decepcionada con transparencia de esta app, y quiero mi reembolso por ese pago no autorizado 😡
gp:96f5593f-525;golden;;en_or_unknown;price_not_expected;googleplay;;;pol-04 hc-28901216899857 pol-13;pol-04 hc-28901216899857 pol-13;If you subscribed or started a free trial via the App Store, refund requests are handled directly by Apple.;yes;The user demands an immediate refund of the $43 charge, wants an explanation for the $1 verification and the $43 deduction, and asks for the subscription/payment issue to be fixed. The knowledge base does include where refunds are handled and how to contact support, plus the $1 verification and refund timing policies, so an agent has documented steps to act.;;;Why payment deducted without any confirmation... No details... I opted for one time USD 1. USD 1 and USD 43 are deducted from my Bank card. Fix this asap. I need a USD 43 refund asap. Please fix this. No subscription details under playstore...
gp:9ad6c4c3-731;golden;;it;price_not_expected;googleplay;;;hc-28901216899857 pol-04 pol-13 pol-14 pol-15;hc-28901216899857 pol-04 pol-13 pol-14 pol-15;Once we receive your message, we’ll investigate thoroughly.;yes;The user is asking for their money back for unauthorized charges (a €1 verification and €39 charge) and wants the fraudulent attempts to stop. The knowledge base does include the refund routing rules (who handles refunds depending on purchase source), timelines for refunds, and instructions to contact Support with payment details so an agent can act.;;;sono stata derrubata ho pagato 1€ per un servizio che non ho ricevuto e pure sono riusciti a prendere 39€ di una carta mia...dopo provate di rendere i soldi da una altre carte...ora mi chiedo .se avessi fato e autorizzato un abbonamento ,sceglievo una carta giusta non così che loro cercano 3 carte diverse per prelevare ...nel tentativo di rubarli ..fino a che riescono voglio miei soldi indietro
gp:9b299d95-c20;dev;;en_or_unknown;price_not_expected;googleplay;;;pol-04 pol-18 hc-28900802305297 pol-13 pol-14;pol-04 pol-18 hc-28900802305297 pol-13 pol-14;Deleting the app does not cancel your subscription, trial or introductory offer.;yes;They are requesting a $19 refund for a charge after they deleted the app and need instructions on how to get that refund. The knowledge base does contain the refund-routing rules, cancellation notes (deleting the app does not cancel subscriptions), contact methods, and what information to provide to support, so an agent can act using these documents.;;;I had installed the app some months ago and they charged 1dollar for a reading which was deducted from my account but when the service wasn't provided, I deleted the app but then I was still charged 19dollars for something I know nothing about. this isn't fair. I need a refund of the 19dollars. how do I go about it since I had deleted the app?
gp:a3e0ed9a-bd5;golden;;en_or_unknown;price_not_expected;googleplay;;;pol-04 pol-18;pol-04 pol-18;If you subscribed or started a free trial via the App Store, refund requests are handled directly by Apple.;yes;They’re asking for a refund for an unexpected £49.99 charge (and note they’ve already canceled the subscription). The knowledge base does contain instructions on where refund requests should be directed and the company’s refund/withdrawal rules, so an agent has documented steps to follow.;;;I got this app as it said reading was £1 trial and then I would be asked if I want to continue with monthly fee. literally less than a week later 49.99 came out my account, without any consent. I don't know if there is any way to get my money back but I've cancelled my subscription on website as it doesn't give you an option to do this via app.
gp:b12b61c9-b4f;golden;;es;price_not_expected;googleplay;;;hc-28900802305297 pol-04;hc-28900802305297 pol-04;If you subscribed or started a free trial via the App Store, refund requests are handled directly by Apple.;yes;They want the charges to stop — cancel the subscription and (implicitly) request help for the unexpected $29.99 charges and possible refund. Yes — the knowledge base includes step-by-step cancellation instructions and guidance on where refund requests must be submitted depending on where the subscription was purchased.;;;hola me sale un pago a esta app de 29,99, pense que eran 5 dolares y me salen los dos pagos, quiero que no me cobren mas, darme de baja del servicio si es que es un pago mensual no se pero realmente no puedo pagar 29,99 por mes gracias desde ya si pueden solucionar
gp:b2c744ff-ba8;golden;;es;price_not_expected;googleplay;;;pol-04 hc-28870997526801 hc-28901320551953;pol-04 hc-28870997526801 hc-28901320551953;Our AskNebula.com website and services, such as chatting with professional advisors, are only available in English.;yes;They want the interface/content in Spanish and a refund/explanation for a €45 charge when they expected a €1 subscription, plus help contacting support because the site is in English. The knowledge base does contain guidance on language options, how in‑app subscriptions (yearly) are presented, and where refunds must be requested, so an agent can act using those articles.;;;no me deja leer aparece en inglés y puede poner en Español Porque me cobran 45 euros si yo solo me suscribí el de un euro esto es una estafa quiero mi dinero y no se como comunicarme ya que está en inglés
gp:bb8e5da6-c0e;dev;;es;price_not_expected;googleplay;;;pol-18 hc-28899179430801;pol-18 hc-28899179430801;GENERAL RULE. To the extent permitted by applicable law, all purchases are non-refundable and non-exchangeable unless stated otherwise or required by law.;yes;They are asking for a refund (they say they were charged after a trial, received no chat and an unsatisfactory report). Yes — the knowledge base includes the refund policy and instructions for reporting unsatisfactory readings/refund routing that an agent would need to evaluate and act on this request.;;;Pir favor necesito que me reembolsen, esto es un fraude, no recibí chat, el informe es una porquería, suscribí prueba y me cobraron casi $ 40.000. Porfavor devuelvan mi dinero
gp:bc747d6b-43b;golden;;en_or_unknown;price_not_expected;googleplay;;;pol-04 pol-18 hc-28900802305297;pol-04 pol-18 hc-28900802305297;Notify Spiritual Nebula Limited, 62 Athalassas Avenue, Mezzanine Floor, Strovolos, 2012 Nicosia, Cyprus, email support@asknebula.com, by a clear unequivocal statement.;yes;They want the incorrect charge reversed — a refund for the €10.26 they were charged (they expected $4.99) and for support to fix the payment. Yes — the knowledge base documents describe where refunds are handled (App Store vs Google vs web), how to request a refund and whom to contact, and what information to provide when contacting support so an agent can act.;;;I only want to pay for 4.99$ to know the whole information about compatibility. I even answered all of the questions in the add. I checked my card then they charged me for 10.26€ I'm starting to think that this is fraud and money eating service. Please fix this and I want a refund!
gp:bceaf4ac-614;dev;;en_or_unknown;price_not_expected;googleplay;;;pol-18 pol-04 pol-14;pol-18 pol-04 pol-14;Notify Spiritual Nebula Limited, 62 Athalassas Avenue, Mezzanine Floor, Strovolos, 2012 Nicosia, Cyprus, email support@asknebula.com, by a clear unequivocal statement.;yes;They request an immediate refund of an unexpected $14.99 charge they say was unauthorized. Yes — the knowledge base documents explain refund rights, how to request a refund (including contact details), and where refunds are routed depending on purchase method.;;;Dear Nebula Support Team, I am requesting an immediate refund of the unexpected $14.99 charge made to my account. I only intended to make a $1 payment for the sketch/drawing service. I did not intend to purchase or authorize any additional subscription or service costing $14.99. I was surprised to see this additional charge on my payment method. I consider this charge unauthorized and misleading, as I did not knowingly agree to pay an additional $14.99. Please: Refund the full $14.99 charge
gp:bd3f0d61-144;dev;;arabic;price_not_expected;googleplay;;;hc-28900802305297 pol-04 pol-13;hc-28900802305297 pol-04 pol-13;We may verify your payment method with a small temporary charge, which will be refunded to you within ten (10) business days.;yes;They request a refund of $14.99 and permanent cancellation of their subscription, and ask whether the $1 verification charge will be returned. Yes — the knowledge base includes cancellation steps, where refund requests are handled depending on purchase source, and the policy on small verification charges.;;;تم خصم مبلغ 1 دولار مني، ثم تم خصم 14.99 دولار إضافية ولم يكن واضحًا لي عند الدفع أن هذا المبلغ الإضافي سيُخصم. كما واجهت صعوبة في إلغاء الاشتراك. تواصلت مع خدمة العملاء وطلبت استرداد مبلغ 14.99 دولار وإلغاء اشتراكي نهائيًا. بس الحلو فيهم انهم يجاوبون على الايميل بس بشوف يردون فلوسي الي خصمت من غير علمي أو لا!!
gp:bf1918b6-63e;golden;;pt;price_not_expected;googleplay;;;pol-04 pol-18 pol-14;pol-04 pol-18 pol-14;If you subscribed or started a free trial via the App Store, refund requests are handled directly by Apple.;yes;They are asking for a full refund (estorno) of multiple unexpected charges and for the company to reverse those transactions. Yes — the knowledge base includes where refunds are handled (App Store vs Google Play vs website), how to exercise refund/withdrawal rights, and guidance on timing and contact details for support.;;;Olá! Me senti enganada, pois fiz a escolha de pagar $1  mas fizeram 4 cobranças, uma de R$ 165,59 e mais três de R$ 5,53. Aguardo o estorno do valor, era pra ser um quiz, propaganda enganosa pra começar, por que após isso veio o valor sugerido, e as as cobranças indevidas, estão agindo de má fé.  Caso não resolvam vou fazer um b.o  por que isso é considerado golpe, Aguardo retorno.
gp:c25b97ff-84c;dev;;en_or_unknown;price_not_expected;googleplay;;;pol-04 hc-28900802305297 pol-14;pol-04 hc-28900802305297 pol-14;If you subscribed or started a free trial via the App Store, refund requests are handled directly by Apple.;yes;They are asking for a refund for an unexpected $45 subscription charge (and asserting they never agreed to a subscription) and want the charge reversed. The knowledge base does include instructions on where refund requests must be sent (Apple/Google/website), cancellation steps, and the refund timing an agent should cite when responding.;;;I saw an ad that said you can do a 1$ palm reading so I said ok y not. Well I paid my dollar then a few days later I got hit with a 45$ charge saying I had a subscription . Ummm NO I canceled that as soon as I say it. I never agreed to a subscription I want my money back
gp:c4dcf522-165;golden;;pt;price_not_expected;googleplay;;;pol-18 pol-04 pol-14;pol-18 pol-04 pol-14;GENERAL RULE. To the extent permitted by applicable law, all purchases are non-refundable and non-exchangeable unless stated otherwise or required by law.;yes;They are asking for a full refund (reimbursement) for an unexpected €29.99 charge for a reading they say cost €5. The knowledge base includes the company’s refund rules, how to exercise withdrawal rights, and where refunds are routed depending on purchase platform, so an agent can follow those policies to respond and process (or escalate) the request.;;;Eu contratei uma leitura por 5€ e apareceu uma cobrança de 29,99€ que eu nem faço ideia do que seja . Exijo ressarcimento. Ainda me ofereceram devolver 50% do valor apenas , piada né
gp:c7214181-314;golden;;en_or_unknown;price_not_expected;googleplay;;;pol-04 pol-18 hc-28900802305297 pol-15;pol-04 pol-18 hc-28900802305297 pol-15;If you subscribed or started a free trial via the App Store, refund requests are handled directly by Apple.;yes;They demand a refund for an unexpected/unauthorized charge and want the charge stopped. Yes — the knowledge base documents explain refund routing, refund eligibility/timelines, and how to cancel subscriptions, though the exact steps depend on where the purchase was made.;;;My card was charged without my knowledge after i only authorized a one time charge and i need my money back!!!! You people are the worst
gp:ccbefafe-b23;dev;;en_or_unknown;price_not_expected;googleplay;;;pol-18 pol-04 hc-28900802305297;pol-18 pol-04 hc-28900802305297;To the extent permitted by applicable law, all purchases are non-refundable and non-exchangeable unless stated otherwise or required by law.;yes;They say they were charged a subscription instead of a one-time reading and want their money back (and the subscription cancelled). Yes — the knowledge base includes the refund policy, where refunds are handled depending on purchase method, and cancellation/contact steps an agent can follow.;;;signed up for a onetime read so I thought then I got charged for a subscription and when I inquired about a refund they also said that it was in plain view but I went back to their site because I didn't remember seeing anything that said that and I couldn't see anything when I went back to the site. they offered other readings but if I had wanted other readings but I do t want that I want my money back.
gp:d531010e-e31;fewshot;;hangul;price_not_expected;googleplay;;;hc-28900802305297 pol-04;hc-28900802305297 pol-04;If you subscribed or started a free trial via the App Store, refund requests are handled directly by Apple.;yes;They want to cancel the purchase/subscription and get a refund for an unexpected $29.99 in-app charge and cannot find the cancellation/refund path. Yes — the knowledge base includes cancellation instructions and explains where refund requests are handled depending on how the subscription was purchased.;;;1달러 결재하면 스케치된 그림을 메일로 보내주는줄 알고 결재했더니 앱다운시 29.99달러 가 같이 결재되었어. 스케치그림은 찾아볼수도 없고 메일을 여니 또 스케치를 위한 초기질문 루트만 나오네요. 취소하려고 몇시간을 찾아헤메도 자기네들이 말하는 루트대로의 취소활불 탭은 어디에도 없어요. 이건 사기라고 밖에 생각 안들어요 도대체 어디로 들어가야 취소 환불을 받을수 있을까요?
gp:e7c44b8d-c82;golden;;es;price_not_expected;googleplay;;;hc-28900802305297 pol-04 pol-13;hc-28900802305297 pol-04 pol-13;When contacting support, please provide the following to help us locate your account:;yes;They want their subscription canceled immediately and an explanation of the $1 vs $46 charges (and a refund/stop to further charges). The knowledge base includes cancellation steps and guidance on where refunds/verification charges are handled, so an agent can act using those articles.;;;hola quiero que cancelen mí suscripción hice el pago de 1 dólar pero ahora resulta que me quieren cobrar 46 dólares y no hay manera de cancelar la suscripción, aparte que la aplicación es todo en inglés! cancelen mí suscripción! es imposible usar esto y es una estafa
gp:e99e496e-2a4;golden;;en_or_unknown;price_not_expected;googleplay;;;pol-04 pol-14 hc-28900802305297;pol-04 pol-14 hc-28900802305297;If you subscribed or started a free trial via the App Store, refund requests are handled directly by Apple.;yes;They’re asking for a refund of an unexpected $39.99 charge after a €1 trial and say they already unsubscribed. The knowledge base includes where refund requests must be made (depends on purchase source), cancellation steps, and the refund processing timeframe, so an agent can act using those articles.;;;Hey! I purchased a trial period for €1 and after a couple of days you charged me $39.99 without my consent!!!! I already unsubscribed 2 days ago and yesterday I got charged on my bank account. I want my money back !! I never agreed you charge me for your products!!
gp:ec01520a-736;dev;;es;price_not_expected;googleplay;;;pol-04 hc-28900802305297 pol-18;pol-04 hc-28900802305297 pol-18;If you subscribed or started a free trial via the App Store, refund requests are handled directly by Apple.;yes;"They are demanding a refund for a $40 charge after a $1 trial they didn’t authorize and say they had uninstalled the app; they want their money back. Yes — the knowledge base includes where refund requests must be directed (App Store/Google/website), cancellation steps, and the company refund/withdrawal policy an agent would need to act.";;;Pague por la prueba 1$ y NUNCA autorize a que me cobren 40$ pasado unos días, hasta había desinstalado la app DEVUELVAN MI DINERO
gp:f2838531-d25;fewshot;;en_or_unknown;price_not_expected;googleplay;;;hc-28900802305297 pol-04;hc-28900802305297 pol-04;If you subscribed or started a free trial via the App Store, refund requests are handled directly by Apple.;yes;They want their account/subscription cancelled and the $39 charge refunded (they say they only paid $1 for a trial). The knowledge base contains cancellation steps and explains where refunds are processed (it depends on how the subscription was purchased), so an agent has documented guidance for both cancellation and refund routing.;;;After paying $1 for a free reading why I am charged $39 when I did not even opt for any additional services & in the app I can not even see an option to opt out of this so called monthly subscription. please cancel my accoynt from your end & plan to refund the charged amount. if this feedback do not work, I will call my bank to void this auto biller from Nebula. It actually falls under fraud.
gp:f5664c59-71c;golden;;es;price_not_expected;googleplay;;;pol-04 pol-18;pol-04 pol-18;If you subscribed or started a free trial via the App Store, refund requests are handled directly by Apple.;yes;They are asking for a refund for an unexpected MXN $153.95 charge (they expected max MXN $15) and label the service a fraud. Yes — the knowledge base describes refund routing (who handles refunds depending on where the purchase was made) and the refund policy and contact process, so an agent can follow those instructions.;;;Pésima aplicación, yo entre desde un enlace en Instagram llene un formulario de compatibilidad astrologica de pareja, y para que te la envíen supuestamente son máximo $15 pesos,mxn y el 2 de marzo me hicieron un cargo de $153.95 mxn quiero mi reembolso, son un fraude.
gp:fa4383c3-ca3;golden;;es;price_not_expected;googleplay;;;pol-04 pol-14 pol-13;pol-04 pol-14 pol-13;If you subscribed or started a free trial via the App Store, refund requests are handled directly by Apple.;yes;"They are requesting a refund for an unauthorized charge (they expected $1 but were charged about $30) and complaining that promised refund hasn’t arrived; an agent needs to know who handles refunds and the expected timelines. The knowledge base documents explain refund routing by purchase source and the refund processing time, and also the small verification-charge policy.";;;Pesimo estafadores pague un dolar y me descontaron casi 30 que yo no autorice de mi cuenta , solo me llegar respuestas automacas, me dicen si quiero el reembolso, digo que si, y me vuelve a llegar el mismo correo, sigo esperando mi dinero
syn:04;synthetic;yes;pt;price_not_expected;;;;pol-04 pol-18 pol-14;pol-04 pol-18 pol-14;If you subscribed or started a free trial via the App Store, refund requests are handled directly by Apple.;yes;They are asking for a refund of R$412 taken in three unauthorized installments. Yes — the knowledge base describes where refund requests must be routed (App Store / Google Play / website), how to contact support, and the expected timing for refunds.;;;Tenho 68 anos, vivo de pensão e o dinheiro era dos meus remédios. Tiraram R$ 412 da minha conta em três parcelas que eu nunca autorizei. Preciso desse dinheiro de volta.
syn:10;synthetic;yes;fr;price_not_expected;;;yes;pol-04 pol-18 pol-14;pol-04 pol-18 pol-14;If you subscribed or started a free trial via the App Store, refund requests are handled directly by Apple.;yes;They demand a full refund for three unauthorized €39.99 charges within eight days. The knowledge base describes where refunds must be requested (App Store vs Google Play vs website) and the applicable refund/withdrawal rules and timelines, so an agent can act — provided they know which platform processed the payments and receive the payment evidence from the user.;;;J'ai déjà déposé une plainte auprès de la DGCCRF. Trois prélèvements de 39,99 € que je n'ai jamais autorisés. Je demande le remboursement intégral sous huit jours.
syn:14;synthetic;yes;en_or_unknown;price_not_expected;;;;hc-28870997526801 pol-05;hc-28870997526801 pol-05;To access certain features you top up an account Balance with Balance Units.;yes;They want to know what the $39.99 charge covers and which features are included in that plan. The knowledge base contains the subscription-features article and the billing policy about Balance Units/per-minute charging, so an agent can answer this from those documents.;;;I see a charge of $39.99 on my card. I am not asking for a refund — I just want to understand what exactly I am paying for and what the plan includes.
