id;set;synthetic;lang;category;store;rail_uncertain;expects_none;gold;proposed;evidence;evidence_found;reasoning;error;note;original
as:10775738782;golden;;en_or_unknown;app_defect;appstore;;;hc-28901281229713 hc-36833080725777;hc-28901281229713 hc-36833080725777;Accurate astrological insights depend on the correct representation of your zodiac and ascendant signs.;yes;The user believes their moon sign is incorrectly calculated in their profile and is asking for a fix. The knowledge base provides instructions on how users can verify and update their birth details to ensure their astrological chart is calculated correctly.;;;So basically I was signing in to use the app and it said my sun sign is Sagittarius that’s correct it said my rising sign was cancer correct but then it said my moon sign was cancer too that’s incorrect im a Gemini moon and I am for sure of it in the reviews everyone talks about how accurate this app is but honestly I’m not so sure because it got my zodiac chart wrong can you please fix this glitch that you have in the game ?
as:13607579600;dev;;en_or_unknown;app_defect;appstore;;;hc-28901074285713;hc-28901074285713;If you're facing issues with the Nebula app not working correctly, here are a few things you can try: • Make sure your app is updated to the latest version. • Close and reopen the app. • Restart your phone. • Check your internet connection.;no;The user is reporting that the Nebula app crashes or fails to load upon opening, and they need troubleshooting steps to resolve this technical issue. The knowledge base provides specific steps for addressing app performance and stability problems.;;;I haven't used this app in a while and I tried going into the app. It would exit without loading. It just started doing this issue for me and it still won't load. Please help to fix this issue for me so I can use this app without it doing this same issue
as:5651828382;golden;;en_or_unknown;app_defect;appstore;;;hc-28901281229713 hc-36833080725777;hc-28901281229713 hc-36833080725777;Tap the arrow next to the incorrect detail and update it;yes;The user wants to update their birth time and re-submit palm reading photos, as they believe they entered incorrect information. The knowledge base provides instructions for updating birth details in the profile, but does not provide a feature for re-submitting palm reading photos.;;;"I love almost everything about the app; however, I didn't know my birth time when i entered all my info. Now, I foud out what my birthtime is and tried everything I could to add the time and doesn't seem like there is a way to? I paid the lifetime fee (which is pretty hefty) but I wish there was a way to reenter the data. Same goes for the palm reading feature. Can you please make it to where I can re-do the palm pictures? I don't think I did it correctly the first time but there doesn't seem to be a way to go back and try it again. Please add the a feature for resubmission of information. And if you can already.. How do you do it? Maybe I'm missing something..?"
as:5966073491;dev;;en_or_unknown;app_defect;appstore;;;hc-28901281229713 hc-36833080725777;hc-28901281229713 hc-36833080725777;"Tap the settings gear icon, Select ""My Profile"", Tap the arrow next to the incorrect detail and update it";no;The user is asking how to correct their birth information in the app because their ascendant sign is displaying incorrectly. The knowledge base provides specific steps to update profile details, including birth information, to fix such discrepancies.;;;hello, I was inside the application and put all my information and in the end, my parent is wrong. my ascendant on various maps is cancer, but it was like twins. I don't know now, which one is correct, but as I've done several, it has already given cancer many times. how do i change this?
as:6515504674;golden;;es;app_defect;appstore;;;hc-28901074285713 hc-28901224006801;hc-28901074285713 hc-28901224006801;Please provide a description of the problem, screenshots (if possible), steps you took, and your birth details.;yes;The user is reporting a technical issue where the app crashes when they attempt to enter their birth time, and they have already tried reinstalling it. An agent would need to provide troubleshooting steps for app performance issues and request specific details to investigate the crash.;;;la acabo de descargar y no me deja escribir mi hora de nacimiento!! se cierra de repente!!   trate de eliminarla y bajarla de nuevo pero pasa lo mismo! arréglenlo por favor :(((((
as:6625002373;golden;;en_or_unknown;app_defect;appstore;;;hc-28901074285713;hc-28901074285713;If you're facing issues with the Nebula app not working correctly, here are a few things you can try: • Make sure your app is updated to the latest version. • Close and reopen the app. • Restart your phone. • Check your internet connection.;no;The user is reporting a technical bug in the Nebula app where navigation tabs are displaying incorrect content. An agent would need to provide troubleshooting steps for app issues, which are documented in the knowledge base.;;;"Okay this app was great when i first got it and worked really well, but recently there have been some problems. 
A few days ago, i was just checking in for my daily horoscope, but when i pressed on ‘Week’, it showed me the ‘month’ section instead. And when i pressed ‘month’ is showed me the 2020 section. Please fix this bug because i don’t know how i can get into week."
as:6925904763;golden;;en_or_unknown;app_defect;appstore;;;hc-28901281229713 faq-13;hc-28901281229713 faq-13;You can try refreshing your profile by temporarily changing some details, saving them, and then entering the correct information again.;yes;The user is reporting an incorrect ascendant sign in their profile despite using consistent birth data and is asking for a fix. The knowledge base explains that sign transitions can vary based on location and leap years, and provides steps to verify and refresh profile information to resolve such display issues.;;;I’ve had this app for a while now and love it, but recently starting to have issues. It has always showed me as a Scorpio ascendent, as well as other apps I’ve used. Now all of a sudden it’s switched my ascending sign to Sagittarius. I’m using the same correct birthdate, time of birth and birthplace as when I first got this app. I’ve tried logging in and out several times and putting my information back in, but it still keeps showing Sagittarius rising. My sun and moon sign is still correct, only my ascending has changed, and now my chart is all thrown off. Please fix this or I don’t feel the need to use this app anymore, when it’s showing me incorrect information.
as:6986478942;dev;;en_or_unknown;app_defect;appstore;;;hc-28899948358801 hc-28901281229713;hc-28899948358801 hc-28901281229713;If you don't receive the email, please check your spam folder.;yes;The user is reporting an error in the location data (Prishtina) within the app and is unable to receive emails from the service. An agent needs to address the location correction and troubleshoot the email delivery issue.;;;I cant get ur email but Prishtina is not a serbian city is a Kosova city please fix that other wise i will no be using ur app
as:6990946809;golden;;en_or_unknown;app_defect;appstore;;;hc-28901281229713 hc-36833080725777;hc-28901281229713 hc-36833080725777;Accurate astrological insights depend on the correct representation of your zodiac and ascendant signs.;yes;The user is reporting a discrepancy in their zodiac sign display after reinstalling the app and is asking for it to be corrected. The knowledge base provides specific steps for users to verify and update their profile information to ensure their zodiac sign is calculated correctly based on their birth details.;;;Right so when I first downloaded the app it said I was a Leo which is correct, I’m born on the [BirthDate] and when I’m on the page it says that tabard correct but when I redownloaded the app it said I was cancer! This is ovs a glitch, can you get it sorted because I love your app and I would hate to not be able to use it
as:7007116489;dev;;en_or_unknown;app_defect;appstore;;;hc-28901074285713;hc-28901074285713;If you're facing issues with the Nebula app not working correctly, here are a few things you can try:;yes;The user is reporting a technical issue with the app's widgets not displaying information correctly. An agent would need to provide troubleshooting steps for app-related technical issues.;;;Great app. As well very accurate, but after 2 weeks of using it my widgets started lagging and didnt show anything. Please fix that but great app recommend it.
as:7100042476;dev;;en_or_unknown;app_defect;appstore;;;hc-28901074285713 hc-28901395830673;hc-28901074285713 hc-28901395830673;If you're facing issues with the Nebula app not working correctly, here are a few things you can try: • Make sure your app is updated to the latest version. • Close and reopen the app. • Restart your phone. • Check your internet connection.;no;The user is reporting technical issues, specifically frequent ads and app freezing/glitching after an update. An agent would need to provide troubleshooting steps for app performance issues and explain how to report these bugs to the support team.;;;I just updated the app and I’m quite disappointed. Not sure if they’re trying to force new users to upgrade to the lifetime plan but it’s horrible now. There's an ad/commercial pop-up every time I use a feature. Sometimes I have to close the app completely because it keeps glitching and the loading image freezes on my screen. I’m using an iPhone 11 Pro Max with the newest software so it’s not like I’m using an outdated phone. Please fix these bugs or go back to limiting ads ran on the app, it’s no longer user-friendly!
as:7296226879;golden;;fr;app_defect;appstore;;;hc-28901281229713 hc-36833080725777;hc-28901281229713 hc-36833080725777;You can try refreshing your profile by temporarily changing some details, saving them, and then entering the correct information again.;yes;The user is unable to find their city of birth (Marseille) in the app's profile settings, which is causing incorrect astrological results. The knowledge base provides instructions on how to update profile details and troubleshoot issues with birth information.;;;L’appli à l’aire très bien seulement quand je veux rentrer mon lieux de naissance je le trouve pas. Cela fausse tout les résultats du coup. Étonnant étant donné que je suis née à Marseille, une grande ville tout de même...
as:7469353964;golden;;en_or_unknown;app_defect;appstore;;;hc-28901074285713 hc-28901285302673;hc-28901074285713 hc-28901285302673;If you're facing issues with the Nebula app not working correctly, here are a few things you can try: • Make sure your app is updated to the latest version. • Close and reopen the app. • Restart your phone. • Check your internet connection.;no;The user is experiencing technical glitches when attempting to access the chat feature with an astrologer, which requires troubleshooting steps for the app. The knowledge base provides specific instructions for resolving technical issues within the Nebula app.;;;I really love the app and the design. I also love how you can learn more about yourself and your signs. The only I problem is that when I try to go to a “astrologer” it glitches out. It keep saying “something went wrong, try again.” And I have to end up force closing the app because it get stuck there. Please fix this.
as:7848442874;golden;;en_or_unknown;app_defect;appstore;;;hc-28901281229713 hc-28901074285713;hc-28901281229713 hc-28901074285713;You can try refreshing your profile by temporarily changing some details, saving them, and then entering the correct information again.;yes;The user is reporting a technical issue where their birth date is being incorrectly saved or displayed in the app, which they suspect is a bug. The knowledge base provides specific troubleshooting steps for correcting profile information and resolving display issues related to birth details.;;;I got this app because it looked fun. But right when I first got on it I put in my birthday. And do you know what happened when I put on my birthday. It didn’t let me put on my birthday which is [BirthDate], and when I put it on the dates, It changed it to like a year later a month later and like 20 days before my actual birthday. I think this is a bug. Please fix it if it is one.
as:8098580596;dev;;en_or_unknown;app_defect;appstore;;;hc-28901281229713 hc-36833080725777;hc-28901281229713 hc-36833080725777;You can try refreshing your profile by temporarily changing some details, saving them, and then entering the correct information again.;yes;The user is experiencing an issue where their birth date is being incorrectly saved or displayed in the app, which is causing their zodiac and moon signs to be calculated incorrectly. The knowledge base provides specific steps for users to verify and update their profile information to resolve these calculation errors.;;;My birthday is in [BirthDate] and if I go anywhere from [BirthDate] and up it goes to [BirthDate] so when I do my birthday it shows [BirthDate]. Please fix this because it worked once then I found out my birthdate time was wrong so I went to fix it and sense then it goes to 2008. So now I have a different moon sign and sun sign. (I’m not really good at all this stuff so if I said something wrong sorry) please fix this
as:8626137039;golden;;en_or_unknown;app_defect;appstore;;;hc-28898042580241;hc-28898042580241;When it comes to compatibility, the Nebula app requires iOS 15.0 or later for iPhone and iPod touch devices.;yes;The user is reporting that their Nebula app is not working on an iPhone 5S, likely due to compatibility issues with the latest update. The knowledge base specifies the minimum iOS requirements for the app, which confirms that an iPhone 5S is no longer supported.;;;Im useing iphone 5 S , but last update not working ok ( I read update want ios 13 ). But now my Nebula app Not working , please fix app
gp:2c19c10a-02c;fewshot;;pt;app_defect;googleplay;;;hc-28901281229713 hc-36833080725777;hc-28901281229713 hc-36833080725777;You can try refreshing your profile by temporarily changing some details, saving them, and then entering the correct information again.;yes;The user is unable to save their profile information, specifically the place of birth, which prevents them from using the app. The knowledge base provides specific steps to verify and update profile information to resolve such issues.;;;"Depois de data e horário de nascimento, aparece ""local de nascimento"" e eu escrevo o local, porém não consigo salvar, não sei o que tem, mas não consigo, conseguem resolver isso por favor? Me indicaram o app e acredito que seja maravilhoso mesmo, porém não consigo acessar ele, como expliquei acima."
gp:2c9af292-022;dev;;en_or_unknown;app_defect;googleplay;;;hc-28901074285713;hc-28901074285713;If you're facing issues with the Nebula app not working correctly, here are a few things you can try: 1. Nebula App • Make sure your app is updated to the latest version. • Close and reopen the app. • Restart your phone. • Check your internet connection.;yes;The user is experiencing a false 'no internet' error within the Nebula app and needs troubleshooting steps to resolve this technical issue. The knowledge base provides specific steps for addressing app performance and connectivity problems.;;;I WANT to like it. but I've had it for 15 minutes and now all of a sudden can't connect to the internet, even though there isn't a single internet issue. no matter what I do, I can't get past the internet issue the app THINKS there is.
gp:3709c26f-4f6;dev;;es;app_defect;googleplay;;;hc-28901281229713 faq-13;hc-28901281229713 faq-13;Accurate astrological insights depend on the correct representation of your zodiac and ascendant signs.;yes;The user is frustrated because their zodiac sign changed in the app due to the addition of new signs and wants to revert to their original sign. The knowledge base explains that zodiac signs are calculated based on birth details and provides instructions on how to verify or update profile information to ensure accuracy.;;;Era buena y me encantaba, antes de que agregaran a Cetus y a Orion en el calendario y se me desfazara el signo. Yo soy de Piscis, siempre lo fui y siempre lo voy a ser, pero ahora me dice que soy de Aries solo por estos dos nuevos signos que arruinaron las fechas y el balance del sistema tradicional. Por favor que el cambio de fechas solo aplique para los que nacieron DESPUES de su adicion a los signos del zodiaco. Los nacidos como piscis no podemos amanecer de Aries de un dia para el otro.
gp:5ca5ff8d-2e8;golden;;pt;app_defect;googleplay;;;hc-28901281229713 hc-36833080725777;hc-28901281229713 hc-36833080725777;Place of Birth: (specific city and country).;yes;The user is having trouble entering their place of birth in their profile settings and wants to know if it is a bug or if they are doing something wrong. The knowledge base provides specific instructions on how to correctly enter birth details, including the place of birth, to ensure profile accuracy.;;;Gente não estou conseguindo colocar o local de nascimento,por favor me explique se é bug ou algo que deixei passar,já coloquei a cidade de onde moro e não vai. Me ajudem.
gp:5d606a9c-9a2;golden;;en_or_unknown;app_defect;googleplay;;;hc-28901074285713 hc-28901224006801;hc-28901074285713 hc-28901224006801;"If none of these steps work, don’t worry. You can reach out to our support team through the ""Contact Us"" option in the Nebula app settings or submit a request by clicking the button below.";yes;The user is reporting a persistent technical error with their horoscope feature that has not been resolved by previous support contact. An agent needs to provide troubleshooting steps for app issues and guide the user on how to escalate the problem if those steps fail.;;;good app, but...my horoscope will not work. I keep getting an error message. I have contacted the people but it has yet to be fixed. Please help...
gp:82d224b2-190;golden;;en_or_unknown;app_defect;googleplay;;;hc-28901281229713 hc-36833080725777;hc-28901281229713 hc-36833080725777;Accurate astrological insights depend on the correct representation of your zodiac and ascendant signs.;yes;The user is reporting inaccuracies in the astrological predictions provided by the app and is requesting that these errors be corrected. The knowledge base provides instructions on how to verify and update profile details to ensure accurate astrological calculations, which is the necessary step for an agent to address this concern.;;;The app and daily predictions are somewhat good, but the weekly and monthly ones are extremely wrong, they say a planet is transiting x house, when the reality it's the complete opposite! I'm an astrologer, I know! Please fix these errors, as it changes the whole prediction
gp:88f68d1d-dc7;golden;;es;app_defect;googleplay;yes;;hc-28901320551953;hc-28901320551953;"Tap ""Add a language"", and choose the language you want.";yes;The user is asking how to change the language of the Nebula app from English to Spanish on their new Android device. The knowledge base provides specific instructions for changing the app language on Android devices.;;;Esta app es buena la descargue en mi iPhone 7 (IOS) completamente en español, cambien de dispositivo móvil a un Moto one fusión (Android) y no entiendo por qué sale en inglés, las notificaciones si salen en español pero el contenido sale en inglés, arreglen el idioma para dispositivos Android a español por favor. Gracias.
gp:8c36f296-3ab;dev;;en_or_unknown;app_defect;googleplay;;;none;none;;;The user is asking why they have not received a compatibility check after inviting a friend to the app. The knowledge base does not contain information regarding an 'invitation link' program or a specific 'compatibility check' reward for inviting friends, so an agent cannot resolve this using the provided documents.;;;I invited my friend to install this app and she signed up her account with my invitation link and I am not getting this compatibility check with my partner. I don't know whats wrong and why am I not getting it?
gp:a64db3e5-76d;fewshot;;es;app_defect;googleplay;;;hc-28901074285713 hc-28901320551953;hc-28901074285713 hc-28901320551953;If you're facing issues with the Nebula app not working correctly, here are a few things you can try:;yes;The user is reporting a technical issue with the application and is requesting assistance in Spanish. An agent would need to know how to troubleshoot app issues and how to communicate in the user's preferred language, which is documented in the knowledge base.;;;Señor Tuvo un problema con su aplicación por favor me puede responder para que la podamos resolver respondan en español porfa gracias
gp:a96a5cfb-290;golden;;en_or_unknown;app_defect;googleplay;;;none;none;;;The user is expressing frustration over the high cost of the weekly subscription and reporting a technical failure with the invite system for the compatibility feature. An agent would need to address the pricing feedback and provide troubleshooting steps for the invite system, which are not explicitly detailed in the knowledge base.;;;Really superb app!! The price tho...kinda high for the weekly...10 bucks!...a week! Jeez... If the prices were slightly lower I'd be much more inclined to purchase. Also the invite system to unlock things like the compatibility didn't work at all for me.... I invited my partner, and still didn't get to see the compatibility section even tho I invited her thru it... Please fix that, or remove it it's really frustrating when that happens....
gp:afccb60a-7cd;dev;;en_or_unknown;app_defect;googleplay;;;hc-28900802305297 hc-28901074285713 hc-28901224006801;hc-28900802305297 hc-28901074285713 hc-28901224006801;"If you don't see the ""Cancel Subscription"" option, it means the subscription has already been canceled and won't renew.";yes;The user is experiencing technical issues with profile setup and login, and they are requesting to cancel their subscription. I need to provide the steps for account cancellation and direct them to support for the technical errors they are encountering.;;;I can't get past asking where I was born when it won't recognize any city in Wyoming grr worse app I have ever seen now it keeps telling me my email is invalid. How do I cancel my subscription?
gp:b060380d-be8;dev;;es;app_defect;googleplay;;;hc-28901281229713 faq-13;hc-28901281229713 faq-13;Zodiac transitions are not always at midnight. The time the Sun moves from one sign to another can vary based on your location.;yes;The user is reporting an error in their zodiac sign calculation within the app and wants to know how to correct it. The knowledge base explains that zodiac sign transitions depend on birth time and location, and provides steps to verify and update profile information to fix such display issues.;;;Apenas acabo de instalar la aplicación y ya tengo un error. Cuando colocó mi fecha de nacimiento que es el 20/03 me pone como mi signo Aries, cuando debe ser Piscis, y no entiendo por qué, en la misma aplicación sale que el signo de Piscis se da a los/las que nacieron el 20 de marzo, y Aries en 21 de marzo, y a mi me pone Aries cuando soy de Piscis. Por favor ayudenme a cambiar eso, me frustra muchísimo :(
gp:b3528ce5-5cc;golden;;es;app_defect;googleplay;;;hc-28901281229713 hc-36833080725777;hc-28901281229713 hc-36833080725777;You can try refreshing your profile by temporarily changing some details, saving them, and then entering the correct information again.;yes;The user is reporting an issue with their birth date not appearing correctly in their profile, which prevents them from accessing or using the service properly. The knowledge base provides specific steps to verify and update profile information, including birth details, to resolve such display or calculation issues.;;;quiero decir que arreglen el tema de la fecha de nacimiento porque yo quiero entrar pero no aparece mi fecha y estaría bueno que lo arreglen..
gp:bdc1f9be-07e;golden;;pt;app_defect;googleplay;;;hc-28901320551953;hc-28901320551953;"Available languages:

• Spanish

• English

• Portuguese

• French

• German

•
Italian";yes;The user is asking for the Nebula app to be available in Portuguese. The knowledge base explains that the app currently supports a specific list of languages and provides instructions on how to change the language settings, but it does not include Portuguese as an available option.;;;App maravilhoso da pra saber várias coisas sobre seu e outros signos, mas não está em português gostaria q tivesse por favor, mas esse é o único ponto q não gostei
gp:c47cd8db-d25;golden;;en_or_unknown;app_defect;googleplay;;;hc-28901074285713 hc-28901224006801;hc-28901074285713 hc-28901224006801;If you're facing issues with the Nebula app not working correctly, here are a few things you can try: • Make sure your app is updated to the latest version. • Close and reopen the app. • Restart your phone. • Check your internet connection.;no;The user is reporting an 'unexpected error' when trying to access their horoscope in the app, which is a technical issue that needs troubleshooting. The knowledge base provides specific steps for resolving such errors in the Nebula app.;;;"I used to love this app and spent so much time on it. But now whenever i try to read my horoscope it says ""unexpected error"" which bad ruined it for me. Please fix this!"
gp:d6e6182c-c69;golden;;es;app_defect;googleplay;;;hc-28901320551953;hc-28901320551953;"Available languages:

• Spanish

• English

• Portuguese

• French

• German

•
Italian";yes;The user is requesting that the Nebula app be available in Spanish to avoid using a translator. The knowledge base confirms that the app supports Spanish and provides instructions on how to change the language settings on both iOS and Android devices.;;;Esta buena la app pero necesito que este en español porque si no tengo que usar mucho el traductor y no entiendo lo que dice
gp:eaff5c82-d51;dev;;es;app_defect;googleplay;yes;;hc-28901074285713 hc-28897960530577;hc-28901074285713 hc-28897960530577;If you're facing issues with the Nebula app not working correctly, here are a few things you can try: Make sure your app is updated to the latest version.;no;The user is reporting an issue with accessing the compatibility feature in the app despite watching ads, and they are seeking assistance to resolve this. An agent would need to guide the user on how to troubleshoot app issues or verify their account status.;;;No me dejaba ver mi compatibilidad con otros signos por mas que veia y veia anuncios,si me pueden ayudar o les paso lo mismos pero arreglaron el ploblema,por favor ayudenme
syn:13;synthetic;yes;it;app_defect;;;;hc-28901074285713;hc-28901074285713;If you're facing issues with the Nebula app not working correctly, here are a few things you can try: • Make sure your app is updated to the latest version. • Close and reopen the app. • Restart your phone. • Check your internet connection.;no;The user is reporting that the app crashes immediately upon opening on their iPhone 13 after an update, preventing them from accessing their profile. An agent would need to provide troubleshooting steps for app-related technical issues.;;;Dopo l'ultimo aggiornamento l'app si chiude da sola appena la apro, su iPhone 13. Non riesco più ad accedere al mio profilo. Nessun problema di pagamento.
as:11415454099;golden;;es;cancel_not_possible;appstore;;;hc-28900802305297 hc-28899709030417 hc-28899743878673;hc-28900802305297 hc-28899709030417 hc-28899743878673;The reason you can't find your AskNebula website subscription in your phone's settings or manage it through the Play Store or App Store is that this type of subscription is exclusively for the AskNebula website.;yes;The user has deleted their account but is still receiving payment notifications and cannot find the subscription in their Apple account to cancel it. The agent needs to explain that if the subscription was made directly on the website rather than through the App Store, it will not appear in Apple's subscription management, and provide the steps to cancel a website subscription.;;;"Ya eliminé mi cuenta y me siguen apareciendo notificaciones de pago, en mi cuenta de Apple no me aparece la app para cancelar suscripción. 
Ya no quiero recibir correos/ notificaciones de pagos de la app, por favor."
as:12637038174;golden;;en_or_unknown;cancel_not_possible;appstore;;;hc-28899709030417 hc-28900802305297 pol-04;hc-28899709030417 hc-28900802305297 pol-04;The reason you can't find your AskNebula website subscription in your phone's settings or manage it through the Play Store or App Store is that this type of subscription is exclusively for the AskNebula website.;yes;The user is unable to find their subscription in the App Store to cancel it or request a refund, and they are seeking a refund for a charge they believe was made in error. The knowledge base explains that some subscriptions are tied to the AskNebula website rather than the App Store, and provides the specific steps to cancel those subscriptions and request a refund.;;;i signed up for a trial of this app. the subscription does not show up anywhere in the subscription area of the app store. i was unable to cancel the subscription. i was charged $45. it is impossible to request a refund from apple if the charge does not appear. how is this even possible? i want my money back. how can you subscribe to something via an app downloaded in the app store and have no record for it anywhere and have no way to manage it? Ridiculous
as:12673242848;golden;;en_or_unknown;cancel_not_possible;appstore;;;hc-28900802305297 pol-04 pol-18;hc-28900802305297 pol-04 pol-18;Deleting the app does not cancel your subscription, trial or introductory offer.;yes;The user wants to cancel their subscription and request a refund for recent charges because they are unable to do so within the app. The knowledge base provides specific instructions for canceling subscriptions across different platforms and outlines the refund policy.;;;"I am writing to inform you that I am continuously being charged for your app, which I no longer use. Unfortunately, I am unable to cancel the subscription within the app itself.

I would greatly appreciate your assistance in resolving this issue and stopping any future charges. Could you please guide me on how to cancel the subscription and request a refund for the recent charges?

Thank you in advance for your help. I look forward to your prompt response."
as:12712846155;golden;;fr;cancel_not_possible;appstore;;;hc-28900802305297 pol-16 pol-04;hc-28900802305297 pol-16 pol-04;Deleting the app does not cancel your subscription, trial or introductory offer.;yes;The user is asking how to cancel their trial subscription to avoid being charged the monthly fee, as they cannot find the cancellation option. The knowledge base provides specific instructions for canceling subscriptions depending on the platform used (website, App Store, or Google Play).;;;"J'ai payé pour la période d'essai. 

Il est dit que si je n'annule pas mon abonnement d'ici la fin des 7 jours, je serai facturée 30€ par mois. 

MAIS il n'y a aucun moyen de pouvoir annuler cet abonnement ?? 

Je souhaite impérativement annuler ma période d'essai, car je l'ai essayé après avoir vu une pub Instagram mais l'application ne correspond pas à ce à quoi je m'attendais. 

Merci de votre retour rapide et de votre aide, car je refuse d'être prélevée 30€ tous les mois alors même que vous ne proposez aucune solution pour annuler la période d'essai."
as:12947200698;golden;;pt;cancel_not_possible;appstore;;;hc-28900802305297 pol-18 pol-04;hc-28900802305297 pol-18 pol-04;To cancel your AskNebula website subscription, you will need to follow the instructions provided in this article: • How to cancel a subscription?;no;The user is frustrated because they cannot cancel their subscription, they are being charged in a different currency, and they are dissatisfied with the language of their report. An agent needs to provide the cancellation steps based on where the subscription was purchased and explain the refund policy regarding their dissatisfaction.;;;Péssima experiencia! Tentando fazer o cancelamento e não consigo! Os débitos sendo feitos no cartão de credito em dólares! Quero o meu dinheiro de volta, um absurdo prometer uma pesquisa e entregar o resultado em inglês!  Sem condições! Estou me sentindo enganada.
as:13068665335;golden;;en_or_unknown;cancel_not_possible;appstore;;;hc-28900802305297 pol-16 pol-04;hc-28900802305297 pol-16 pol-04;Deleting the app does not cancel your subscription, trial or introductory offer.;yes;The user is asking how to cancel their subscription because they are being charged despite not using the app. The knowledge base provides specific instructions for canceling subscriptions based on the platform used (App Store, Google Play, or website).;;;Why does the app keep charging me? I can’t even find the unsubscribe button. And I haven’t even logged in for weeks. How do I unsubscribe?
as:13299965772;dev;;en_or_unknown;cancel_not_possible;appstore;;;hc-28900802305297 pol-04 pol-18 pol-14;hc-28900802305297 pol-04 pol-18 pol-14;Deleting the app does not cancel your subscription, trial or introductory offer.;yes;The user wants to cancel their subscription and obtain a refund for charges they did not intend to make. An agent needs to provide the specific cancellation steps based on the user's platform and explain the refund policy.;;;I accidentally download the app and got subscriptions bu i wanna cancel it and there is no way to cancel it . It keep deducting my money from my account 100$ . So disappointed and i want my refund asap..
as:13473009084;dev;;es;cancel_not_possible;appstore;;;hc-28900802305297 pol-16 pol-04;hc-28900802305297 pol-16 pol-04;Deleting the app does not cancel your subscription, trial or introductory offer.;yes;The user wants to cancel their subscription because they are being charged repeatedly and cannot find the cancellation option. An agent needs to provide the specific cancellation steps based on the platform where the subscription was purchased, as these are documented in the knowledge base.;;;"Quiero cancelar la suscripción y no me deja.
¿Como puedo hacerlo?

Llevo dos meses que me están 
haciendo un cargo de 42,99 en mi cuenta y no hay manera de cancelar, no me parece justo"
as:13589880183;golden;;en_or_unknown;cancel_not_possible;appstore;;;hc-28900802305297 pol-18 pol-04;hc-28900802305297 pol-18 pol-04;If you subscribed or started a free trial through the Google Play Store or directly via our website, please contact the Support center.;yes;The user is requesting a refund for a subscription charge they were unable to cancel. An agent needs to provide the correct cancellation steps based on the user's platform and explain the refund policy.;;;I want my money back cause I don’t want the subscription and I tried to cancel and doesn’t work. Now you charge 43€ that’s not fair!
as:14503735182;fewshot;;en_or_unknown;cancel_not_possible;appstore;;;hc-28900802305297;hc-28900802305297;From the list of your active subscriptions, find and tap on the Nebula subscription.;yes;The user wants to cancel an automatically renewing subscription managed through their Apple account. I need to provide the instructions for canceling an App Store subscription.;;;I can’t cancel the order.Can you tell me how to do ?it try to charge from my Apple account money.I don’t want to order to use.it charge automatically from my wallet. It is so embarrassing .
as:5579173328;dev;;en_or_unknown;cancel_not_possible;appstore;;;hc-28900802305297 pol-16;hc-28900802305297 pol-16;Deleting the app does not cancel your subscription, trial or introductory offer.;no;The user wants to cancel their subscription to avoid being charged, as they believe they cannot find the settings in the app. The knowledge base provides specific instructions for canceling subscriptions based on the platform used (App Store, Google Play, or website).;;;"Hi, I just downloaded the app but didn’t know it had a fee. Can’t figure out how to unsubscribe and not be charged. Please let me know how to cancel subscription before getting charged as I don’t need this app.
There are no Settings in the app which is un fortunate. Please help asap."
as:6084462563;golden;;en_or_unknown;cancel_not_possible;appstore;;;hc-28900802305297 pol-04 pol-16 pol-18;hc-28900802305297 pol-04 pol-16 pol-18;Deleting the app does not cancel your subscription, trial or introductory offer.;yes;The user is requesting a refund for multiple months of charges and needs to know how to properly cancel their subscription, as they mistakenly believed deleting the app was sufficient. An agent needs to explain that deleting the app does not cancel a subscription and provide the correct cancellation steps, while also addressing the refund request based on the platform where the subscription was purchased.;;;I’ve been trying to unsubscribe since the first day I got it & haven’t been able to do so. I need refunds from January to May as I never used the app, I got it put in my info noticed I put the wrong time frame for when I was born wasn’t able to fix it therefor all the info was wrong because it was a wrong time. I thought I unsubscribe on the app when I deleted it months ago but I guess it didn’t go through so now I’m getting charged every week for an app not on my phone that I don’t use because the info is wrong.
as:6528682268;dev;;fr;cancel_not_possible;appstore;;;hc-28900802305297 pol-16;hc-28900802305297 pol-16;Deleting the app does not cancel your subscription, trial or introductory offer.;no;The user accidentally signed up for a subscription and is asking how to cancel it. The knowledge base provides specific instructions for canceling subscriptions depending on the platform used (App Store, Google Play, or website).;;;"J’ai cliqué par erreur sur l’offre essai gratuit puis 10€ et des bananes par semaine !! Sauf que je n’arrive pas à annuler cette histoire !
Comment faire ?"
as:6532477314;golden;;es;cancel_not_possible;appstore;;;hc-28900802305297 pol-04 pol-16;hc-28900802305297 pol-04 pol-16;This Service includes subscriptions that automatically renew.;yes;The user is asking how to cancel their 3-day trial to avoid being charged for a subscription, and they want to know if the charge is automatic. The knowledge base provides clear instructions on how to cancel subscriptions for different platforms and confirms that subscriptions automatically renew unless cancelled.;;;"Entre a la prueba de 3 días, no me satisfizo del todo y ahora no puedo cancelar. Acabando los 3 días de prueba me preguntaran si voy a comprar o realizarán el cobro automático?
Quiero cancelar, ayuda!!"
as:7327091984;golden;;en_or_unknown;cancel_not_possible;appstore;;;hc-28900802305297 pol-16 pol-15;hc-28900802305297 pol-16 pol-15;Deleting the app does not cancel your subscription, trial or introductory offer.;no;The user is frustrated because they cannot find the cancellation option for their subscription and believes there is no trial period. An agent needs to explain that cancellation depends on the platform used (App Store, Google Play, or website) and provide the correct steps for each, while also addressing the user's misunderstanding about the trial and the risks of blocking their credit card.;;;"I do not want to be charged, I downloaded this app today, I would like to cancel it today still. Why is there no option for that????? 

You are a thieve , there is no trial period. I temporarily blocked my credit card , let’s how your get your money now. 

Why isn’t there an option to cancel this app!"
as:7554665023;golden;;es;cancel_not_possible;appstore;;;pol-18 pol-04 hc-28900802305297;pol-18 pol-04 hc-28900802305297;To the extent permitted by applicable law, all purchases are non-refundable and non-exchangeable unless stated otherwise or required by law.;yes;The user is requesting a refund for a subscription they were unable to cancel through Apple, citing dissatisfaction with the service's accuracy. An agent needs to know the refund policy, the process for handling refund requests, and the specific platform-based cancellation rules to address this.;;;Me suscribi y me realizo mal los calculos de mi carta natal, le quise dar de baja a la hora de usarlo, ni siquiera a los 3 dias y no me aparecia para desuscribirme, envie mail a su soporte con capturas, mostrando que no podia por medio de Apple y no se hicieron cargo. Me cobraron 49.99, por favor necesito que me devuelvan el dinero, ya que no voy a pagar por un servicio que no funciona a mi gusto y no utilizo.
as:7628936087;golden;;es;cancel_not_possible;appstore;;;hc-28900802305297 pol-18 pol-04;hc-28900802305297 pol-18 pol-04;If you subscribed or started a free trial via the App Store, refund requests are handled directly by Apple.;yes;The user accidentally subscribed and is requesting a refund for a charge of $49.49. An agent needs to provide the cancellation steps based on where the subscription was purchased and explain the refund policy.;;;apreté sin querer para hacer una suscripción y ahora no la puedo cancelar me cobraron $49.49 dólares quiero mi dinero de vuelta
as:9410499825;dev;;fr;cancel_not_possible;appstore;;;hc-28900802305297 pol-18 pol-04;hc-28900802305297 pol-18 pol-04;Deleting the app does not cancel your subscription, trial or introductory offer.;yes;The user is unable to cancel their subscription and is requesting a cancellation and a refund for a recent charge. The knowledge base provides specific instructions on how to cancel subscriptions based on the platform used and outlines the refund policy.;;;Une bonne appli cependant impossible d’annuler mon abonnement j’ai été prélevé 59€ c’est beaucoup trop . Je veux annuler
gp:0b5e5d1c-943;dev;;en_or_unknown;cancel_not_possible;googleplay;;;hc-28900802305297 pol-04 pol-14 pol-18;hc-28900802305297 pol-04 pol-14 pol-18;If you subscribed or started a free trial through the Google Play Store or directly via our website, please contact the Support center.;yes;The user is requesting a refund for a subscription charge after failing to cancel their free trial, and they are unable to locate the subscription in their Google Play account. An agent needs to provide the correct cancellation steps for their specific platform and explain the refund policy.;;;I tried to cancel my free trial but you guys make it impossible to do so, I'm in South Africa so that $9 amounts to R190 which is alot of money. Please refund my money as I did message on the app how to cancel my trial and no one helped me.  On Google Play there isn't subscription or payments that show for Nebula so I think that's very unethical. Please refund me my money back. I'm very unhappy as you guys make it impossible for people to cancle their free trial.
gp:12707317-636;golden;;en_or_unknown;cancel_not_possible;googleplay;;;hc-28900709030417 hc-28900802305297 pol-18 pol-14;hc-28900709030417 hc-28900802305297 pol-18 pol-14;The reason you can't find your AskNebula website subscription in your phone's settings or manage it through the Play Store or App Store is that this type of subscription is exclusively for the AskNebula website.;no;The user is reporting an unauthorized or unexpected charge and is unable to find the subscription in their Play Store settings to cancel it, while also requesting a refund. The agent needs to explain that the subscription is likely a direct website subscription rather than an in-app purchase and provide the steps to cancel it and request a refund.;;;charged me $50 and I cannot cancel anywhere. not listed in Playstore. not under subscriptions. took money from me when I was about to go buy groceries then couldn't afford to buy food cause this app scammed me. I WANT A REFUND
gp:139c393f-3cd;dev;;en_or_unknown;cancel_not_possible;googleplay;;;hc-28900802305297 pol-16 pol-04;hc-28900802305297 pol-16 pol-04;Deleting the app does not cancel your subscription, trial or introductory offer.;yes;The user wants to cancel their subscription but cannot find the option in the app and believes uninstalling the app should have stopped the charges. An agent needs to explain that uninstalling does not cancel a subscription and provide the specific cancellation steps based on the platform used.;;;Could I please get my subscription cancelled? I don't know how since there is nowhere on the app for the cancellation option. I uninstalled the app almost 2 years ago, and I'm still charged. Please, I don't mind what you've taken, but please stop taking it from now on. It's almost $50 AUS money. Thank you.
gp:18eb9e1d-717;golden;;en_or_unknown;cancel_not_possible;googleplay;;;hc-28899709030417 hc-28900802305297;hc-28899709030417 hc-28900802305297;The reason you can't find your AskNebula website subscription in your phone's settings or manage it through the Play Store or App Store is that this type of subscription is exclusively for the AskNebula website.;yes;The user is unable to find their subscription in the Google Play Store to cancel it, which suggests they may have a direct website subscription rather than an in-app purchase. I need to provide the article explaining why this happens and the steps to cancel a website subscription.;;;how do I cancel this!! I tried through my Google play account but it doesnt even have it listed as one of my subscriptions! it doesnt make any sense!! I want this canceled immediately!
gp:1b1b12c4-a2d;dev;;en_or_unknown;cancel_not_possible;googleplay;;;hc-28900802305297 pol-16;hc-28900802305297 pol-16;Deleting the app does not cancel your subscription, trial or introductory offer.;no;The user wants to cancel their subscription but is having trouble finding the cancellation steps for their specific purchase. The knowledge base provides clear instructions on how to cancel subscriptions depending on the platform used.;;;CANCEL! How the heck do I cancel this? I was curious about my witch type (and bored) so I paid $1 for the trial. I want to cancel and cannot find the website and can't get past the pay wall in the app. Grrr! I'd should have stayed bored!
gp:1f2146f8-5fb;golden;;en_or_unknown;cancel_not_possible;googleplay;;;hc-28900802305297 pol-16;hc-28900802305297 pol-16;Log in to your account on AskNebula.com.;yes;The user wants to cancel their subscription and is expressing frustration with the process. I need to provide the specific cancellation instructions for the website, as they mentioned they are using the site.;;;I want to cancel subscription not interested in the ocult not even for entertainment I can't cancel why is it so ha t d to cancel your site please cancel my subscription I don't want it
gp:2605caf2-f3c;golden;;en_or_unknown;cancel_not_possible;googleplay;;;hc-28900802305297 hc-28899709030417 pol-16;hc-28900802305297 hc-28899709030417 pol-16;The reason you can't find your AskNebula website subscription in your phone's settings or manage it through the Play Store or App Store is that this type of subscription is exclusively for the AskNebula website.;yes;The user is unable to locate their subscription to cancel it, which is likely because they are looking in the wrong place (e.g., the app store instead of the website, or vice versa). An agent needs to explain that subscription management depends on where the purchase was made and provide the correct cancellation steps for each platform.;;;tried to charge me for a subscription and when I went to try to cancel the subscription it doesn't show that I have one and I'm still trying they're still trying to take charges from my account and I need this to stop please help
gp:2d825cbf-de0;dev;;en_or_unknown;cancel_not_possible;googleplay;;;hc-28900802305297 pol-15 hc-28899709030417;hc-28900802305297 pol-15 hc-28899709030417;If you wish to request a refund, we strongly encourage you to contact us first before initiating a chargeback with your payment provider.;yes;The user is unable to cancel their subscription via the Google Play Store and is threatening a chargeback. An agent needs to explain that the subscription might be a direct web purchase rather than an in-app one and warn the user that initiating a chargeback can lead to account termination.;;;I have been trying to cancel my trial subscription, but the information they give you to follow, cannot be done. Nebula does not register as a subscription in the Google Play Store. I will be notifying my bank to stop payment on the full subscription payment. Please cancel my subscription now!!
gp:356bfa2a-fe4;golden;;en_or_unknown;cancel_not_possible;googleplay;;;pol-18 pol-14 hc-28899811054737;pol-18 pol-14 hc-28899811054737;To the extent permitted by applicable law, all purchases are non-refundable and non-exchangeable unless stated otherwise or required by law.;yes;The user is requesting a refund and the removal of their payment information due to technical issues with the website. An agent would need to provide the refund policy and instructions for managing payment data or account deletion to address these requests.;;;I need my money back. You guys make it difficult to go into pay settings by having that part of the site crash for hours? Starting to think you guys are scamming people out of there money. I want my money back and I want my card info deleted from that site
gp:44a82000-708;golden;;fr;cancel_not_possible;googleplay;;;pol-18 hc-28900802305297 pol-04;pol-18 hc-28900802305297 pol-04;Residents may withdraw from a service or digital-goods agreement without charge and WITHOUT GIVING ANY REASON within fourteen (14) days of conclusion.;yes;The user is reporting an unauthorized or unwanted charge and is requesting a refund because they cannot find a way to cancel their subscription. An agent needs to provide the refund policy and the specific cancellation instructions based on the platform used.;;;C'est une arnaque !!! Je viens de perdre 70€ parce que je me suis faite avoir, pas de compte pour voir pour annuler l'abonnement, je n'ai eu accès à rien du tout, je suis extrêmement déçue JE VEUX ÊTRE REMBOURSÉE
gp:530e156f-6dc;dev;;fr;cancel_not_possible;googleplay;;;hc-28900802305297 pol-18 pol-04;hc-28900802305297 pol-18 pol-04;To cancel your AskNebula website subscription, you will need to follow the instructions provided in this article: • How to cancel a subscription?;no;The user wants to cancel their subscription and is requesting a refund for charges they believe were unauthorized. An agent needs to provide the cancellation steps based on the user's platform and explain the refund policy.;;;je veux me désabonner et c'est impossible on me prend 39€ depuis juin c'est abusé Comment peut-on faire pour être remboursé
gp:536f3aba-468;dev;;en_or_unknown;cancel_not_possible;googleplay;;;hc-28900802305297 pol-16;hc-28900802305297 pol-16;Deleting the app does not cancel your subscription, trial or introductory offer.;no;The user is requesting to cancel their subscription and needs instructions on how to do so. The knowledge base provides specific cancellation steps depending on the platform where the subscription was purchased.;;;I'm not happy with my subscription I'm wanting to cancel this subscription I didn't know about how to go about canceling this please make note I want it canceled
gp:56a035fc-047;fewshot;;en_or_unknown;cancel_not_possible;googleplay;;;hc-28900802305297 faq-09 pol-05;hc-28900802305297 faq-09 pol-05;In both cases, whether you decide to chat online by means of Live-chat or send a message if the psychic is busy or offline, you will be charged a per-minute fee.;yes;The user is asking for cancellation instructions and questioning the billing model for offline messages compared to live chats. The knowledge base provides specific cancellation steps for different platforms and explains that per-minute charges apply to both live and offline interactions.;;;Where do I cancel? How can you can charge per minute if you are sending an offline message? Same rate as if they're online? Rip off? Not to mention the the expensive package
gp:591cc6cd-d58;golden;;es;cancel_not_possible;googleplay;;;hc-28900802305297 pol-16 pol-04;hc-28900802305297 pol-16 pol-04;Deleting the app does not cancel your subscription, trial or introductory offer.;yes;The user is reporting unauthorized recurring charges and is unable to cancel their subscription or view billing details due to technical errors. An agent needs to provide the specific cancellation steps for the user's platform and advise them on how to contact support to investigate the billing issues.;;;Sólo pagué por una consulta y me siguen cobrando mucho dinero en dólares. No muestran datos de facturación, siempre dice que hay un problema que intente más tarde. No puedo cancelar suscripción y me siguen usando mi tarjeta de crédito
gp:5b6d7153-03a;golden;;en_or_unknown;cancel_not_possible;googleplay;;;hc-28900802305297 pol-16 pol-04;hc-28900802305297 pol-16 pol-04;Deleting the app does not cancel your subscription, trial or introductory offer.;yes;The user wants to cancel their trial subscription but is having trouble doing so. The knowledge base provides specific instructions for canceling subscriptions based on the platform used (App Store, Google Play, or website).;;;i cant cancel the trial i have tried and it wont let me. it didnt gove me what i was expecting and i don't like the service. i have had it 3 days and dont like it. i want to cancel it. how do i cancel service.
gp:5c590b31-4a9;fewshot;;en_or_unknown;cancel_not_possible;googleplay;;;hc-28900802305297 pol-16 pol-04;hc-28900802305297 pol-16 pol-04;Deleting the app does not cancel your subscription, trial or introductory offer.;yes;The user wants to cancel their subscription during a trial period to avoid being charged. The knowledge base provides specific instructions for canceling subscriptions based on the platform used (website, App Store, or Google Play).;;;how do I cancel? it should not be this difficult! please cancel my subscription that is still in 7 day trial! I do not authorize any deduction for payment.
gp:5cf794b6-957;golden;;en_or_unknown;cancel_not_possible;googleplay;;;hc-28900802305297 pol-15 pol-16;hc-28900802305297 pol-15 pol-16;Initiating a chargeback or reversing a payment through your bank may result in the immediate termination of your account at our sole discretion.;yes;The user is frustrated because they cannot find the cancellation option for their subscription and is threatening a bank chargeback. An agent needs to provide the correct cancellation instructions based on the platform used and warn the user that initiating a chargeback can lead to account termination.;;;I want to cancel subscription why is there no cancellation spot it seems no one can cancel it well thank god it only day 1 I will be calling my bank tomorrow disputing any charges from here it's a joke
gp:6915993b-f13;dev;;de;cancel_not_possible;googleplay;;;hc-28900802305297 hc-28901074285713 pol-18;hc-28900802305297 hc-28901074285713 pol-18;Deleting the app does not cancel your subscription, trial or introductory offer.;no;The user is reporting technical issues with the app and is requesting a refund because they were unable to cancel their trial subscription. An agent needs to provide the steps for troubleshooting the app and the specific instructions for canceling a subscription based on the platform used, as well as information regarding the refund policy.;;;Ich bin äußerst unzufrieden mit der App, alles hängt und ich konnte mein Test-Abo nicht kündigen... Ich möchte ein refund
gp:691d17a8-213;golden;;es;cancel_not_possible;googleplay;;;hc-28900802305297 pol-16 pol-04;hc-28900802305297 pol-16 pol-04;Deleting the app does not cancel your subscription, trial or introductory offer.;yes;The user is unable to find the cancellation option for their subscription and is frustrated, believing they are being charged unfairly. An agent needs to provide the specific cancellation steps based on where the subscription was purchased, as the process varies by platform.;;;no puedo cancelar la suscripcion! no me aparece ninguna opción de cancelacion, envié und email, para cancelar. Es una estafa!!! no quiero que me saquen mi dinero, eso es un robo
gp:6fd72380-55d;golden;;en_or_unknown;cancel_not_possible;googleplay;;;hc-28900802305297 pol-16 pol-04;hc-28900802305297 pol-16 pol-04;Deleting the app does not cancel your subscription, trial or introductory offer.;yes;The user is complaining about an unexpected subscription charge following a trial and is requesting to cancel their subscription. An agent needs to provide the cancellation steps for the specific platform the user used, as well as clarify that deleting the app does not cancel a subscription.;;;If I could give this app a 0 I would.... I never received a notice saying my trial was over and I can't find anywhere to cancel but they sure were quick to pull money out of my account. Please stop trying to pull money out I want it canceled. Thank you!!!!
gp:74629d00-2a9;dev;;en_or_unknown;cancel_not_possible;googleplay;;;hc-28900802305297 pol-16 pol-04;hc-28900802305297 pol-16 pol-04;Deleting the app does not cancel your subscription, trial or introductory offer.;yes;The user is requesting to cancel their subscription but does not know the steps to do so. The knowledge base provides specific instructions for canceling subscriptions based on the platform used (website, App Store, or Google Play).;;;I would like to cancel my subscription and I don't have any idea how. this information is already known. I don't need it and I can't afford it. please help me to cancel.
gp:7a0a15a2-04f;dev;;en_or_unknown;cancel_not_possible;googleplay;;;hc-28900802305297 pol-18 pol-04;hc-28900802305297 pol-18 pol-04;Deleting the app does not cancel your subscription, trial or introductory offer.;yes;The user is unable to locate their subscription to cancel it and is requesting a refund for additional credit purchases. I need to provide the cancellation instructions for their specific platform and explain the refund policy.;;;So it started out alright the lady I spoke to was lovely. But I quickly ran out of credits and had to pay extra for credits on top of the subscription, speaking of subscription. I can't bloody find it anywhere which means I can't end it. So they continue to take my money with no way out. Do not recommend! Please fix this Nebula and refund my money or I will report the app.
gp:7b4c445b-6e7;dev;;en_or_unknown;cancel_not_possible;googleplay;;;hc-28900802305297 pol-16 pol-04;hc-28900802305297 pol-16 pol-04;Deleting the app does not cancel your subscription, trial or introductory offer.;yes;The user wants to cancel their subscription and stop future charges, and they incorrectly believe that uninstalling the app is sufficient to do so. An agent needs to explain that uninstalling the app does not cancel the subscription and provide the specific steps for cancellation based on the platform used.;;;too short of a time. how do I unroll or unregister ? where do I go, or how do I stop this site from charging me ? I've already uninstalled the app...will that stop me from being charged ?
gp:7d7f7ad3-e68;golden;;en_or_unknown;cancel_not_possible;googleplay;;;hc-28900802305297 pol-16 pol-04;hc-28900802305297 pol-16 pol-04;Deleting the app does not cancel your subscription, trial or introductory offer.;yes;The user wants to cancel their subscription to stop unauthorized charges on their Cash App. The knowledge base provides specific instructions on how to cancel subscriptions depending on the platform used for the purchase.;;;I'm trying to get this app to release its grip on my phone . I want to cancel the bogus subscription it keeps slamming on my cash app . I can't even use my CASH APP because if I put money on CASH APP this NEBULA b.s. app tries to take my money . How can I CANCEL THIS APP????
gp:82f0b2e7-18b;golden;;pt;cancel_not_possible;googleplay;;;pol-18 hc-28900802305297 pol-15;pol-18 hc-28900802305297 pol-15;Residents may withdraw from a service or digital-goods agreement without charge and WITHOUT GIVING ANY REASON within fourteen (14) days of conclusion.;yes;The user is reporting unauthorized charges and difficulty canceling their subscription, and they are requesting a refund. An agent would need to know the refund policy and the specific cancellation procedures for the user's platform to address these concerns.;;;cai num golpe.. fui acessar coloquei o número do meu cartão.. me cobraram em dólar e depois começou a me cobrar de algo que não pedi... e estou tentando cancelar e não consigo e só vejo descontar valores absurdos da minha conta já cancelei o cartão para não haver mais cobrança... Golpista... quero o meu dinheiro de Volta...
gp:82f84670-2b9;dev;;es;cancel_not_possible;googleplay;;;pol-18 hc-28900802305297 pol-15;pol-18 hc-28900802305297 pol-15;Residents may withdraw from a service or digital-goods agreement without charge and WITHOUT GIVING ANY REASON within fourteen (14) days of conclusion.;yes;The user is reporting an unauthorized charge and requesting a refund, while also expressing difficulty in canceling their subscription and removing payment information. An agent needs to provide the refund policy, the cancellation steps, and the warning regarding chargebacks.;;;Me debitaron un dinero sin mi consentimiento. No hay manera de desuscribirme, ni de eliminar mis datos de tarjeta débito. Necesito que me devuelvan mi dinero o los denunciaré con quién corresponda.
gp:838e2667-447;dev;;en_or_unknown;cancel_not_possible;googleplay;;;hc-28900802305297 pol-15 pol-16;hc-28900802305297 pol-15 pol-16;If you wish to request a refund, we strongly encourage you to contact us first before initiating a chargeback with your payment provider.;yes;The user is asking how to cancel a subscription they did not intend to sign up for and is seeking to stop future transactions. An agent needs to provide the specific cancellation steps based on where the subscription was purchased, as well as clarify that a chargeback is not the recommended way to handle this.;;;I didn't sign up for this and I cannot find how to cancel it! I cannot cancel from my bank unless the payment is pending they say, but when I try it doesn't allow me. How do I cancel transaction?
gp:92142677-ab4;golden;;en_or_unknown;cancel_not_possible;googleplay;;;hc-28900802305297 pol-04 pol-18;hc-28900802305297 pol-04 pol-18;The reason you can't find your AskNebula website subscription in your phone's settings or manage it through the Play Store or App Store is that this type of subscription is exclusively for the AskNebula website.;no;The user is unable to locate their subscription in the Google Play Store to cancel it and is disputing multiple charges, requesting both cancellation and a refund. An agent needs to explain how to locate the subscription (which may be a direct website subscription rather than an in-app one) and provide the refund policy.;;;I've been trying to cancel my subscription and unable to find in my Google play store. I also have multiple charges this month. $24.99 TWICE on 10/15 and then a $45 charge just yesterday, 10/24/2024. Nearly $100 for 1 month?? Please cancel my subscription ASAP since I am unable to do it and expecting a refund back for those extra charges. Thank you!
gp:92ecab23-fe6;golden;;es;cancel_not_possible;googleplay;;;hc-28900802305297 pol-18 pol-14 pol-15;hc-28900802305297 pol-18 pol-14 pol-15;If you subscribed or started a free trial through the Google Play Store or directly via our website, please contact the Support center.;no;The user is reporting an unauthorized charge, requesting a refund, and asking how to cancel a subscription they cannot locate in their account settings. An agent needs to provide the cancellation steps based on the platform used and explain the refund policy.;;;Me han hecho un cobro de un servicio que ni utilice. Trato de cancelarlo y no se como hacerlo. No me aparece ningún apartado de compra, pero el cargo está ahí. Tuve que bloquear mi tarjeta... Que mal que estafen así a la gente. Quiero mi dinero de vuelta.
gp:a035f02e-af8;golden;;en_or_unknown;cancel_not_possible;googleplay;;;hc-28900802305297 pol-16 pol-04;hc-28900802305297 pol-16 pol-04;Deleting the app does not cancel your subscription, trial or introductory offer.;yes;The user wants to cancel their subscription but is unable to find the cancellation option. An agent needs to provide the specific cancellation steps based on where the subscription was purchased, as the process differs between the website and app stores.;;;I want to cancel my subscription because im not using it and it keeps on taking my money from my card but i cant seem to cancel
gp:a100cdf6-c96;dev;;de;cancel_not_possible;googleplay;;;hc-28900802305297 hc-28901320551953;hc-28900802305297 hc-28901320551953;If you don’t understand English, simply inform the psychic during the chat.;yes;The user is complaining that their reading is in English instead of German and wants to cancel their subscription because they cannot find the cancellation option. I need to provide the cancellation instructions for their subscription and address the language issue.;;;Das Reading ist nur auf englisch... Da meine Sprache deutsch ist, hilft mir das Reading nicht. Ich möchte das Abo kündigen. Aber es wird nirgends angezeigt, wie ich es machen kann.
gp:a72afb83-c98;golden;;en_or_unknown;cancel_not_possible;googleplay;;;hc-28900802305297 pol-16 pol-04;hc-28900802305297 pol-16 pol-04;Deleting the app does not cancel your subscription, trial or introductory offer.;yes;The user is asking how to cancel their subscription because they were charged unexpectedly. An agent needs to provide the specific cancellation steps based on where the subscription was purchased, as well as clarify that deleting the app does not cancel a subscription.;;;How do I unsubscribe. Just had money come out of my account that I can't afford. I thought I had stopped the payments but obviously not
gp:a9836e23-588;dev;;en_or_unknown;cancel_not_possible;googleplay;;;hc-28899709030417 hc-28900802305297 pol-18;hc-28899709030417 hc-28900802305297 pol-18;The reason you can't find your AskNebula website subscription in your phone's settings or manage it through the Play Store or App Store is that this type of subscription is exclusively for the AskNebula website.;yes;The user is unable to find their subscription in their phone's settings to cancel it and is requesting both a cancellation and a refund for the charges. The knowledge base explains that website-based subscriptions do not appear in mobile app stores and provides specific instructions for cancelling these subscriptions, as well as the policy regarding refund eligibility.;;;I have been charged £49.99 two months in a row as I cannot find anywhere how to cancel. It is no where to be found in my subscription list so I physically cannot cancel. It is money I cant afford to lose! I want a refund and it cancelling!
gp:b8abd509-487;golden;;it;cancel_not_possible;googleplay;;;hc-28900802305297 pol-16;hc-28900802305297 pol-16;Deleting the app does not cancel your subscription, trial or introductory offer.;no;The user accidentally subscribed and needs to know how to cancel their subscription, but they are unable to navigate the English-language cancellation instructions. An agent needs to provide the specific steps for cancellation based on the platform used, which are documented in the knowledge base.;;;l'ho scaricato per sbaglio e ora mi ritrova abbonata ... no n so come fare ad annullare abbonamento perché non parlo inglese...
gp:c05e8f3a-649;golden;;fr;cancel_not_possible;googleplay;;;hc-28900802305297 hc-28899709030417;hc-28900802305297 hc-28899709030417;The reason you can't find your AskNebula website subscription in your phone's settings or manage it through the Play Store or App Store is that this type of subscription is exclusively for the AskNebula website.;yes;The user is unable to find their subscription in the Google Play Store to cancel their trial and avoid being charged. I need to provide the instructions for canceling a subscription, specifically addressing why it might not appear in the Play Store (e.g., if it is a direct website subscription) and how to handle that.;;;annulation d'abonnement introuvable ! lorsque l'on suit les directives de l'application pour annuler l'abonnement via Google play, celui ci n'apparaît pas. je suis dans la période d'essai et je veux avec le tips pour ne pas être prélevé des 39€. Merci.
gp:c0c4abb2-9cc;golden;;de;cancel_not_possible;googleplay;;;hc-28900802305297 pol-16;hc-28900802305297 pol-16;Deleting the app does not cancel your subscription, trial or introductory offer.;no;The user is asking how to cancel their subscription because they do not want to be charged further. The knowledge base provides specific instructions on how to cancel subscriptions depending on the platform used.;;;ich habe da im Netz zu nichts zugestimmt und jetzt finde ich keinen Weg die App zu kündigen! ich möchte nicht, dass die für die App bei mir abbuchen!
gp:c0c5de5b-921;dev;;en_or_unknown;cancel_not_possible;googleplay;;;hc-28900802305297 pol-18 pol-14;hc-28900802305297 pol-18 pol-14;"Log in to your account on AskNebula.com. On the main page, tap on the ""Profile"" icon, go to ""Settings"", Find the ""Manage Subscription"" section and tap it. Click ""Cancel Subscription"".";no;The user is unable to cancel their subscription via the website and is requesting a refund for unused services. An agent needs to provide the correct cancellation steps for the website and explain the refund policy regarding unused subscriptions.;;;I cannot delete my subscription and have no been charged. I send a message from the web page to ask to cancel and it hasn't been done , I can't cancel through the website. this is very stressful. I would like a refund as I have no used the app.
gp:cb7e4b75-0f2;golden;;en_or_unknown;cancel_not_possible;googleplay;;;hc-28900802305297 pol-04 pol-18 pol-14;hc-28900802305297 pol-04 pol-18 pol-14;If you subscribed or started a free trial through the Google Play Store or directly via our website, please contact the Support center.;yes;The user is requesting to cancel their subscription and obtain a refund for a recent charge. The knowledge base provides specific instructions on how to cancel subscriptions based on the platform used and outlines the refund policy, including the requirement to contact support for certain payment methods.;;;Please - can you cancel my subscription?? I must have had a free trial - but I have ADHD and severe CPTSD - please, please can you refund the payment that's in my pending payments?? it's a HUGE amount of money - PLEASE HELP. I CAN'T FIND HOW TO CONTACT YOU. PLEASE HELP
gp:cd600b52-193;dev;;en_or_unknown;cancel_not_possible;googleplay;;;hc-28900802305297 pol-16 hc-28900762266641;hc-28900802305297 pol-16 hc-28900762266641;Deleting the app does not cancel your subscription, trial or introductory offer.;no;The user is requesting to cancel a subscription they cannot locate and is expressing frustration over charges. An agent needs to provide the cancellation steps for the various platforms where the subscription might have been initiated, as well as instructions on how to locate their account or contact support for further investigation.;;;Scam, please help me cancel the subscription, the credit card keeps pay to nebula, but I didn't receive anything from this App or even find my own account. I really hate it!!!
gp:d74a5d0f-951;golden;;en_or_unknown;cancel_not_possible;googleplay;;;hc-28900802305297 hc-28899709030417;hc-28900802305297 hc-28899709030417;The reason you can't find your AskNebula website subscription in your phone's settings or manage it through the Play Store or App Store is that this type of subscription is exclusively for the AskNebula website.;yes;The user is unable to find their subscription in the Google Play Store to cancel it, which suggests it is a web-based subscription rather than an in-app purchase. I need to provide the instructions for canceling a web subscription.;;;I want to cancel my subscription. It cost R750pm, I tried to remove it from my app purchases in Google but it doesn't show. Please cancel the subscription
gp:d8080fd8-fc2;dev;;es;cancel_not_possible;googleplay;;;hc-28900802305297 hc-28899709030417 pol-16;hc-28900802305297 hc-28899709030417 pol-16;The reason you can't find your AskNebula website subscription in your phone's settings or manage it through the Play Store or App Store is that this type of subscription is exclusively for the AskNebula website.;yes;The user wants to cancel their subscription and stop future charges because they are unable to find the cancellation option in their account or the Play Store. I need to provide the instructions for canceling a subscription and explain why it might not be visible in the Play Store if it was a direct website purchase.;;;necesito que me desvinculen la cuenta porque jamás pude usar ese servicio pero ahora me llega un mensaje que no pudieron hacer el cobro de 148 mil pesos cuando eso jamás se usó me van a descontar por favor necesito que hagan la desvinculación ya que por ningún lado me sale ni por la play store ni por mi cuenta pésima app
gp:d949db50-939;golden;;pt;cancel_not_possible;googleplay;;;hc-28900802305297 hc-28899709030417;hc-28900802305297 hc-28899709030417;The reason you can't find your AskNebula website subscription in your phone's settings or manage it through the Play Store or App Store is that this type of subscription is exclusively for the AskNebula website.;yes;The user wants to cancel their subscription but cannot find it in their phone's subscription management settings, which suggests it is a direct website subscription rather than an in-app purchase. I need to provide the instructions for canceling a website subscription and explain why it does not appear in their mobile app store settings.;;;Quero saber como faço para cancelar a assinatura desse app, não aparece entre minhas assinaturas, mas estão ocorrendo tentativas de desconto no meu cartão de crédito.
gp:e18e8473-db4;golden;;en_or_unknown;cancel_not_possible;googleplay;;;hc-28900802305297 pol-16 pol-04;hc-28900802305297 pol-16 pol-04;Deleting the app does not cancel your subscription, trial or introductory offer.;yes;The user wants to cancel their subscription but is unable to find the cancellation steps. An agent needs to provide the specific cancellation instructions based on the platform where the subscription was purchased.;;;I want to cancel now. I misunderstood the nature of the app. I can't find out how to cancel it. Get me out!! I don't have a witch type. I misread. H E L P ! 🙁😠😡😕😥😥
gp:e24258a9-c6a;dev;;en_or_unknown;cancel_not_possible;googleplay;;;hc-28900802305297 hc-28901224006801 hc-28899948358801;hc-28900802305297 hc-28901224006801 hc-28899948358801;"If you don't see the ""Cancel Subscription"" option, it means the subscription has already been canceled and won't renew.";yes;The user is disputing an unrecognized subscription charge and is unable to cancel it because they cannot log in to their account. An agent needs to provide the cancellation steps for the specific platform used and assist with the login issue.;;;I am being charged $45.00 for a subscription that I don't remember signing up for. I am trying to cancel but it says incorrect user name and password. can you help me
gp:e272faa6-584;dev;;en_or_unknown;cancel_not_possible;googleplay;;;hc-28900802305297 pol-04 pol-18;hc-28900802305297 pol-04 pol-18;If you subscribed or started a free trial through the Google Play Store or directly via our website, please contact the Support center.;yes;The user is requesting to cancel their subscription and obtain a refund for payments made over the last two months. An agent needs to provide the specific cancellation steps based on the user's platform and explain the refund policy.;;;I have been trying to cancel this subscription for the last 2 months and have been unable to I've tried everything. please can you get in touch and refund my payments
gp:e4906ca5-560;golden;;en_or_unknown;cancel_not_possible;googleplay;;;hc-28900802305297 pol-04 pol-18;hc-28900802305297 pol-04 pol-18;The reason you can't find your AskNebula website subscription in your phone's settings or manage it through the Play Store or App Store is that this type of subscription is exclusively for the AskNebula website.;no;The user is unable to cancel their subscription via Google Play as expected and is also requesting a refund. An agent needs to explain that the subscription might be a direct website subscription rather than an in-app purchase, and provide the correct cancellation and refund procedures.;;;trying to cancel my subscription and I can't figure out how. followed the directions and can't find it under my Google subscriptions. I just want to cancel and get my money back
gp:e85fc608-14f;dev;;fr;cancel_not_possible;googleplay;;;hc-28900802305297 pol-16;hc-28900802305297 pol-16;Deleting the app does not cancel your subscription, trial or introductory offer.;no;The user is reporting an unexpected subscription charge following a one-time purchase and is requesting assistance with cancelling this subscription. The knowledge base provides specific instructions on how to cancel subscriptions based on the platform used.;;;j'ai payé 5€ hier pour avoir les résultats d'un test, je le retrouve sur une appli avec 7 jours d'essai avant le prélèvement de 49€! je veux absolument me désabonner mais n'y arrive pas ! c'est du vol....
gp:ebebbf88-507;dev;;en_or_unknown;cancel_not_possible;googleplay;;;pol-18 pol-04 hc-28900802305297;pol-18 pol-04 hc-28900802305297;To the extent permitted by applicable law, all purchases are non-refundable and non-exchangeable unless stated otherwise or required by law.;yes;The user is reporting a failed cancellation attempt that resulted in an unwanted charge and is requesting a refund. An agent needs to know the refund policy and the correct procedure for requesting a refund based on where the subscription was purchased.;;;I Attempted to use this again After being recommended But I did the trial and even though I tried to cancel it, some error came up and Now I was charged $8.95 for One Week?? What the hell is that!! How do I get a refund? I don't even like this app. Been 3 years and I don't think it's improved much from what I was told..
gp:f09296e5-325;golden;;en_or_unknown;cancel_not_possible;googleplay;;;hc-28900802305297 pol-16;hc-28900802305297 pol-16;Deleting the app does not cancel your subscription, trial or introductory offer.;no;The user is dissatisfied with the service and wants to cancel their subscription before the trial period ends to avoid further charges. The knowledge base provides specific instructions on how to cancel subscriptions based on the platform used.;;;I don't feel it,I don't feel it fits me, just reading what they say don't fit myself,I had to pay dollar and before trail week is up I need to cancel before hand but I can't figure out how to do that so I don't have to worry about getting another chager
gp:f7bbecf8-d4a;dev;;fr;cancel_not_possible;googleplay;;;hc-28900802305297 pol-18 pol-04;hc-28900802305297 pol-18 pol-04;To cancel your AskNebula website subscription, you will need to follow the instructions provided in this article: • How to cancel a subscription?;no;The user wants to cancel their subscription and is requesting a refund for two charges they do not understand. An agent needs to provide the cancellation steps based on where the subscription was purchased and explain the refund policy.;;;Je veux me désabonner je ne sais pas comment on m'a débité 14$ et ensuite un autre 49.99$ et je ne sais pas pourquoi!! Je veux etre rembourser!!!
syn:03;synthetic;yes;tr;cancel_not_possible;;;;hc-28900802305297 pol-16;hc-28900802305297 pol-16;Deleting the app does not cancel your subscription, trial or introductory offer.;no;The user wants to cancel their subscription before the trial ends to avoid being charged, but they cannot find the cancellation button in the app. The knowledge base provides specific instructions for canceling subscriptions based on the platform used (App Store, Google Play, or website).;;;Deneme süresi yarın bitiyor, aboneliği iptal etmek istiyorum ama uygulamada iptal düğmesi yok. Henüz para çekilmedi, çekilmesini istemiyorum.
as:10156502449;golden;;fr;charge_not_recognised;appstore;;;pol-18 pol-04 pol-14;pol-18 pol-04 pol-14;EEA AND UNITED KINGDOM — 14 DAYS. Residents may withdraw from a service or digital-goods agreement without charge and WITHOUT GIVING ANY REASON within fourteen (14) days of conclusion.;yes;The user is asking for an explanation of a charge they do not recognize and is requesting a refund because they believe they did not subscribe to anything. An agent would need to explain the nature of the charge and provide the refund policy, which is documented in the knowledge base.;;;"Bonjour je viens d’être prélever de 22,80€ et j’aimerai savoir pourquoi ?

Je n’ai jamais engager d’abonnement je souhaite être rembourser.

Je nous trouve pas de Réglage et aucun n’abonnement n’apparaît nul part ?"
as:10167730430;dev;;es;charge_not_recognised;appstore;;;hc-28900802305297 pol-16 pol-04;hc-28900802305297 pol-16 pol-04;Deleting the app does not cancel your subscription, trial or introductory offer.;yes;The user is reporting that they were charged for a subscription they believe they cancelled and is asking for the correct way to cancel their subscription to prevent further charges. An agent needs to provide the cancellation instructions based on the platform where the subscription was purchased.;;;Cancelé mi suscripción antes de que me cobraran y me llegó igual el descuento. Quiero saber de donde cancelo la suscripción urgente por favor
as:10528024200;golden;;en_or_unknown;charge_not_recognised;appstore;;;hc-28900802305297 pol-18 pol-04 pol-15;hc-28900802305297 pol-18 pol-04 pol-15;Deleting the app does not cancel your subscription, trial or introductory offer.;yes;The user is disputing an unauthorized subscription charge and requesting a refund, while also questioning how their payment information was obtained. An agent needs to explain the subscription cancellation process and the refund policy, while also clarifying that the company uses standard payment processing.;;;I have a charge on my credit card for a subscription however i can not find out how this happened or locate how to stop it - it’s a real scam - I only clicked on a ad so how did they ge t my credit card information?? I WANT MY MONEY BACK!
as:10554353137;dev;;en_or_unknown;charge_not_recognised;appstore;;;hc-28900709030417 hc-28900802305297 pol-16;hc-28900709030417 hc-28900802305297 pol-16;The reason you can't find your AskNebula website subscription in your phone's settings or manage it through the Play Store or App Store is that this type of subscription is exclusively for the AskNebula website.;no;The user is being charged for a subscription they believe they cancelled, but it is not appearing in their Apple subscription management, suggesting it may be a direct website subscription rather than an in-app purchase. An agent needs to explain that website subscriptions are managed separately from Apple and provide the steps to cancel them.;;;I like the app just fine but I unsubscribed from this app three months ago and I am being charged $20 every month even though I’ve unsubscribed. When I go into my iCloud account under purchases or subscriptions it’s not there. Therefore Apple is not able to refund me my money and I’ve done everything on my end to make it stop but it will not stop charging me and I don’t know what to do. At this point I’ve spent $60 that I didn’t want to spend, and no way to solve the issue apparently. If someone from the neb team could please help me resolve this issue, it would be very much appreciated.
as:10589512667;golden;;en_or_unknown;charge_not_recognised;appstore;;;pol-18 pol-04 hc-28900802305297;pol-18 pol-04 hc-28900802305297;To the extent permitted by applicable law, all purchases are non-refundable and non-exchangeable unless stated otherwise or required by law.;yes;The user is reporting recurring charges after cancellation and is requesting a refund. An agent needs to know the refund policy and the correct procedure for handling refund requests, as well as how to verify the status of their subscriptions.;;;"I have cancelled my membership both in the app and on the web after seeing one charge for $25…. GOT CONFIRMATION IT WAS CANCELLED and am still getting MULTIPLE $25 charges AFTER cancelling. 

I WANT MY MONEY BACK!!! I cancelled my subscription WHY am I paying for it the app when I don’t have an active subscription?!?!"
as:10809380228;fewshot;;fr;charge_not_recognised;appstore;;;pol-04 hc-28900802305297 pol-18;pol-04 hc-28900802305297 pol-18;If you subscribed or started a free trial via the App Store, refund requests are handled directly by Apple.;yes;The user is reporting an unexpected charge after they believe they cancelled their subscription and is requesting both a refund and a permanent cancellation. An agent needs to explain that Apple handles refunds for App Store subscriptions and provide the steps for the user to manage their subscription through Apple's settings.;;;J'avais déjà eu à m'abonner pour 17,40€ pour avoir la période d'essai. J'ai résilié l'abonnement après et aujourd'hui je reçois une notification de apple pay d'une transaction de 19$ soit 17,40€ que je ne comprends pas. Je veux un remboursement et que vous résilier définitivement l'abonnement.
as:10816270889;golden;;cyrillic;charge_not_recognised;appstore;;;pol-18 pol-04 hc-28900802305297;pol-18 pol-04 hc-28900802305297;To the extent permitted by applicable law, all purchases are non-refundable and non-exchangeable unless stated otherwise or required by law.;yes;The user is requesting a refund for a subscription charge they believe was made in error after they had already cancelled their trial. An agent would need to verify the user's eligibility for a refund based on their location and the platform where the subscription was purchased, as well as provide instructions on how to request that refund.;;;"Я подписалась на 3 дня бесплатного использования приложения, после чего в тот же день отменила подписку, т.к. приложение выдало некорректные данные в расчете моей карты натальной. 
Сегодня у меня списали 19 долларов. Верните мои деньги."
as:10831503217;golden;;fr;charge_not_recognised;appstore;;;pol-04 hc-28900802305297 pol-18;pol-04 hc-28900802305297 pol-18;Deleting the app does not cancel your subscription, trial or introductory offer.;yes;The user is reporting unauthorized recurring charges and requesting a refund, while also stating they have already deleted the app. An agent needs to explain that deleting the app does not cancel a subscription and provide the correct steps to cancel via Apple, as well as the refund policy.;;;Paiements par Apple Pay de 22,80€ toutes les 2 semaines sans demande de ma part ni abonnement ! J’ai rentré une fois ma carte pour avoir accès à l’appli que j’ai désinstallé par la suite lorsque j’ai vu qu’akinésie abonnement était en cours ! Je n’ai même plus accès à l’appli comme je ne veut plus la réinstaller, aucune information dans Apple Pay appart les paiement passés qui ne sont pas de mon ressort ! On est à plus de 90€, je vais porter plainte ! Remboursez moi !
as:10845946773;dev;;en_or_unknown;charge_not_recognised;appstore;;;pol-04 pol-18 pol-14;pol-04 pol-18 pol-14;If you subscribed or started a free trial through the Google Play Store or directly via our website, please contact the Support center.;yes;The user is reporting an unauthorized charge and requesting a refund, while also claiming they do not have the app. An agent needs to explain the refund process and the necessity of contacting support to investigate the charge, as well as clarify that the company's refund policy depends on where the purchase was made.;;;Good day, I received a charge of $31 I did not make this purchase. I do not have the app! Please can you process a refund urgently. Thank you
as:10905053435;golden;;en_or_unknown;charge_not_recognised;appstore;;;hc-28900802305297 pol-18 pol-04;hc-28900802305297 pol-18 pol-04;To cancel your AskNebula website subscription, you will need to follow the instructions provided in this article: • How to cancel a subscription?;no;The user is requesting a refund for a charge they believe was made in error instead of a trial, and they also want to cancel their subscription. The knowledge base provides instructions on how to cancel subscriptions and explains the refund policy and process.;;;"Hello. So disappointing that you immediately deducted R329 out of my account without allowing me the trial. I have written you you already, but am yet to be refunded. Please cancel my subscription immediately, and may I be refunded promptly please.
Thank you"
as:10936420608;golden;;en_or_unknown;charge_not_recognised;appstore;;;pol-04 pol-16 hc-28900802305297 pol-18;pol-04 pol-16 hc-28900802305297 pol-18;If you subscribed or started a free trial via the App Store, refund requests are handled directly by Apple.;yes;The user is reporting an unauthorized charge after cancellation and is requesting a refund. An agent needs to explain that cancellation must be performed through the correct platform (App Store, Google Play, or Website) and provide the refund policy details.;;;This app KEEPS CHARGING ME even tho I cancelled my subscription before it renewed. I don’t understand, do I habe to take out my card? If I cancel a subscription, you aren’t supposed to renew it, this isn’t supposed to happen. I want my money back, this is unacceptable
as:11129418719;dev;;en_or_unknown;charge_not_recognised;appstore;;;pol-04 pol-18 pol-14;pol-04 pol-18 pol-14;If you subscribed or started a free trial via the App Store, refund requests are handled directly by Apple.;yes;The user is requesting a refund for an unauthorized charge. An agent needs to determine the purchase platform to direct the refund request correctly, as the policy varies by store.;;;I used the app for a day and a 49.99 charge was made without my consent or knowledge. Please refund my money. The app was installed with this account. Thanks in advance for not letting me take any legal actions
as:11166986443;golden;;en_or_unknown;charge_not_recognised;appstore;;;pol-18 pol-04 hc-28900802305297;pol-18 pol-04 hc-28900802305297;To the extent permitted by applicable law, all purchases are non-refundable and non-exchangeable unless stated otherwise or required by law.;yes;The user is requesting a refund for a subscription charge they believe was made in error after they cancelled a free trial. The knowledge base provides the policy for refund eligibility and the specific steps for requesting a refund based on the platform used.;;;Pretty upset because I did a free trial and cancelled it right after bc I didn’t like it and it still charged me the yearly fee which has never happened before when you cancel on the free trial. Ripped off and I want my money back.
as:11244736091;golden;;it;charge_not_recognised;appstore;;;hc-28900802305297 pol-16 pol-04;hc-28900802305297 pol-16 pol-04;From the list of your active subscriptions, find and tap on the Nebula subscription.;yes;The user is reporting an unexpected charge after they believe they cancelled their subscription via their iPhone settings and is asking how to ensure no further charges occur. An agent needs to explain that subscription management for iOS is handled through Apple's settings and provide the correct steps to verify the cancellation status.;;;Nonostante avessi annullato l’abbonamento nelle impostazioni del mio iPhone oggi mi sono stati addebitati 34.99 sul mio conto! Come posso annullare per far sì che questo non accada di nuovo senza nessun preavviso??
as:11252240652;dev;;en_or_unknown;charge_not_recognised;appstore;;;pol-04 pol-16 hc-28900802305297 pol-18;pol-04 pol-16 hc-28900802305297 pol-18;Deleting the app does not cancel your subscription, trial or introductory offer.;yes;The user is disputing an unauthorized charge and requesting a refund after attempting to cancel by deleting the app. An agent needs to explain that deleting the app does not cancel a subscription and provide the correct refund and cancellation procedures.;;;I didn't subscribe to it and I get charged with 30 euro. I deleted everything and they still charged it. This is abuse. I want my money back!
as:11727434936;dev;;en_or_unknown;charge_not_recognised;appstore;;;hc-28900802305297 pol-04 pol-18 pol-14;hc-28900802305297 pol-04 pol-18 pol-14;Deleting the app does not cancel your subscription, trial or introductory offer.;yes;The user is disputing recurring charges they did not authorize and is requesting a refund, while also needing instructions on how to cancel their subscription because they have discovered that deleting the app is insufficient. The knowledge base provides specific instructions for cancellation based on the platform used and outlines the refund policy and process.;;;This app automatically charges my card 19,50€ each month even though i never agreed to any subscriptions. Moreover i cant seem to find a way to de-activate the subscriptions since deleting the app doesn’t seem to affect it at all. I want my money back!!!
as:11773696017;golden;;en_or_unknown;charge_not_recognised;appstore;;;pol-18 pol-04 hc-28900802305297;pol-18 pol-04 hc-28900802305297;To the extent permitted by applicable law, all purchases are non-refundable and non-exchangeable unless stated otherwise or required by law.;yes;The user is disputing an unauthorized charge and requesting a refund and cancellation of a subscription they claim not to have. An agent needs to explain the refund policy and provide instructions on how to cancel, depending on where the purchase originated.;;;"I don't have any subscription, and I was charged 30$,Nebula please contact me, cancel this ""subscription"" and refund me my money"
as:11927841268;golden;;es;charge_not_recognised;appstore;;;pol-18 pol-14 pol-04;pol-18 pol-14 pol-04;To the extent permitted by applicable law, all purchases are non-refundable and non-exchangeable unless stated otherwise or required by law.;yes;The user is disputing a charge that occurred after they attempted to cancel their trial and is unhappy with a partial refund offer, requesting a full refund. The knowledge base provides information on refund eligibility and the process for requesting them, including the fact that all purchases are generally non-refundable unless required by law or specific policies.;;;"En el último día de la free trial, cancele mi suscripción para evitar su renovación automática. No obstante mismo tratándose del último día han hecho un cargo en mi cuenta de un importe de 39,90. Para poder reclamarlo hay que hacerlo en inglés y pasar por un chat con un robot… 
Ahora me contestan que me hacen el “favor”de devolverme el 50%…. Quiero que me devolváis el dinero!!! Gracias"
as:11968502713;golden;;es;charge_not_recognised;appstore;;;pol-18 pol-04 pol-14;pol-18 pol-04 pol-14;To the extent permitted by applicable law, all purchases are non-refundable and non-exchangeable unless stated otherwise or required by law.;yes;The user is reporting an unauthorized charge and requesting a refund. An agent needs to know the refund policy and the process for requesting one, which is documented in the provided policies.;;;Se me acaba de cobrar sin mi autorización un pago desde la app a mi cuenta que yo no he autorizado y quiero que me devuelvan mi dinero!
as:11991417841;golden;;en_or_unknown;charge_not_recognised;appstore;;;hc-28900802305297 pol-16 pol-04;hc-28900802305297 pol-16 pol-04;Deleting the app does not cancel your subscription, trial or introductory offer.;yes;The user is reporting an unexpected charge despite having no active subscription and having deleted their account. An agent needs to explain that deleting the app does not cancel a subscription and provide guidance on how to locate and cancel the subscription based on the payment method used.;;;"Hello ,
Why am I getting charged 39 USD without any subscription I haven’t subscribed 
I even check in my account it says I don’t have any subscriptions
But I get charged .
I even deleted my account,.. but still get charged"
as:12221710246;golden;;es;charge_not_recognised;appstore;;;hc-28900802305297 pol-16 pol-04;hc-28900802305297 pol-16 pol-04;Deleting the app does not cancel your subscription, trial or introductory offer.;yes;The user is reporting unauthorized charges after they believe they have already cancelled their subscription and deleted their account. An agent needs to explain that deleting the app does not cancel a subscription and provide the correct steps to ensure the subscription is cancelled on the appropriate platform.;;;"Hace un tiempo descargué Nebula y ya cancelé la suscripción y cerre mi cuenta no la uso 
Pero ya van dos veces que se jala dinero de mi tarjeta y la aplicación no me perimite borrar mis datos y no son 100 pesos son 700 ª 800 pesos exijo una solución. 
Ya les escribí incluso por correo"
as:12241319234;dev;;en_or_unknown;charge_not_recognised;appstore;;;hc-28901216899857 hc-28901150216337;hc-28901216899857 hc-28901150216337;If there was an issue on our end, we’ll: • Credit any missing amounts • Possibly offer a bonus as an apology for the inconvenience;yes;The user is reporting a failed credit purchase where they were charged but did not receive the credits. An agent needs to investigate the transaction and credit the missing balance, which is covered by the support documentation.;;;I just donated for the app. But I didn't get any subscriptions. Despite this, payment was received from my bank account -1800 tl-, please, I want this to be fixed.
as:12281002089;dev;;en_or_unknown;charge_not_recognised;appstore;;;hc-28900802305297 pol-18 pol-04;hc-28900802305297 pol-18 pol-04;Deleting the app does not cancel your subscription, trial or introductory offer.;yes;The user is requesting to cancel their subscription and obtain a refund for a charge they received. An agent would need to provide the cancellation steps based on the user's platform and explain the refund policy.;;;Por favor darme de baja de la aplicación he mandado ya unos cuantos mails y encima me habéis cobrado 39€ darme de baja ya!!!! Y reembolso!!!!!
as:12286501449;golden;;en_or_unknown;charge_not_recognised;appstore;;;hc-28900802305297 pol-04 pol-14 pol-18;hc-28900802305297 pol-04 pol-14 pol-18;If you subscribed or started a free trial through the Google Play Store or directly via our website, please contact the Support center.;yes;The user is disputing an unauthorized charge and requesting a refund, while also seeking confirmation that any active subscriptions are canceled. An agent needs to explain the refund process and provide instructions on how to verify and cancel subscriptions across different platforms.;;;I recently noticed an unauthorized deduction from my account for a subscription I did not sign up for. I have not subscribed to any service on the Nebula app, and I would appreciate it if you could investigate this matter urgently. Please reverse this charge at the earliest convenience. Additionally, I request confirmation that any subscriptions associated with my account have been canceled to prevent future unauthorized deductions..
as:12385710033;golden;;es;charge_not_recognised;appstore;;;pol-18 pol-15 pol-04;pol-18 pol-15 pol-04;To the extent permitted by applicable law, all purchases are non-refundable and non-exchangeable unless stated otherwise or required by law.;yes;The user is demanding a refund for an unauthorized charge and threatening legal action. An agent needs to provide the refund policy and instructions on how to request a refund, while also warning that initiating a chargeback can lead to account termination.;;;Quiero mi dinero de vuelta ya pongo una denuncia.no he autorizado a que me estéis cobrando casi 50 e por la cara.Mi dinero ya!!!!
as:12432196856;golden;;en_or_unknown;charge_not_recognised;appstore;;;pol-15 pol-14 pol-04 hc-28900802305297;pol-15 pol-14 pol-04 hc-28900802305297;If you wish to request a refund, we strongly encourage you to contact us first before initiating a chargeback with your payment provider.;yes;The user is threatening a chargeback due to an unauthorized charge after they believe they cancelled their subscription. An agent needs to explain the risks of initiating a chargeback and provide the correct refund and cancellation procedures.;;;I will start a chargeback, I have unsubscribed 7 months ago and you guys have just charged me. Please refund me immediattely
as:12447313906;golden;;en_or_unknown;charge_not_recognised;appstore;;;pol-18 pol-04 pol-14;pol-18 pol-04 pol-14;To the extent permitted by applicable law, all purchases are non-refundable and non-exchangeable unless stated otherwise or required by law.;yes;The user is disputing an unauthorized charge and requesting a refund. An agent needs to know the refund policy and the process for requesting one, which is documented in the provided policies.;;;Dear Support, I did not authorize this subscription, yet I was charged. I believe this charge was made unfairly, and I kindly request a full refund. Please process my request as soon as possible. Thank you
as:12669241957;dev;;es;charge_not_recognised;appstore;;;pol-18 pol-04 hc-28899709030417;pol-18 pol-04 hc-28899709030417;To the extent permitted by applicable law, all purchases are non-refundable and non-exchangeable unless stated otherwise or required by law.;yes;The user is reporting an unauthorized charge for a subscription they claim they did not activate and are requesting a refund. An agent needs to explain the refund policy and the process for requesting one, as well as clarify why the subscription might not appear in their phone's settings.;;;"Desde que revisé la app el día que la descargue comprobé que no estaba la suscripción activada, es más no aparece en mis suscripciones activas, aún así me han cobrado 39,90 por una semana. Nunca la usé por que está todo en inglés.
Quiero que me devuelvan el dinero!!!"
as:12697326457;golden;;es;charge_not_recognised;appstore;;;pol-04 pol-18 pol-16;pol-04 pol-18 pol-16;Deleting the app does not cancel your subscription, trial or introductory offer.;yes;The user is disputing a subscription charge, claiming they did not authorize it and that deleting their account should have been sufficient to stop charges. An agent needs to explain that deleting the app or account does not automatically cancel a subscription and provide the refund policy based on where the purchase was made.;;;Me cobraron una suscripción que no seleccioné cuando solo duré unos minutos usando la aplicación y después borré mi cuenta. No es justo, quiero que me devuelvan mi dinero, esto es una estafa
as:12741662556;golden;;de;charge_not_recognised;appstore;;;hc-28900802305297 pol-04 pol-18;hc-28900802305297 pol-04 pol-18;Deleting the app does not cancel your subscription, trial or introductory offer.;yes;The user is reporting unauthorized charges and requesting a refund, while also stating they do not have an active subscription to cancel. An agent needs to explain how to identify the subscription source to process a cancellation and how to request a refund based on the platform used.;;;"Kein Bo gekuft un bereits 2 mal EUR 45,00 abgebucht. Abo kündigen geht nicht denn ich habe keins gekauft.
Ich möchte mein Geld zurück"
as:12841470155;dev;;es;charge_not_recognised;appstore;;;pol-18 pol-04 pol-14;pol-18 pol-04 pol-14;To the extent permitted by applicable law, all purchases are non-refundable and non-exchangeable unless stated otherwise or required by law.;yes;The user is requesting a refund because they were charged for a subscription before the stated trial expiration time. An agent would need to know the refund policy and the process for requesting one, which is documented in the provided policies.;;;En el correo que envían de término de prueba (que ni siquiera llega al correo principal, si no que a “promociones”) aparecía que tenía hasta determina fecha y determinada hora para cancelar la prueba,y que para que no se cobrara tenía que cancelar antes de eso, aun así se me cobró horas antes de la hora estupilada Una estafa! Quiero solicitar el reembolso por favor!!
as:12882388794;dev;;en_or_unknown;charge_not_recognised;appstore;;;hc-28900802305297 hc-28899709030417 pol-04 pol-18;hc-28900802305297 hc-28899709030417 pol-04 pol-18;Deleting the app does not cancel your subscription, trial or introductory offer.;yes;The user believes deleting the app cancelled their subscription and is confused because they cannot find the subscription in their app store settings to manage it or request a refund. An agent needs to explain that deleting the app does not cancel a subscription, clarify that the subscription might be a direct web purchase not linked to an app store, and provide the refund policy.;;;"this doesn’t make any sense.
I downloaded the Nebula App about a week ago but considering it worthless and overpriced I deleted it. I never signed up for the subscription and it is not reflected on my subscription page anywhere. I was just charged for it and I have no way of requesting a refund or deleting the subscription, since it does not show up on my page. What can I do?

please Refund ASAP"
as:12888900403;golden;;en_or_unknown;charge_not_recognised;appstore;;;hc-28900802305297 pol-18 pol-04 pol-14;hc-28900802305297 pol-18 pol-04 pol-14;To cancel your AskNebula website subscription, you will need to follow the instructions provided in this article: • How to cancel a subscription?;no;The user wants to cancel their subscription and request a refund for recent charges. The knowledge base provides specific instructions for canceling subscriptions based on the platform used and outlines the refund policy, including the requirement to contact support for non-Apple purchases.;;;Please cancel any type of subscription in my profile and refund any undue purchases made here. The last week was $30! I installed the app just to complain. I don't want anything from you, just for them to stop charging you unduly.
as:12983614867;golden;;es;charge_not_recognised;appstore;;;hc-28900802305297 pol-16 pol-04;hc-28900802305297 pol-16 pol-04;Deleting the app does not cancel your subscription, trial or introductory offer.;yes;The user is reporting unauthorized charges and requesting that they stop, which requires explaining how to cancel their subscription and identifying the source of the charges. The knowledge base provides specific instructions for canceling subscriptions based on the platform used.;;;Me están cobrando un dinero y no sé por qué , nunca autorice para que me cobren necesito que dejen de llegar cobros a mi cuenta por parte de ustedes esto es una estafa
as:13083860258;golden;;en_or_unknown;charge_not_recognised;appstore;;;hc-28900802305297 pol-16 pol-04 pol-18;hc-28900802305297 pol-16 pol-04 pol-18;Deleting the app does not cancel your subscription, trial or introductory offer.;yes;The user believes that deleting the app should have stopped their subscription charges and is requesting a refund. An agent needs to explain that deleting the app does not cancel a subscription and provide the correct cancellation steps based on the platform used, as well as address the refund request.;;;"I’m no more using the app why do you still deducting 
 money  from my ATM account? Are you guys fraud? The app is fraud don’t download it, if you’re new. I need my money back. Fraud people 😡"
as:13085337463;dev;;pt;charge_not_recognised;appstore;;;pol-18 pol-04 hc-28900802305297;pol-18 pol-04 hc-28900802305297;To the extent permitted by applicable law, all purchases are non-refundable and non-exchangeable unless stated otherwise or required by law.;yes;The user is requesting a refund for a subscription charge they believe was unauthorized because they only intended to use the trial period. An agent would need to know the refund policy and the correct cancellation procedures to address this request.;;;"Boa tarde,

Realizaram a cobrança da mensalidade quando eu não uso a app e apenas a baixei para usufruir do período experimental.
Agradeço que me devolvam os 39€ cobrados. 

[Name]"
as:13116518405;dev;;en_or_unknown;charge_not_recognised;appstore;;;hc-28900802305297 pol-16 pol-04;hc-28900802305297 pol-16 pol-04;Deleting the app does not cancel your subscription, trial or introductory offer.;yes;The user is reporting unauthorized charges after attempting to cancel their subscription and delete their account, and they need to know how to identify and stop the source of these charges. An agent needs to explain that subscriptions are managed differently depending on the platform (App Store, Google Play, or direct website) and provide the specific cancellation steps for each to ensure the user can locate and terminate the correct one.;;;IVE DELETED AND WITHDREW MY PAYMENT MONTHS AGO AND I AM STILL GETTING CHARGED. CANNOT FIND HOW YOURE GETTING MY MONEY ON ANY PLATFORM- APPLE,EMAIL,SUBSCRIPTIONS… PLEASE STOP
as:13543380207;golden;;de;charge_not_recognised;appstore;;;pol-04 pol-18 pol-14;pol-04 pol-18 pol-14;Deleting the app does not cancel your subscription, trial or introductory offer.;yes;The user is reporting an unauthorized charge and requesting a refund, while noting that they have already uninstalled the app and contacted support. An agent needs to explain that deleting the app does not cancel a subscription and provide the refund policy details.;;;Mir wurden 42,99 € von meinem Paypal Konto abgezogen, ohne meine Zustimmung. In meinen Abos ist nichts zu finden und ich habe auch nichts erlesen können. Ich habe die App nicht weiter genutzt und inzwischen schon deinstalliert. Den Support habe ich schon geschrieben. Ich bitte schnellstmöglich um Rücküberweisung
as:13585202841;golden;;en_or_unknown;charge_not_recognised;appstore;;;hc-28900802305297 pol-04 pol-13;hc-28900802305297 pol-04 pol-13;Deleting the app does not cancel your subscription, trial or introductory offer.;yes;The user is concerned about unauthorized charges after deleting their account and needs to know how to stop them and understand the nature of the charges. An agent would need to explain that deleting the app does not cancel a subscription and provide instructions on how to manage or cancel active subscriptions, as well as clarify the nature of potential verification charges.;;;I deleted my account about a week ago, this app still wants to withdraw money from my card even though I didn't buy a subscription, how do I understand this? How can I fix this? Contact me urgently!
as:13590053288;dev;;es;charge_not_recognised;appstore;;;hc-28900802305297 pol-04 pol-18;hc-28900802305297 pol-04 pol-18;Deleting the app does not cancel your subscription, trial or introductory offer.;yes;The user is reporting an unauthorized recurring charge and is asking how to cancel the subscription. I need to provide the instructions for canceling subscriptions based on where they were purchased, as well as information regarding the refund policy for unauthorized charges.;;;Hice un pago para un producto en particular, pero hoy comenzaron a hacer un cobro extra que yo no he aceptado o de algún otro producto que yo haya solicitado, por favor díganme cómo darme de baja, porque no he logrado encontrar la forma
as:13603400375;dev;;en_or_unknown;charge_not_recognised;appstore;;;pol-04 hc-28900802305297 pol-18;pol-04 hc-28900802305297 pol-18;If you subscribed or started a free trial via the App Store, refund requests are handled directly by Apple.;yes;The user is requesting a refund for unauthorized charges made via Apple Pay, which includes both an initial service and a subscription. An agent needs to direct the user to Apple for refund requests related to App Store/Apple Pay purchases and explain how to cancel the subscription.;;;I have been charged via ApplePay for the initial service and the charged for a subscription that I did not authorise and do not want. Very frustrating. I would like a refund please.
as:13621779234;fewshot;;es;charge_not_recognised;appstore;;;pol-13 pol-05;pol-13 pol-05;We may verify your payment method with a small temporary charge, which will be refunded to you within ten (10) business days.;yes;The user is reporting an unexpected charge and clarifying that they do not have an active subscription, only a one-time purchase. An agent needs to explain the nature of the charge, such as a potential verification hold, or investigate the account to confirm if the charge was indeed a one-time purchase or an error.;;;Necesito que me ayuden, la aplicación acaba de hacer un cobro a mi cuenta. Y yo no tengo ninguna suscripción, hice una compra hace unos días, pero suscripción no tengo.
as:13678556076;golden;;en_or_unknown;charge_not_recognised;appstore;;;pol-04 pol-18 hc-28900802305297;pol-04 pol-18 hc-28900802305297;Deleting the app does not cancel your subscription, trial or introductory offer.;yes;The user is requesting a refund for a charge that occurred after they deleted their account, likely because they believe deleting the account cancels the subscription. An agent needs to explain that deleting the app or account does not cancel a subscription and provide the refund policy and cancellation instructions.;;;Please I really need my £49.99 back. I have deleted the account I had with Nebula only to see that I was debited today. Please help I need my refund back
as:13689400866;golden;;en_or_unknown;charge_not_recognised;appstore;;;hc-28900802305297 pol-04 pol-18 pol-14;hc-28900802305297 pol-04 pol-18 pol-14;If you subscribed or started a free trial through the Google Play Store or directly via our website, please contact the Support center.;yes;The user is reporting a charge after they believe they cancelled their subscription and is requesting both a cancellation and a refund. An agent needs to explain that the charge may be for a different subscription type (web vs. app) and provide the correct refund and cancellation procedures.;;;I cancelled the subscription right after having subscribed. In the iPhone settings, the cancellation of the Nebula app is not listed anymore but I still got charged (so far 108£)! Is this a scam? Please cancel my subscription and refund my 108£!
as:13721445448;dev;;en_or_unknown;charge_not_recognised;appstore;;;hc-28900802305297 pol-04 pol-16 pol-18;hc-28900802305297 pol-04 pol-16 pol-18;Deleting the app does not cancel your subscription, trial or introductory offer.;yes;The user is reporting unauthorized charges after deleting their account and is seeking a refund and cancellation of future charges. An agent needs to explain that deleting the app does not cancel a subscription and provide the correct cancellation and refund procedures based on where the subscription was purchased.;;;I tried this for fun with a friend a couple months ago and after I decided to delete everything and I later come to find out that it has been taking $49 from my bank account multiple times to the point where it blocked my card and I can’t make payments I need to make. I have contacted everyone and customer support and I can’t get my money back and I’m not sure if they’ll keep charging me $49 dollars when I don’t even have an account with them. Total Scam!!!!!!
as:13834914204;golden;;en_or_unknown;charge_not_recognised;appstore;yes;;pol-18 pol-14 pol-15;pol-18 pol-14 pol-15;To the extent permitted by applicable law, all purchases are non-refundable and non-exchangeable unless stated otherwise or required by law.;yes;The user is disputing an unauthorized charge and requesting a refund, while claiming they have no account or subscription. An agent needs to explain the refund process and how to investigate the charge, noting that the company requires contact to resolve such issues.;;;It charge me without agreement.’i didn’t subscribed at all then it charged me 44,99€ how come? I didn’t register any of my credit card. No subscription on my IPAD neither on website. How can i get my money back. I don’t even have account on the site.
as:13880696236;fewshot;;en_or_unknown;charge_not_recognised;appstore;;;hc-28900802305297 pol-16 pol-04;hc-28900802305297 pol-16 pol-04;Deleting the app does not cancel your subscription, trial or introductory offer.;yes;The user is asking how to cancel their subscription because they were charged unexpectedly. An agent needs to provide the cancellation steps based on where the subscription was purchased, as well as clarify that deleting the app does not stop the charges.;;;"I somehow downloaded this app without knowing that I would be charged.
I have had two amounts taken from my credit card.
How do I cancel this ?"
as:13896100155;golden;;en_or_unknown;charge_not_recognised;appstore;;;hc-28899709030417 hc-28900802305297 pol-18;hc-28899709030417 hc-28900802305297 pol-18;The reason you can't find your AskNebula website subscription in your phone's settings or manage it through the Play Store or App Store is that this type of subscription is exclusively for the AskNebula website.;yes;The user is disputing an unauthorized charge and is unable to find a subscription to cancel in their phone settings, suggesting they have a web-based subscription that is managed differently than app-store subscriptions. An agent needs to explain why the subscription is not visible in phone settings and provide the correct cancellation steps for a web subscription, as well as address the refund request.;;;We had this issue last month where I got charged and I had canceled your service and I wake up to another charge on my account that I do not approve or appreciate and it don’t show anywhere on the app to where I could just cancel on the app I went under my phone settings to look to see if I was subscribed to your service and I am not so we have an issue there and currently right now working to see if I could get my money back today cause nobody in this lifetime is paying $50 for a horoscope reading especially in this day economy
as:14104692411;dev;;en_or_unknown;charge_not_recognised;appstore;;;hc-28900802305297 pol-04 pol-18 pol-14;hc-28900802305297 pol-04 pol-18 pol-14;Deleting the app does not cancel your subscription, trial or introductory offer.;yes;The user is reporting an unexpected subscription charge for a service they believe was a one-time purchase and is requesting both a cancellation of any active subscription and a refund for the charge. An agent needs to verify the subscription status, process the cancellation, and determine refund eligibility based on the platform where the purchase was made.;;;"Hello, I am not using the Nebula app and I did not subscribe to any membership. I only made a one-time payment for the soulmate drawing service. However, I have now been charged 43 dollars for a subscription. Please investigate this issue.

If I currently have any active subscription, please cancel it.

I have already canceled my subscription, which was an annual plan. Please refund the subscription fee."
as:14136772692;golden;;en_or_unknown;charge_not_recognised;appstore;;;pol-13 hc-28900802305297 pol-18 pol-14;pol-13 hc-28900802305297 pol-18 pol-14;We may verify your payment method with a small temporary charge, which will be refunded to you within ten (10) business days.;yes;The user is questioning specific charges on their account, requesting an explanation for them, asking to confirm if a subscription is active, and requesting both cancellation and a refund. The knowledge base provides information on verification charges, how to check for subscriptions, how to cancel them, and the refund policy.;;;"Dear Nebula Support,

I am extremely unhappy with the way money has been taken from my account.

I have noticed charges of £1, £14, and £49.99, and I do not recall clearly authorising these payments. Taking multiple amounts without sufficient transparency is unacceptable.

I want an immediate explanation of these charges and confirmation of whether a subscription has been activated on my account.

If these payments were taken as part of a subscription, I request that it be cancelled immediately and that you review the charges for a possible refund.

This experience has been very disappointing and has made me lose trust in your service. I expect a prompt response and resolution. If this matter is not resolved, I will contact my bank and pursue a formal dispute regarding these transactions.

I look forward to your urgent reply.

Kind regards,"
as:14139572007;golden;;es;charge_not_recognised;appstore;;yes;pol-18 pol-15 hc-28900802305297 pol-04;pol-18 pol-15 hc-28900802305297 pol-04;Residents may withdraw from a service or digital-goods agreement without charge and WITHOUT GIVING ANY REASON within fourteen (14) days of conclusion.;yes;The user is reporting unauthorized charges and requesting a refund for multiple transactions, while also expressing frustration with the subscription cancellation process. An agent would need to explain the refund policy and the correct procedure for canceling subscriptions to prevent further charges.;;;Engancha y es buena la informacion. Problema: te das de baja de la suscripcion o sin suscribirte haces una compra… y yo llevo meses intentando que me devuelvan cada cargo inventado por ellos  ( hasta 3 seguidos en minutos) y muchos días… para no tener que bloquear mi tarjeta de crédito. Con litigios entre mi banco u la plataforma sigo.
as:14144882371;dev;;en_or_unknown;charge_not_recognised;appstore;;;hc-28900802305297 pol-16 pol-04 pol-14;hc-28900802305297 pol-16 pol-04 pol-14;Deleting the app does not cancel your subscription, trial or introductory offer.;yes;The user is reporting unauthorized charges and believes they have already cancelled their subscription, but they are still being billed. An agent needs to explain that deleting the app does not cancel a subscription and provide the correct cancellation steps for their specific platform, while also addressing the refund request.;;;"Scam with unknown charges on a daily basis!  Want my money back please!


I thought I had cancelled my Nebula account but I guess I just got it off my screen and now I’m getting charged for it even after I have told them I’m 2 different texts that I have to cancel, but all they did was inactivate it so they are still charging me despite my communications with them!  I don’t know how to delete my Nebula account cause it is not active anymore.  Please help fix this issue please.  😡"
as:14312098923;dev;;arabic;charge_not_recognised;appstore;;;hc-28900802305297 pol-05 pol-16;hc-28900802305297 pol-05 pol-16;Deleting the app does not cancel your subscription, trial or introductory offer.;no;The user is complaining about unauthorized charges and an inability to cancel their subscription or auto-refill, despite having deleted the app. An agent needs to explain that deleting the app does not cancel a subscription and provide the specific steps to cancel based on the user's platform, as well as how to disable the auto-refill feature.;;;"برنامج سيء يقوم بالخصم من حسابي ولم اطلب الاشتراك ،قمت بحذف البرنامج ومازال يخصم ،حاولت إلغاءه بكل الطرق ومازال الخصم مستمر

There is no way to cancel auto refill ,and it’s discontinued from my card"
as:14386529222;dev;;de;charge_not_recognised;appstore;;;pol-18 pol-14 pol-15 pol-04;pol-18 pol-14 pol-15 pol-04;To the extent permitted by applicable law, all purchases are non-refundable and non-exchangeable unless stated otherwise or required by law.;yes;The user is disputing unauthorized charges for a subscription they claim was cancelled and is requesting a refund. An agent needs to explain the refund policy and the process for requesting one, while also warning the user about the consequences of initiating a chargeback.;;;"Hallo,

ich habe zuvor in der Nebula-App einige Testtransaktionen in Höhe von 1 € durchgeführt. Mein Abonnement habe ich jedoch am 10.05.2026 gekündigt. Trotzdem wurden mir am 16.06.2026 42,99 € und am 23.01.2026 erneut 42,99 € von meiner Karte abgebucht.

Nach dem 10.05.2026 habe ich keine Verlängerung meines Abonnements vorgenommen, kein neues Abonnement abgeschlossen und keine dieser Zahlungen autorisiert.

Ich akzeptiere diese Abbuchungen in Höhe von insgesamt 85,98 € für ein gekündigtes Abonnement nicht. Ich fordere eine Erklärung für diese Belastungen sowie die vollständige Rückerstattung des gesamten Betrags.

Andernfalls werde ich den Vorgang meiner Bank melden, mich an die Verbraucherschutzbehörden wenden und gegebenenfalls rechtliche Schritte einleiten.

Alle Nachweise bezüglich der Kündigung meines Abonnements sowie der getätigten Zahlungen liegen mir vor.

Ich erwarte eine schnelle Lösung und Rückerstattung."
as:14492078493;dev;;en_or_unknown;charge_not_recognised;appstore;;;pol-18 pol-15 hc-28900802305297 pol-04;pol-18 pol-15 hc-28900802305297 pol-04;To the extent permitted by applicable law, all purchases are non-refundable and non-exchangeable unless stated otherwise or required by law.;yes;The user is requesting a refund for charges they claim were unauthorized and is asking to ensure no further charges occur after deleting their account. An agent needs to explain the refund policy, how to confirm cancellation of any active subscriptions, and the risks associated with initiating a bank chargeback.;;;"Hello,

I would like to formally request a refund for the charges made to my bank account.

I was charged without clearly realizing or authorizing these payments, and the amount charged was much higher than I expected. I was shocked when I discovered the transactions.

I have already deleted my account and stopped using your service. However, I am very concerned that my bank account may continue to be charged.

Please investigate this matter immediately, cancel any future recurring payments or subscriptions associated with my account/card, and process a full refund for the unauthorized charges.

Please also provide written confirmation that there will be no further charges from your company.

If this issue cannot be resolved, I will proceed with disputing the transactions with my bank.

Thank you, and I look forward to your prompt response."
as:14540259840;golden;;en_or_unknown;charge_not_recognised;appstore;;;hc-28900802305297 pol-18 pol-04;hc-28900802305297 pol-18 pol-04;If you subscribed or started a free trial through the Google Play Store or directly via our website, please contact the Support center.;yes;The user is disputing an unauthorized charge and requesting both a refund and the cancellation of their subscription. An agent needs to provide the refund policy and the specific cancellation steps based on the platform where the subscription was initiated.;;;"Hello Nebula Support,

I am contacting you regarding a charge of 1,472.65 TRY made on my card on September 12, 2026, with the merchant description SNL_APPNEBULA.CO.

I did not authorize or intend to make this payment. I would like to request a full refund of 1,472.65 TRY and the immediate cancellation of any active subscription associated with this payment.

Please confirm that the subscription has been cancelled and that the refund has been processed.

Thank you for your assistance.

Kind regards,
[Name]"
as:6378817857;golden;;en_or_unknown;charge_not_recognised;appstore;;;pol-04 pol-18 pol-14 hc-28900802305297;pol-04 pol-18 pol-14 hc-28900802305297;To avoid being charged, you must cancel your subscription before the end of your trial or current billing cycle.;yes;The user is demanding a refund for an automatically renewed subscription they claim was unauthorized and is now unable to request. An agent needs to explain the refund policy, the requirement to cancel subscriptions to prevent auto-renewal, and the specific process for requesting a refund based on where the purchase was made.;;;I tried reporting a refund for this purchase because it was unintentionally done and renewed AUTOMATICALLY BY YOUR SYSTEM WITHOUT PRIOR NOTICE! AND NOW WHEN I REPORT THE PROBLEM AND FILE FOR A REFUND IT IS SAYING SOMETHING THAT I CANNOT HAVE A REFUND REQUEST! DO YOU EVEN KNOW WHAT THAT MONEY YOU GUYS DRAFTED IS FOR? THATS FOR MY MEDICINE! DO YOU EVEN GET THAT! YA'LL ARE ROBBING ME OFF HANDED! GIVE MY MONEY BACKKKKKKKK!
as:6849131909;golden;;pt;charge_not_recognised;appstore;;;pol-18 pol-04 pol-14;pol-18 pol-04 pol-14;To the extent permitted by applicable law, all purchases are non-refundable and non-exchangeable unless stated otherwise or required by law.;yes;The user is requesting a refund for a subscription they believe they cancelled during a trial period. An agent needs to explain the refund policy and direct the user to the appropriate channel for requesting a refund based on where the subscription was purchased.;;;Quando comprei havia teste gratuito por 3 dias, testei e cancelei imediatamente, pois não gostei, era apenas horóscopo diário, o que consigo na internet de graça, daí cancelei no mesmo instante, não devo ter ficado nem meia hora com o app instalado, mesmo assim a cobrança no meu cartão não foi cancelada, exijo devolução!
as:6986898518;golden;;es;charge_not_recognised;appstore;;;pol-18 pol-04 hc-28900802305297;pol-18 pol-04 hc-28900802305297;To the extent permitted by applicable law, all purchases are non-refundable and non-exchangeable unless stated otherwise or required by law.;yes;The user is requesting a refund for an annual subscription they did not intend to purchase, and they need to know how to request this refund and cancel their subscription. The knowledge base provides specific instructions on how to cancel subscriptions based on the platform used and outlines the refund policy.;;;Solicito por este medio la devolución del dinero, ya que nunca di el ok para la compra. La descargue y al otro día fui a desactivar la suscripcion y ya habían cobrado el año... por favor 50 usd es mucho dinero... no uso nada de la app.
as:7348594960;dev;;pt;charge_not_recognised;appstore;;;hc-28900802305297 pol-14 pol-15;hc-28900802305297 pol-14 pol-15;If we confirm that a refund has been issued, please allow at least 15 business days for the refund to reflect in your account.;yes;The user is asking to cancel an unauthorized purchase and is claiming they have not received a refund they were promised. An agent needs to explain the cancellation process based on where the purchase was made and clarify the timeline for refund processing.;;;"Como faço para cancelar a compra?????? Eu não pedi, e comprou!!!!!!!

Olha, eu fui roubada! Está dizendo que eu fui reembolsada e não tem esse dinheiro!!! Irei entrar com um processo se vcs não forem honestos suficientes em devolver o dinheiro!!!!!!"
as:7523613392;golden;;en_or_unknown;charge_not_recognised;appstore;;;hc-28900802305297 pol-16 pol-04;hc-28900802305297 pol-16 pol-04;Deleting the app does not cancel your subscription, trial or introductory offer.;yes;The user is disputing recurring charges on their PayPal account, claiming they never subscribed to the service and are not using the app. An agent needs to explain how to identify the source of the subscription and provide the steps to cancel it to prevent further charges.;;;I didn’t agree to pay for $9.99. If keep charging me for serval time. And I didn’t make any subscription and not even use the app. No way can be found why should be charged? Can you find someone to explain why it keep on charging on my PayPal?
gp:002a0d74-13d;dev;;es;charge_not_recognised;googleplay;;;hc-28900802305297 pol-18 pol-04;hc-28900802305297 pol-18 pol-04;If you subscribed or started a free trial through the Google Play Store or directly via our website, please contact the Support center.;yes;The user is requesting to cancel a subscription and obtain a refund for a purchase made by their child. An agent would need to provide the cancellation steps based on the platform used and explain the refund policy.;;;por error mi hijo le dio click en suscripción, yo no quiero esta suscripción, solicito su cancelacion y la devolución del dinero.
gp:00ba66b2-f3e;dev;;it;charge_not_recognised;googleplay;;;pol-18 hc-28900802305297 pol-04;pol-18 hc-28900802305297 pol-04;Residents may withdraw from a service or digital-goods agreement without charge and WITHOUT GIVING ANY REASON within fourteen (14) days of conclusion.;yes;The user is reporting an unexpected charge and requesting a refund because they were unaware of an active subscription. An agent needs to explain the refund process and provide the steps for cancellation to prevent further charges.;;;MI SONO RITROVATA CON 49 EURO IN MENO SUL CONTO ... SENZA SAPERE PERCHE. NON È SPECIFICATO CHE SI ATTIVA L'ABBONAMENTO ORA CHIEDO IL RIMBORSO. COME FACCIO?
gp:01252485-946;golden;;es;charge_not_recognised;googleplay;;;pol-18 pol-14 pol-04;pol-18 pol-14 pol-04;To the extent permitted by applicable law, all purchases are non-refundable and non-exchangeable unless stated otherwise or required by law.;yes;The user is complaining about a charge they did not expect and is requesting a refund, while also expressing dissatisfaction with the app's language and service quality. An agent needs to explain the refund policy and the process for requesting one, as well as address the user's concerns about the charge.;;;pésima experiencia, de pronto no te llega lo q pediste, todo en inglés. inclusive los minutos se pierden pq tienen q traducir. me siento mas que estafada. propaganda engañosa. Ahora 5 dias después de la instalación me han hecho un cobro de 160 soles y no se el motivo. ademas que no he vuelto a usar el app. urgente exijo la devolución Al final me.hicieron la devolución y fueron atentos. sin embargo, igual creo que no me gustó la experiencia
gp:01dc88ae-97f;golden;;pt;charge_not_recognised;googleplay;;;hc-28900802305297 pol-16 pol-04;hc-28900802305297 pol-16 pol-04;Deleting the app does not cancel your subscription, trial or introductory offer.;yes;The user is reporting an unauthorized charge after deleting their account and is threatening legal action if their subscription is not cancelled. An agent needs to explain that deleting the app does not cancel a subscription and provide the correct cancellation steps based on the platform used.;;;Fui vítima de tentativa de golpe, tentaram passar R$211 em meu cartão, depois de uma compra de R$5, foi dias após a transação, sem aviso prévio e sem motivo. Detalhe: já deletei minha conta, criei na brincadeira com os amigos pra conseguir um desenho. Vou abrir um Boletim de Ocorrência contra vocês caso não cancelem minha inscrição. palhaçada. GOLPE
gp:02342638-40b;golden;;en_or_unknown;charge_not_recognised;googleplay;;;pol-18 pol-04 hc-28900802305297;pol-18 pol-04 hc-28900802305297;To the extent permitted by applicable law, all purchases are non-refundable and non-exchangeable unless stated otherwise or required by law.;yes;The user is reporting unauthorized charges that occurred after a previous cancellation and refund, and they are requesting a full refund for these new charges and a permanent stop to future billing. An agent needs to investigate these specific transactions and confirm the cancellation status, which is supported by the refund and cancellation policies.;;;Good evening. I had already requested immediate cancellation and confirmed billing had stopped two months ago. I also cancelled through the app and received a refund on 03/05/2026, although a higher amount was charged the same day. In May 2026, I was charged again on 06/05/2026: R$236.64, R$264.39, R$158.63 and R$74.30, under the alias “CREDIT REFUND,” which appears as a refund but was a charge. Please refund all amounts and stop further charges.
gp:09b12814-afb;dev;;en_or_unknown;charge_not_recognised;googleplay;;;pol-18 pol-04 hc-28900802305297 pol-14;pol-18 pol-04 hc-28900802305297 pol-14;Residents may withdraw from a service or digital-goods agreement without charge and WITHOUT GIVING ANY REASON within fourteen (14) days of conclusion.;yes;The user is reporting unauthorized recurring charges after canceling their subscription and is requesting a refund for these charges. An agent would need to verify the cancellation status, investigate the billing history, and apply the refund policy to determine eligibility.;;;I used the 3 day free subscription was charged on first day, canceled subscription and have been charged every week since since I canceled on June 14th and yes this is was 28 weeks but I have just gone through bank statements and seen, would really appreciate my money back as its near $500 you have taken from me, they use all different names weekly and is only thing I've signed up for...
gp:0bffd769-090;dev;;fr;charge_not_recognised;googleplay;;;hc-28900802305297 pol-04 pol-18;hc-28900802305297 pol-04 pol-18;Deleting the app does not cancel your subscription, trial or introductory offer.;yes;The user is reporting an unauthorized subscription charge and requesting a refund, noting that they cannot find a cancellation or refund option in the app. An agent needs to provide the correct cancellation steps based on the user's platform and explain the refund policy.;;;BELLE ARNAQUE! J'AI PAYÉ UN ABONNEMENT ALORS QUE JE N'AI RIEN DEMANDÉ ! JE SOUHAITE ÊTRE REMBOURSÉE, AUCUN POSSIBILITÉ SUR L'APPLI🤬🤬🤬🤬
gp:109b14b7-7b4;golden;;es;charge_not_recognised;googleplay;;;hc-28900802305297 pol-18 pol-14;hc-28900802305297 pol-18 pol-14;To cancel your AskNebula website subscription, you will need to follow the instructions provided in this article: • How to cancel a subscription?;no;The user is reporting unauthorized charges and demanding a refund and subscription cancellation. An agent needs to provide the refund policy and the specific cancellation steps based on where the subscription was purchased.;;;"Son unos malditos cretinos, se supone que era poco lo que iban a cobrar, terminaron en vaciarme mi tarjeta!!! Tenía aprox 1500 y cuando ví los movimientos de mi cuenta ví que tenía tres ""transacciones"" uno de 90 otro de 100 y algo y otro de 850!!! No mamen malditos estafadores, quiero mi dinero de vuelta!!! Y eliminen mi suscripción no quiero que me sigan robando😭😭😭 ustedes solo estafan, se aprovechan cobrando de más... No cobran lo que acuerdan... Exijo mi dinero de regreso...😡😡😡"
gp:1355287e-138;dev;;en_or_unknown;charge_not_recognised;googleplay;;;pol-15 pol-18 hc-28900802305297;pol-15 pol-18 hc-28900802305297;Initiating a chargeback or reversing a payment through your bank may result in the immediate termination of your account at our sole discretion.;yes;The user is requesting a refund for multiple charges, cancellation of their subscription, and a phone number to contact support. The knowledge base does not provide a phone number for support, but it does provide instructions on how to request a refund and cancel a subscription, as well as a warning about the consequences of initiating a chargeback.;;;I have been charged multiple times don't know what for and need this money refunded and this canceled please give me a phone number immediately to call. I need a refund or I'm calling the bank for fraud!
gp:1399d736-149;golden;;pt;charge_not_recognised;googleplay;;;pol-18 pol-04 pol-14;pol-18 pol-04 pol-14;To the extent permitted by applicable law, all purchases are non-refundable and non-exchangeable unless stated otherwise or required by law.;yes;The user is reporting an unauthorized charge and requesting a refund. An agent would need to know the refund policy and the process for requesting one, which is documented in the provided policies.;;;fui vitima de golpe por vcs , me cobraram 209,00 sem minha autorização , eu não usei o serviço pago do aplicativo nem fiz assinatura. quero meu reembolso.
gp:1504d565-5fe;dev;;en_or_unknown;charge_not_recognised;googleplay;;;pol-04 pol-18 pol-14;pol-04 pol-18 pol-14;This Service includes subscriptions that automatically renew.;yes;The user is requesting a refund for an unauthorized charge and asking why it occurred. An agent would need to explain the automatic renewal policy and provide the steps to request a refund based on where the subscription was purchased.;;;Please ,I need my $42.99 back Why did you automatically deduct such amount from my card without my notice ? Please ,kindly refund it back as soon as possible . Thanks
gp:1599e363-99b;golden;;en_or_unknown;charge_not_recognised;googleplay;;;pol-18 pol-04 hc-28900802305297;pol-18 pol-04 hc-28900802305297;To the extent permitted by applicable law, all purchases are non-refundable and non-exchangeable unless stated otherwise or required by law.;yes;The user is requesting a refund for a charge they claim was unauthorized after they had already attempted to cancel their account and delete the app. An agent would need to verify the user's account status and apply the refund policy to determine if the user is eligible for a refund.;;;I was charged without my knowledge or notification. On the 22.06 was corresponding with tech support telling me I am not interested. Cancelled my account and deleted the app. Just now went on my account looking for a different charge and saw that on the 27th they took full charge from my account. No emai, notification nothing! App is confusing. Not user friendly at all. I want my money back!!!
gp:16ec6a51-11f;dev;;en_or_unknown;charge_not_recognised;googleplay;;;pol-04 pol-18 pol-15;pol-04 pol-18 pol-15;Deleting the app does not cancel your subscription, trial or introductory offer.;yes;The user is reporting an unauthorized charge after deleting the app and is requesting a refund. An agent needs to explain that deleting the app does not cancel subscriptions and provide the refund policy and contact instructions.;;;I downloaded the app and deleted it within one hour. I never purchased any subscription, but my account was still charged. I don’t have any subscription on my phone, and I had already uninstalled the app a week ago. Please help me with a refund.🤮
gp:18b09e98-d5f;dev;;es;charge_not_recognised;googleplay;;;hc-28900802305297 pol-18 pol-14;hc-28900802305297 pol-18 pol-14;Deleting the app does not cancel your subscription, trial or introductory offer.;no;The user is requesting a refund for a charge they believe is incorrect and is frustrated by recurring charges, asking how to ensure the subscription is permanently cancelled. An agent needs to explain the refund process and provide the correct cancellation steps based on where the subscription was purchased.;;;Exijo a devolução do pagamento indevido no meu cartão de crédito. Foi devolvido e estão cobrando novamente. Vai ser preciso contatar toda semana pra cancelarem de vez???
gp:18d1c785-e94;dev;;es;charge_not_recognised;googleplay;;;hc-28900802305297 pol-18 pol-04;hc-28900802305297 pol-18 pol-04;Deleting the app does not cancel your subscription, trial or introductory offer.;yes;The user wants to cancel their subscription and is requesting a refund for a recent charge. An agent needs to provide the cancellation steps based on the user's platform and explain the refund policy.;;;Ya no estoy ocupando la aplicación, por favor ya no me cobren más, me cobraron hace poco el dinero, necesito que me la devuelvan, gracias 😊
gp:1b01fcb9-f22;golden;;es;charge_not_recognised;googleplay;;;pol-18 pol-04 pol-14;pol-18 pol-04 pol-14;To the extent permitted by applicable law, all purchases are non-refundable and non-exchangeable unless stated otherwise or required by law.;yes;The user is complaining about an unauthorized subscription charge and is requesting a refund. An agent needs to know the refund policy and the process for requesting one, which is documented in the provided policies.;;;Muy mala aplicación ,me alegra que diga todo lo que dice y demás ,pero te cobran una suscripción aún si tú no la haces solo espero que me devuelvan mi dinero se me hace muy poca mad## que solo por tener una tarjeta vinculada con la cuánta te descuenten de hay 😑😑
gp:1b4b7c70-fcb;dev;;es;charge_not_recognised;googleplay;;;hc-28900802305297 pol-04 pol-18;hc-28900802305297 pol-04 pol-18;Deleting the app does not cancel your subscription, trial or introductory offer.;yes;The user is reporting a charge after they believe they cancelled their subscription and is requesting a resolution. An agent needs to explain the cancellation process and how to request a refund if the charge was erroneous.;;;Cancelé la suscripción hace más de 5 días y HOY me quisieron cobrar $41.000. Exijo respuestas porque su sistema es espantosamente confuso. Definitivamente necesito que me solucionen este problema.
gp:1cf837ac-86a;fewshot;;de;charge_not_recognised;googleplay;;;pol-18 pol-04 pol-15;pol-18 pol-04 pol-15;To the extent permitted by applicable law, all purchases are non-refundable and non-exchangeable unless stated otherwise or required by law.;yes;The user is disputing unauthorized charges after believing they only signed up for a free trial and cancelled it, and they are requesting a refund while threatening legal action. An agent needs to explain the refund policy and the process for requesting one, while also noting that chargebacks can lead to account termination.;;;Mir wurde andauernd Geld abgebucht. Hab jedoch nur das kostenlose Abo bestellt. Und sofort gekündigt als ich gemerkt habe das das blödsinn ist. Ich möchte mein Gelb zurück! Und sollte mir noch einmal ein Betrag abgebucht werden. Wird das rechtliche Konsequenzen haben!
gp:1e16d7a2-ff7;golden;;en_or_unknown;charge_not_recognised;googleplay;;;hc-28900802305297 pol-04 pol-18 pol-14;hc-28900802305297 pol-04 pol-18 pol-14;Deleting the app does not cancel your subscription, trial or introductory offer.;yes;The user is reporting unauthorized charges after attempting to cancel a free trial and is requesting a refund due to financial hardship. An agent needs to provide the correct cancellation steps for the user's specific platform and explain the refund policy.;;;It is also taking money off my card over and over and all I did was sign up for the free trial and canceled but it's still taking my money and I can't figure how to stop it. I'm homeless right now and need to hold on to any money I can this app sucks and I want my money refunded.
gp:1e4273ec-cfc;golden;;de;charge_not_recognised;googleplay;;;hc-28900802305297 pol-18 pol-14;hc-28900802305297 pol-18 pol-14;To cancel your subscription, please follow the steps below;no;The user is requesting a refund for two months of service and wants to cancel their subscription, while also expressing frustration that the service is in English rather than German. An agent needs to provide the cancellation steps and explain the refund policy, noting that refunds are subject to specific conditions and timelines.;;;ich möchte mein Geld wieder zurück für die zwei Monate sofort auf meinem Konto in den nächsten Tagen und kündigen es ist alles auf Englisch und nicht auf deutsch. sonst läuft eine Anzeige wegen Betrug
gp:218b5c1d-419;golden;;en_or_unknown;charge_not_recognised;googleplay;;;hc-28900802305297 pol-04 pol-16 pol-18;hc-28900802305297 pol-04 pol-16 pol-18;Deleting the app does not cancel your subscription, trial or introductory offer.;yes;The user is reporting an unexpected charge after deleting their account and is requesting a refund and confirmation that no further charges will occur. An agent needs to explain that deleting the app does not cancel a subscription and provide the steps to ensure the subscription is properly cancelled and a refund request is initiated.;;;I haven't subscribed for any long term plans...but today I got a deduction from my account. I even deleted my account,but still the payment was deducted. I need my money back and the confirmation that no money will be deducted in future as well.
gp:23be2575-bb5;golden;;en_or_unknown;charge_not_recognised;googleplay;;;pol-18 pol-04 pol-14;pol-18 pol-04 pol-14;To the extent permitted by applicable law, all purchases are non-refundable and non-exchangeable unless stated otherwise or required by law.;yes;The user is requesting a refund for charges they claim were unauthorized. An agent needs to know the refund policy and the specific process for requesting one, which depends on the platform where the purchase was made.;;;I'm really disappointed with the manner in which deductions have been made in my bank account without any prior authorisation to in-app purchasing. Please, I need a refund ASAP.
gp:23e2202a-086;dev;;pt;charge_not_recognised;googleplay;;;pol-18 hc-28900802305297 pol-04;pol-18 hc-28900802305297 pol-04;Residents may withdraw from a service or digital-goods agreement without charge and WITHOUT GIVING ANY REASON within fourteen (14) days of conclusion.;yes;The user is reporting unauthorized automatic charges and requesting a refund, while also expressing confusion about the cancellation process. An agent needs to provide the refund policy and the specific cancellation steps based on the user's platform.;;;Aplicativo cobra indevidamente e de forma automática. Não é claro sobre cancelamentos. exijo a devolução dos valores cobrados sem minha anuência.
gp:2560955a-7e5;dev;;en_or_unknown;charge_not_recognised;googleplay;;;pol-15 pol-14 pol-04;pol-15 pol-14 pol-04;If you wish to request a refund, we strongly encourage you to contact us first before initiating a chargeback with your payment provider.;yes;The user is disputing a charge after cancellation and claims to have no account, so they need to know how to resolve billing disputes and understand why charges might occur after cancellation. An agent needs to explain the refund process and the potential consequences of initiating a chargeback versus contacting support.;;;I was just charged $45 after I canceled and was told that my card would not be charged. It's like they decided to charge it at random. Again, please stop charging my card! I don't even have an account anymore.
gp:283442fd-8c8;golden;;pt;charge_not_recognised;googleplay;;;pol-18 pol-04 pol-14;pol-18 pol-04 pol-14;To the extent permitted by applicable law, all purchases are non-refundable and non-exchangeable unless stated otherwise or required by law.;yes;The user is complaining about being charged for a subscription they believe they cancelled and is requesting a refund. An agent needs to explain the refund policy and the process for requesting one, while also clarifying that deleting the app does not automatically cancel a subscription.;;;Péssimo, não uso há meses e estão me cobrando! Aí mandaram email falando que cancelaram a assinatura mas não devolveram o dinheiro, tô me sentindo roubada! quero meu dinheiro de volta!
gp:2fc48efe-7f1;golden;;en_or_unknown;charge_not_recognised;googleplay;;;pol-18 pol-04 pol-14;pol-18 pol-04 pol-14;To the extent permitted by applicable law, all purchases are non-refundable and non-exchangeable unless stated otherwise or required by law.;yes;The user is disputing an unauthorized charge and requesting a refund. An agent needs to explain the refund policy and provide instructions on how to request one based on the user's payment method.;;;I didn't even subscribe to these ppl and I got charged $45!!!! how can you do that to ppl!?!? I want my money back ASAP!!!!
gp:36f9b6f6-936;golden;;es;charge_not_recognised;googleplay;;;pol-18 pol-04 pol-14;pol-18 pol-04 pol-14;To the extent permitted by applicable law, all purchases are non-refundable and non-exchangeable unless stated otherwise or required by law.;yes;The user is reporting an unauthorized charge and requesting a refund. An agent needs to explain the refund policy and the process for requesting one, while also noting that the user should contact support if they have not already.;;;me cobraron 58000 pesos y no tengo activa ninguna suscripción. solo me baje la app para ver que era y me.cobraron a la.tarjeta que tengo registrada para mis comprar en general. ya escribí al soporte espero me devuelvan lo que cobrar sin autorización de nadie
gp:38c8ea2c-61e;golden;;es;charge_not_recognised;googleplay;;;hc-28900802305297 hc-28899709030417 pol-18 pol-14;hc-28900802305297 hc-28899709030417 pol-18 pol-14;The reason you can't find your AskNebula website subscription in your phone's settings or manage it through the Play Store or App Store is that this type of subscription is exclusively for the AskNebula website.;yes;The user is demanding a refund for unauthorized charges and wants to cancel their subscription, but they are unable to locate the subscription in their Google Play account to cancel it. An agent needs to explain that the subscription might be a direct website subscription rather than a Google Play one, provide the correct cancellation steps for that type of account, and explain the refund policy.;;;Una estafa !!!! Quiero desuscribirme porque le cobraron de más . Encima me dijeron que iban a avisar para no seguir cobrando y ahora me piden pagar USD 19 . Quiero mi dinero de retorno. Y quiero desuscribirme ya !! Y no se entiende ... Porque me explicaron que se podía hacer por la cuenta de Google y cuando entro no existen suscripciones y cuando voy a mi tarjeta si hay un débito ... Quiero mi dinero ya !! estafadores!!!
gp:3a23f5a2-241;golden;;en_or_unknown;charge_not_recognised;googleplay;;;pol-13 pol-14 pol-18 pol-04;pol-13 pol-14 pol-18 pol-04;We may verify your payment method with a small temporary charge, which will be refunded to you within ten (10) business days.;yes;The user is disputing a charge they do not recognize and is unhappy with a partial refund offer, while also expressing frustration about their inability to remove payment details. An agent needs to explain the nature of the charge (likely a verification hold or subscription renewal) and clarify the refund policy, as well as address the inability to delete payment methods.;;;why was i charged??? I never signed up for a subscription, no history of it on my account and only get 50% refund?? what a joke. SCAM cant even delete card details!!!
gp:3ccf49fc-001;dev;;fr;charge_not_recognised;googleplay;;;pol-18 pol-14 pol-15;pol-18 pol-14 pol-15;To the extent permitted by applicable law, all purchases are non-refundable and non-exchangeable unless stated otherwise or required by law.;yes;The user is complaining about being charged multiple times and is dissatisfied with the service quality, requesting a refund. An agent would need to know the refund policy and the process for requesting one, which is documented in the provided policies.;;;Le temps a louée avec les médium n'est pas bcp à peine tu commence on te demande déjà l'argent j'ai été débité à deux reprises pareil pour l'abonnement je suis pas contente tu payes pour un montant et tu n'arrive pas à avoir des réponses claires et précises je souhaite être remboursé
gp:41739d3b-52b;dev;;es;charge_not_recognised;googleplay;;;hc-28900802305297 pol-18 pol-04;hc-28900802305297 pol-18 pol-04;Deleting the app does not cancel your subscription, trial or introductory offer.;yes;The user is complaining about being charged twice for a subscription after attempting to cancel a 3-day trial and is requesting a refund. An agent needs to explain the cancellation process and the refund policy to address these concerns.;;;Fatal, me doy de baja de la prueba de 3 días porque no lo iba a usar tanto y solo quería ver qué me ofrecía y tengo que estar peleándome con estos y con PayPal porque me han cobrado dos veces como si estuviese suscrita, nunca me había pasado con ninguna app y me parece fatal, a la espera de que solucionen la incidencia y me devuelvan mis casi 20 euros.
gp:417b98ee-825;dev;;en_or_unknown;charge_not_recognised;googleplay;;;hc-28900802305297 pol-16 pol-04 pol-18;hc-28900802305297 pol-16 pol-04 pol-18;Deleting the app does not cancel your subscription, trial or introductory offer.;yes;The user believes that deleting their account and uninstalling the app cancels their subscription, which is incorrect. An agent needs to explain that the subscription must be cancelled through the specific platform where it was purchased and provide information regarding the refund policy.;;;Very bad experience...I've deleted my account and uninstalled the app from the phone, even then money is getting deducted for subscription... I need to get my money back... pls help
gp:4529bfa9-5d5;dev;;es;charge_not_recognised;googleplay;;;pol-18 pol-04 pol-14;pol-18 pol-04 pol-14;To the extent permitted by applicable law, all purchases are non-refundable and non-exchangeable unless stated otherwise or required by law.;yes;The user is disputing an unauthorized charge of $19 and requesting a refund, claiming they never set up payment information or subscribed. An agent needs to explain the refund policy and the process for requesting one, while also clarifying that deleting the app does not cancel a subscription.;;;Me han cobrado $19 desde mi cuenta de lo Paypal y yo no recuerdo haber colocado información de pago al instalarme la app y menos mi cuenta de PayPal. Además nunca puse para pagar la suscripción mensual. Por qué me han cobrado si ni uso la app??? Quiero un reembolso!!!
gp:48493c4d-eea;dev;;en_or_unknown;charge_not_recognised;googleplay;;;pol-18 pol-14 pol-15;pol-18 pol-14 pol-15;To the extent permitted by applicable law, all purchases are non-refundable and non-exchangeable unless stated otherwise or required by law.;yes;The user is disputing two charges they claim were unauthorized and is requesting a refund for both. An agent would need to explain the refund policy and the process for requesting a refund, as well as provide information on how to check payment history or contact support for billing inquiries.;;;you made 2 unauthorised charges from me , you not even providing me with receipts for those 2 unauthorised charges. this is scamming, I want my money back, please, from both unauthorised charges by you 17th August 2025 amount €29.25. 16th September 2025 amount €39 how can you scamming people like this?
gp:4b331a82-8dc;golden;;es;charge_not_recognised;googleplay;;;hc-28900802305297 pol-04 pol-14 pol-18;hc-28900802305297 pol-04 pol-14 pol-18;If you subscribed or started a free trial via the App Store, refund requests are handled directly by Apple.;yes;The user is reporting unauthorized charges after attempting to cancel their subscription and is requesting a refund and a contact number. An agent needs to explain that the user must cancel the subscription through the specific platform where it was purchased and provide the refund policy information.;;;Al inicio instalé la app por entretenimiento y solo pagué la suscripción más pequeña y coloqué la opción de ya no pagar las mensualidades. Hace un mes me topo con la sorpresa que se han cobrado 15 dólares y hice lo posible para cancelar la suscripción y que ya no se esté pagando solo. El día de hoy ingresé a mi cuenta del banco y veo que se han llevado 45 dólares. Quisiera que me ayuden con algún número para contactarme y que me devuelvan mi dinero
gp:5411353f-bca;golden;;en_or_unknown;charge_not_recognised;googleplay;;;hc-28900802305297 pol-04 pol-18 pol-15;hc-28900802305297 pol-04 pol-18 pol-15;If you subscribed or started a free trial through the Google Play Store or directly via our website, please contact the Support center.;yes;The user is disputing unauthorized charges and needs instructions on how to cancel their subscription and contact support for a refund. The knowledge base provides specific cancellation steps based on the platform used and instructions for contacting support regarding refunds.;;;I never authorized being charged, and I can not figure out how to cancel my subscription how do I contact someone for a refund?
gp:557399b2-cd0;golden;;en_or_unknown;charge_not_recognised;googleplay;;;pol-18 pol-04 pol-15;pol-18 pol-04 pol-15;To the extent permitted by applicable law, all purchases are non-refundable and non-exchangeable unless stated otherwise or required by law.;yes;The user is requesting a refund for an unauthorized charge and claims they do not have the app. An agent needs to provide the refund policy and instructions on how to request a refund based on the user's payment method.;;;I want a refund I did not approve this charge. I am a single mother to 3 children and live off a fixed income. Every dollar I have has already been accounted for. I can't afford an unexpected charge especially since I don't even have the app or know what it is.
gp:588c4a69-185;dev;;en_or_unknown;charge_not_recognised;googleplay;;;hc-28900802305297 pol-04 pol-18;hc-28900802305297 pol-04 pol-18;Deleting the app does not cancel your subscription, trial or introductory offer.;yes;The user is reporting unauthorized charges and requesting a refund, believing they did not subscribe. An agent needs to explain how to cancel the subscription based on the platform used and provide information on the refund policy.;;;I downloaded this app and didn't even subscribe. I tried to cancel but it still keeps deducting money from my account. I would like my money back please. I am unemployed 😭
gp:58d181f1-d91;golden;;en_or_unknown;charge_not_recognised;googleplay;;;hc-28900802305297 pol-16 pol-04;hc-28900802305297 pol-16 pol-04;Deleting the app does not cancel your subscription, trial or introductory offer.;yes;The user believes that uninstalling the app cancels their subscription, which is incorrect, and they are seeking an explanation for a charge and instructions on how to stop future charges. The knowledge base explains that deleting the app does not cancel a subscription and provides the necessary steps to manage and cancel subscriptions based on the platform used.;;;Hi I have not subscribed for this app. I had uninstalled this app, yet today INR 3669 was deducted from my account. Can someone please explain why this was deducted and how can I stop the same? Thanks [Name]
gp:58d31a80-c2c;golden;;pt;charge_not_recognised;googleplay;;;pol-18 pol-04 pol-14;pol-18 pol-04 pol-14;Residents may withdraw from a service or digital-goods agreement without charge and WITHOUT GIVING ANY REASON within fourteen (14) days of conclusion.;yes;The user is reporting an unauthorized charge and requesting a refund, while also expressing difficulty with the English-only support interface. An agent needs to provide the refund policy and instructions on how to request a refund based on the user's location and purchase method.;;;esse aplicativo descontou 218 do meu cartão.sem a minha autorização e tentei entrar em contato tudo inglês quero meu dinheiro de volta
gp:5ad4f47a-8c6;golden;;thai;charge_not_recognised;googleplay;;;pol-04 pol-16 hc-28900802305297;pol-04 pol-16 hc-28900802305297;This Service includes subscriptions that automatically renew.;yes;The user is complaining about an unexpected automatic charge and is asking why it occurred, as they believe they did not subscribe to any services. An agent would need to explain the nature of automatic renewals and how to manage or cancel them, which is documented in the knowledge base.;;;ยังไม่ทราบว่าทำไมถึงมีการตัดเงินไปแบบอัตโนมัติ แบบไม่แจ้งล่วงหน้าทั้งที่ยังไม่สมัครใช้บริการอะไร เสียเวลาไปทำบัตรเดบิตใหม่อีกแล้ว
gp:5d20306c-354;golden;;tr;charge_not_recognised;googleplay;;;pol-18 pol-04 pol-14;pol-18 pol-04 pol-14;To the extent permitted by applicable law, all purchases are non-refundable and non-exchangeable unless stated otherwise or required by law.;yes;The user is reporting an unauthorized charge and requesting a refund. An agent needs to explain the refund policy and provide instructions on how to request one, noting that the process depends on where the purchase was made.;;;Bilgim ve onayım olmadan benden 30 dolar çekilmiş bunun iade edilmesini istiyorum. Nasıl böyle dolandırıcılık bu paramı iade edin.
gp:5fa2d6fd-a34;dev;;en_or_unknown;charge_not_recognised;googleplay;;;pol-18 pol-04 hc-28900802305297;pol-18 pol-04 hc-28900802305297;To the extent permitted by applicable law, all purchases are non-refundable and non-exchangeable unless stated otherwise or required by law.;yes;The user is disputing a charge for a subscription they claim they did not sign up for and is requesting a refund. An agent needs to explain the refund policy and provide instructions on how to cancel the subscription to prevent future charges.;;;I'm so furious as Nebula charged me 39 euros for a membership I haven't signed up to. As I definitely wouldn't pay that much money for Astrology services. Nebula, I want my money back right now, I haven't used your premium services at all, only your free daily horoscopes!
gp:627a8093-bdb;golden;;it;charge_not_recognised;googleplay;;;hc-28900802305297 pol-15 pol-04;hc-28900802305297 pol-15 pol-04;If you subscribed or started a free trial through the Google Play Store or directly via our website, please contact the Support center.;yes;The user is reporting an unauthorized subscription charge and wants to cancel it, while also noting they have insufficient funds on the card to cover it. An agent needs to provide the cancellation steps based on where the subscription was purchased and explain the policy regarding chargebacks and payment disputes.;;;mi e appena apparso un abbonamento di 49,90 non richiesto da me e non so come posso annullarlo....già provato fare la segnalazione....comunque i soldi non ci sono e non ci saranno in quella carta quindi avrei bisogno cortesemente di ritirare la richiesta di pagamento si questo abbonamento che non l'ho richiesto
gp:650146a6-bdc;golden;;es;charge_not_recognised;googleplay;;;pol-18 pol-04 hc-28900802305297;pol-18 pol-04 hc-28900802305297;To the extent permitted by applicable law, all purchases are non-refundable and non-exchangeable unless stated otherwise or required by law.;yes;The user is reporting an unauthorized charge and requesting a refund, while also expressing confusion about a subscription they claim they never signed up for. An agent needs to explain the refund policy and provide instructions on how to request a refund, as well as clarify how to check for and cancel subscriptions across different platforms.;;;me robaron, me descontaron 45 dolares sin yo.autorizar nada, exijo reembolso, otra cosa me.dice que cancele wl haberme registrado y en ningun momento me registre. ingreso para mirar a ver.y me dice que no tengo suscripcion,entonces porque pata descontarme si, exijo reembolso.
gp:67aa7c3e-e47;golden;;fr;charge_not_recognised;googleplay;;;hc-28900802305297 pol-16 pol-04;hc-28900802305297 pol-16 pol-04;Deleting the app does not cancel your subscription, trial or introductory offer.;yes;The user is reporting an unauthorized charge after they believe they cancelled their subscription and is requesting a resolution. An agent needs to explain that the cancellation process depends on the platform used and provide the correct steps to ensure the subscription is properly terminated.;;;Hice la prueba de tres días y cancele la suscripción. Ya es el segundo mes que me cobran son unos estafadores, solucionen mí problema
gp:688e097a-084;golden;;en_or_unknown;charge_not_recognised;googleplay;;;pol-18 pol-04 pol-14;pol-18 pol-04 pol-14;To the extent permitted by applicable law, all purchases are non-refundable and non-exchangeable unless stated otherwise or required by law.;yes;The user is disputing a charge for a service they claim they did not want and is requesting a refund. An agent would need to know the refund policy and the process for requesting one, which is documented in the provided policies.;;;I never received anything from the app but one reading I never wanted anything else I denied payment for months and it hit my card as soon as I didn't have Mt card locked I can't get anything done and Google was no help I want my 46.$ back now
gp:68a6db1d-3a5;dev;;pt;charge_not_recognised;googleplay;;;pol-18 pol-15 pol-14;pol-18 pol-15 pol-14;To the extent permitted by applicable law, all purchases are non-refundable and non-exchangeable unless stated otherwise or required by law.;yes;The user is reporting unauthorized charges and requesting a refund. An agent needs to explain the refund policy and the process for requesting one, while also noting that chargebacks can lead to account termination.;;;cai em um belo golpe nisso, me cobraram duas compras de 73,41 e outra de 161,04 pela qual eu quero extorno, pois n autorizei essa cobrança! por favor resolvam meu problema
gp:6982ab67-2d8;dev;;en_or_unknown;charge_not_recognised;googleplay;;;pol-18 pol-04 pol-14;pol-18 pol-04 pol-14;To the extent permitted by applicable law, all purchases are non-refundable and non-exchangeable unless stated otherwise or required by law.;yes;The user is requesting a refund for a charge they believe was unauthorized because they cancelled their subscription during the trial period. An agent would need to know the refund policy and the process for handling such requests, which is documented in the provided policies.;;;I uploaded the app, unsubscribed and cancelled the same day ... within the hour (well before the end of the 3day free trial) and was still charged €34.99. Taking money from a credit card when it has been cancelled and not authorised, is concerning. Please contact me to refund me this charge and confirm no further charges will be taken. Thank you (I have sent an email as requested)
gp:6a8dba2c-2b1;fewshot;;en_or_unknown;charge_not_recognised;googleplay;;;pol-04 pol-18 hc-28900802305297 pol-15;pol-04 pol-18 hc-28900802305297 pol-15;If you subscribed or started a free trial through the Google Play Store or directly via our website, please contact the Support center.;yes;The user is disputing recurring charges after attempting to cancel their subscription and is requesting a refund. An agent needs to explain the refund policy, the correct cancellation process for their specific platform, and how to handle the dispute.;;;You have been charging me 10.79 every 6 days. I have taken my card of google and u still charged me after trying to cancel the subscription with u. Thay is a total of 86.32 since I've cancelled this. I want a refund!!!!!
gp:6d55c69d-fcb;golden;;en_or_unknown;charge_not_recognised;googleplay;;;pol-04 pol-16 pol-18 hc-28900802305297;pol-04 pol-16 pol-18 hc-28900802305297;Deleting the app does not cancel your subscription, trial or introductory offer.;yes;The user is requesting a refund for a subscription charge they did not intend to renew, believing that deleting the app would cancel it. An agent needs to explain that deleting the app does not cancel a subscription and provide the correct cancellation and refund procedures based on where the subscription was purchased.;;;I've requested a refund because I used the app once for 1 hour and deleted it from my phone. Now over a week later I'm charged $49.99 for an app I hardly remember using at a bad time like this during hurricane IAN. Please refund my money I need to buy food not entirely unused entertainment
gp:6e6b2f03-db0;dev;;en_or_unknown;charge_not_recognised;googleplay;;;hc-28900802305297 pol-15 pol-04;hc-28900802305297 pol-15 pol-04;If you intend to cancel, ensure you follow the appropriate cancellation process for your platform.;yes;The user is reporting an unauthorized charge and requesting that future charges be stopped. An agent needs to explain the nature of the charge, how to cancel any active subscriptions, and the risks associated with initiating a chargeback through their bank.;;;I received a fraud alert from my bank stating that Nebule charged me €49.99 without my authorization, even though I haven't paid for a subscription. Please stop charging my bank card! Otherwise, I will file a complaint.
gp:730409c2-ab9;golden;;tr;charge_not_recognised;googleplay;;;pol-18 pol-15 pol-14;pol-18 pol-15 pol-14;To the extent permitted by applicable law, all purchases are non-refundable and non-exchangeable unless stated otherwise or required by law.;yes;The user is disputing an unauthorized charge of 29.9 USD and demanding an immediate refund while threatening legal action. An agent needs to explain the refund policy and the process for requesting one, while also warning against initiating a chargeback, which could lead to account termination.;;;Ben 29.9 USD bedel ödeme adına onay vermedim. Böyle bir ödeme kesinlikle onayımda değil. Tarafınıza mail attım, hemen iade edin yoksa uluslararası düzeyde şikayet edeceğim.
gp:758d89da-c44;golden;;pt;charge_not_recognised;googleplay;;yes;pol-18 pol-15 hc-28901216899857;pol-18 pol-15 hc-28901216899857;To the extent permitted by applicable law, all purchases are non-refundable and non-exchangeable unless stated otherwise or required by law.;yes;The user is accusing the company of fraud, demanding a refund for an unauthorized charge, and expressing concern about the security of their credit card information. An agent needs to address the refund request and provide information on how to contact support for payment issues, while also noting the policy regarding chargebacks and account security.;;;ISSO É UM GOLPE, QUERO SABER SE ESSES GOLPISTAS VÃO TER ACESSO AO MEUS CARTÃO, JÁ DENUNCIEI VOCÊS NO YOUTUBE, COMPREI UM VALOR DE 13 REAIS E RASPARAM MINHA CONTA DE CRÉDITO SE EU TIVESSE UM VALOR ALTO TINHAM PEGADO, EU QUERO MEU DINHEIRO, E AINDA FICAM PEDINDO PRA MANDAR MENSAGEM PARA RESOLVER DEVOLVAM MEU DINHEIRO SIMPLES, NAO VEIO EMAIL DE COMPROVANTE DE PAGAMENTO. E AINDA FICAM MANDANDO MENSAGEM QUE O MEU PROBLEMA ESTÁ RESOLVIDO, NÃO NÃO ESTÁ RESOLVIDO,CASO DE POLÍCIA.
gp:76ce3375-5c2;dev;;es;charge_not_recognised;googleplay;;;pol-18 pol-15 pol-04;pol-18 pol-15 pol-04;To the extent permitted by applicable law, all purchases are non-refundable and non-exchangeable unless stated otherwise or required by law.;yes;The user is reporting unauthorized charges and requesting a refund, while also asking how to report the app for what they perceive as theft. An agent needs to provide the refund policy and instructions on how to contact support to resolve the billing issue, while also clarifying the company's stance on disputes.;;;me descuenta dinero de mi tarjeta sin autorización. como solicito un reembolso?? por qué permiten este tipo de aplicaciones que estafan. donde se puede denunciar este tipo de robos??
gp:76daf5db-29b;golden;;en_or_unknown;charge_not_recognised;googleplay;;;pol-04 pol-16 pol-18;pol-04 pol-16 pol-18;Deleting the app does not cancel your subscription, trial or introductory offer.;yes;The user believes that deleting the app and closing their account should have stopped charges, and they are disputing these charges as unauthorized. An agent needs to explain that deleting the app does not cancel a subscription and provide the refund policy regarding their specific situation.;;;I deleted the app and closed my account yet Nebula keeps charging me. I want my refund. I did not have a subscription by the way. You have my card details and you keep making unauthorized transactions.
gp:7bcd1d11-efc;golden;;en_or_unknown;charge_not_recognised;googleplay;;;hc-28900802305297 pol-04 pol-18;hc-28900802305297 pol-04 pol-18;Deleting the app does not cancel your subscription, trial or introductory offer.;yes;The user is disputing unauthorized charges and requesting cancellation of a subscription they claim they never initiated. An agent needs to explain how to cancel subscriptions based on the platform used and provide information on refund eligibility.;;;Hello, I never subscribed to Nebula. I only opened the app to look at it and never agreed to any paid subscription. However, I have been charged several times for something I never signed up for. When I tried to cancel, I was asked to pay over €20 to cancel a subscription I never made. Please stop charging me and cancel any subscription linked to my account. Thank you.
gp:7bd07dcc-b85;dev;;de;charge_not_recognised;googleplay;;;pol-18 hc-28900802305297 pol-04;pol-18 hc-28900802305297 pol-04;To the extent permitted by applicable law, all purchases are non-refundable and non-exchangeable unless stated otherwise or required by law.;yes;The user is complaining about an unexpected charge for a subscription plan they claim they did not authorize and is requesting a refund. An agent would need to explain the refund policy and provide instructions on how to cancel the subscription to prevent further charges.;;;Ganz ganz schlimm. Ich war auf den wochenplan und musste das dann zahlen weil ich vergessen hatte das zu beenden Beende ich das und siehe da aufeinmal werden mir 39 Euro abgezogen über Folgelastschrift mit einem Plan den ich NICHT gemacht habe. Ich möchte mein Geld zurück.
gp:7c505c7d-711;dev;;en_or_unknown;charge_not_recognised;googleplay;;;hc-28900802305297 pol-16 pol-04;hc-28900802305297 pol-16 pol-04;Deleting the app does not cancel your subscription, trial or introductory offer.;yes;The user is asking to cancel a subscription that was initiated by a child, and they need to know how to stop future charges. The knowledge base provides specific instructions for canceling subscriptions based on the platform used (App Store, Google Play, or website).;;;a child downloaded and said it was colorful. but I don't want or need it. how do I stop this app from charging me? it sucks. they're making it so difficult. can you please cancel this dumb expensive deceiveing ad and please.
gp:7eb96811-984;dev;;tr;charge_not_recognised;googleplay;;;hc-28900802305297 pol-16 pol-04;hc-28900802305297 pol-16 pol-04;Deleting the app does not cancel your subscription, trial or introductory offer.;yes;The user is reporting an unauthorized charge after deleting their account and is requesting a subscription cancellation to prevent future charges. An agent needs to explain that deleting the app does not cancel a subscription and provide the steps to cancel it based on the platform used.;;;hesabımı silmiş olmama rağmen hesabımdan 29 usd cekilmiş sadece aboneligimin iptal edilmesini ve bir daha hesabımdan para cekilmemesini istiyorum. lutfen abineligimi iptal edin
gp:864cfc0a-4d9;dev;;en_or_unknown;charge_not_recognised;googleplay;;;pol-15 pol-18 hc-28900802305297 pol-14;pol-15 pol-18 hc-28900802305297 pol-14;Initiating a chargeback or reversing a payment through your bank may result in the immediate termination of your account at our sole discretion.;yes;The user is disputing an unauthorized charge and seeking a refund after attempting to block payments via their bank. An agent needs to explain the refund policy, the risks of chargebacks, and how to properly cancel subscriptions to prevent further charges.;;;have been charge 49.99 for something I don't know what I cancelled the first payment with my bank and blocked nebula from taking any money and the just changed name and took the money again this must be a scam I can't find any way to get my money back or even cancel a subscription that I didn't agree to vey unhappy
gp:88cba573-989;golden;;tr;charge_not_recognised;googleplay;;;pol-18 pol-04 hc-28900802305297;pol-18 pol-04 hc-28900802305297;To the extent permitted by applicable law, all purchases are non-refundable and non-exchangeable unless stated otherwise or required by law.;yes;The user is reporting an unauthorized charge after they believe they cancelled their subscription and is requesting a refund. An agent needs to explain the refund policy and the process for requesting one, while also clarifying that deleting an app does not cancel a subscription.;;;üyeliğimi iptal etmiş olmama rağmen hesabimdan yeniden para çekimi yapildi,para iadesi talep ediyorum,üyelik iptalinden sonra para çekimi yapma hakkınız yok ve yasal degil,kartımı kapatmak zorunda kaldım uygulamanız yüzünden,
gp:89bdbbb4-ff3;golden;;en_or_unknown;charge_not_recognised;googleplay;;;hc-28900802305297 pol-04 pol-18;hc-28900802305297 pol-04 pol-18;Deleting the app does not cancel your subscription, trial or introductory offer.;yes;The user is requesting to stop recurring charges and is disputing charges for a service they claim not to use. An agent needs to provide instructions on how to cancel the subscription and how to request a refund if eligible.;;;please stop withdrawing money from my account, why are you charging me for nothing I never received or had anything to do with your App but yet you keep on charging me money please stop its very I unfair
gp:8b1d332f-c1c;dev;;tr;charge_not_recognised;googleplay;;;pol-18 pol-14 pol-15;pol-18 pol-14 pol-15;To the extent permitted by applicable law, all purchases are non-refundable and non-exchangeable unless stated otherwise or required by law.;yes;The user is reporting an unauthorized charge of $29.90 from the website and is requesting a refund. An agent would need to know the refund policy and the process for requesting one, which is documented in the provided policies.;;;Web sitesi uzerinden kendi kafalarina gore hesabimdan bilgim olmadan 29.90 dolar cekilmis, iadesini talep ediyorum. Tam bir dolandirici uygulama.
gp:8b2ef14f-d02;golden;;en_or_unknown;charge_not_recognised;googleplay;;;hc-28900802305297 pol-04 pol-16 pol-18;hc-28900802305297 pol-04 pol-16 pol-18;Deleting the app does not cancel your subscription, trial or introductory offer.;yes;The user wants to cancel their subscription and receive a refund, believing that deleting the app previously should have stopped the charges. The knowledge base provides specific instructions for canceling subscriptions based on the platform used and outlines the refund policy.;;;URGENT!! I need you to cancel my subscription and refund the money asap. Funny how I cannot find any invoices or statements making it clear to me that I would have ongoing costs. I deleted the app as soon as I got it initially, and only downloaded the app again in order to make contact after seeing attempts of billing. Poor form.
gp:8e3724d5-af2;fewshot;;en_or_unknown;charge_not_recognised;googleplay;;;pol-04 pol-18 hc-28900802305297;pol-04 pol-18 hc-28900802305297;If you subscribed or started a free trial through the Google Play Store or directly via our website, please contact the Support center.;yes;The user is disputing a charge for a subscription they believe was already canceled and is requesting a refund. An agent needs to verify the subscription status and provide the refund policy or instructions for requesting a refund based on where the subscription was purchased.;;;I just got charged 49.99 I canceled my subscription a month ago!!! glad my cards are not available for you to charge me a service I just 5 minutes and again canceled your Frickn subscription!!! please send me my money back!!
gp:933d17fa-9b3;golden;;pt;charge_not_recognised;googleplay;yes;;pol-18 pol-04 pol-14;pol-18 pol-04 pol-14;To the extent permitted by applicable law, all purchases are non-refundable and non-exchangeable unless stated otherwise or required by law.;yes;The user is reporting an unauthorized charge and requesting a refund. An agent needs to provide the refund policy and instructions on how to request a refund based on the user's location and purchase method.;;;Me roubaram 207 reais! Eu não utilizei nenhum serviço. Apenas cheguei no Nebula por curiosidade. Quero meu dinheiro de volta
gp:953b362d-75b;dev;;en_or_unknown;charge_not_recognised;googleplay;;;pol-18 pol-14 pol-13 pol-04;pol-18 pol-14 pol-13 pol-04;To the extent permitted by applicable law, all purchases are non-refundable and non-exchangeable unless stated otherwise or required by law.;yes;The user is reporting unauthorized charges and requesting a refund. An agent needs to explain the refund policy and the process for requesting one, while also addressing the possibility of a verification charge or subscription renewal.;;;charged, my card 2 times and I didn't do anything with your site. 48 on April 30 and 58 on April 1st. I want my money back
gp:96585f8e-40f;dev;;es;charge_not_recognised;googleplay;;;pol-18 pol-04 pol-14;pol-18 pol-04 pol-14;To the extent permitted by applicable law, all purchases are non-refundable and non-exchangeable unless stated otherwise or required by law.;yes;The user is reporting an unauthorized charge and requesting a refund. An agent needs to provide the refund policy and instructions on how to request a refund based on the user's payment method.;;;Es un robo esta aplicación, es una ESTAFA me cobraron 53 dlls por una suscripción que ni siquiera autorize, quiero mi dinero de vuelta 🤬😡
gp:97599b53-328;golden;;es;charge_not_recognised;googleplay;;;pol-13 pol-18 pol-14;pol-13 pol-18 pol-14;We may verify your payment method with a small temporary charge, which will be refunded to you within ten (10) business days.;yes;The user is reporting an unauthorized charge and requesting a refund, believing they never provided payment details. An agent needs to explain the refund policy and the possibility of a temporary verification charge, while also providing instructions on how to request a refund if eligible.;;;Se cobraron de mi tarjeta de débito cuando jamás acepté ni puse un medio de pago en esta app. Solo la instalé. Espero que me devuelvan la plata. Estafadores!
gp:9888b65c-3d2;golden;;tr;charge_not_recognised;googleplay;;;pol-18 pol-04 hc-28900802305297;pol-18 pol-04 hc-28900802305297;To the extent permitted by applicable law, all purchases are non-refundable and non-exchangeable unless stated otherwise or required by law.;yes;The user is reporting an unauthorized charge after cancelling their trial and is requesting a refund and the termination of future charges. An agent needs to know the refund policy and the correct cancellation procedures to address this.;;;Deneme süresi bitmeden üyelik iptali yapmama rağmen 1200 TL hesabımdan para çekilmiş.Bu kabul edilemez.Acil olarak para çekmeyi sonlandırın ve paramı iade edin.Yoksa hukuki haklarımı kullanacağım.
gp:9dd03aa6-f28;golden;;en_or_unknown;charge_not_recognised;googleplay;;;pol-15 pol-18 pol-14;pol-15 pol-18 pol-14;If you wish to request a refund, we strongly encourage you to contact us first before initiating a chargeback with your payment provider.;yes;The user is disputing a charge after deleting their account and is requesting a refund while threatening legal action. An agent needs to explain the refund policy and the process for handling such disputes, including the risks associated with chargebacks.;;;I have never subscribed to anything I even deleted my account and I was charged 42 dollars for what.I even contacted them to stop trying to deduct money from me as I do not have any subscription with them.Please refund my money or im going to sue you you are complete fraudstars
gp:a1f592c8-33a;golden;;es;charge_not_recognised;googleplay;;;hc-28900802305297 pol-04 pol-15;hc-28900802305297 pol-04 pol-15;If you subscribed or started a free trial through the Google Play Store or directly via our website, please contact the Support center.;yes;The user is reporting an unauthorized charge and is unable to find a subscription to cancel in their Play Store or browser settings. An agent needs to explain that the subscription might be managed through a different channel or requires direct support intervention, and provide the necessary steps to contact support for a refund or cancellation.;;;Necesito cancelar una suscripción que HE CANCELADO ya. En la Play Store y en mi perfil de Chrome no aparece para darla de baja por ahí. Pero me han pasado un pago NO AUTORIZADO. Por favor, contacten conmigo si es posible, y anulen el pago.
gp:a85982ee-f2b;golden;;arabic;charge_not_recognised;googleplay;;;pol-18 pol-04 pol-14;pol-18 pol-04 pol-14;To the extent permitted by applicable law, all purchases are non-refundable and non-exchangeable unless stated otherwise or required by law.;yes;The user is reporting an unexpected charge of 45 Jordanian Dinar and is requesting a refund. An agent would need to investigate the user's account to identify the source of the charge and determine if it is eligible for a refund based on the company's policies.;;;لقد تم سحب مبلغ من البطاقة لدي ولا اعرف لماذا لم اشترك الا مرة واحدة الرجاء إرجاع المبلغ كان المبلغ ٤٥ دينار أردني لا أعرف لماذا
gp:abc8a956-afb;golden;;fr;charge_not_recognised;googleplay;;;hc-28900716097297 hc-28899709030417 pol-18 pol-15;hc-28900716097297 hc-28899709030417 pol-18 pol-15;The reason you can't find your AskNebula website subscription in your phone's settings or manage it through the Play Store or App Store is that this type of subscription is exclusively for the AskNebula website.;yes;The user is reporting an unauthorized charge of 39€ that does not appear in their Play Store subscriptions and is requesting a refund. An agent needs to explain that the charge might be a direct website subscription (which is separate from Play Store) and provide the steps to contact support for a refund request.;;;prélèvement de 39 € alors qu'aucun compte n'est liée, impossible de demander un remboursement . 39€ ce n'est pas rien ! comment faire pour récupérer cette argent !? alors qu'il n'apparaît meme pas dans les achats playstore
gp:ac632245-7b7;golden;;fr;charge_not_recognised;googleplay;;;hc-28900802305297 pol-18 pol-04 pol-14;hc-28900802305297 pol-18 pol-04 pol-14;Deleting the app does not cancel your subscription, trial or introductory offer.;yes;The user is disputing recurring charges, claiming they never subscribed, and is requesting a refund for these charges and a failed reading. An agent needs to provide the cancellation steps for their specific platform and explain the refund policy.;;;je viens de m'apercevoir que cette app me prend 39$/mois depuis qlq mois!!! Je me souviens d'avoir reçu 1 offre à 1 $ pour 1 psychic reading, que je n'ai jamais reçu !!! Je ne vois même pas où me désabonner déjà q je me suis jamais abonnée. je souhaite etre remboursée ! c littéralement du vol!!!
gp:acae8516-ecf;golden;;en_or_unknown;charge_not_recognised;googleplay;;;hc-28900802305297 pol-16 pol-05;hc-28900802305297 pol-16 pol-05;Deleting the app does not cancel your subscription, trial or introductory offer.;no;The user is complaining about recurring unauthorized charges and is asking how to stop them, as they believe they have no way to unsubscribe. An agent needs to explain the subscription cancellation process based on where the purchase was made and clarify that auto-refill or subscription renewals are the likely cause of the charges.;;;why deducted from my debit card again without my consent?? it's SGD 63.50 ??? can you stop made payment?? this is 2nd time. no unsubscribe way
gp:add34e99-c68;golden;;en_or_unknown;charge_not_recognised;googleplay;;;pol-18 pol-04 pol-15;pol-18 pol-04 pol-15;To the extent permitted by applicable law, all purchases are non-refundable and non-exchangeable unless stated otherwise or required by law.;yes;The user is requesting a refund for a charge they believe was unauthorized after they uninstalled the app. An agent would need to know the refund policy and the process for requesting one, which is documented in the provided policies.;;;I been unsubscribed and canceled less than a hour after installing, you guys just debit my account $14.25 unauthorized, I'm hungry ,starving that is my food money!!! You guys are wrong!!!! I need/want my money back!!! I'm waiting.... and I don't want to see you guys in my account taking money ever again I stand to correct your error, there wasn't a payment issue regarding me not subscribing I'm an enlightened individual myself with my own gifts I didn't want to be charged ANYTHING I Uninstall
gp:af97a94e-406;golden;;es;charge_not_recognised;googleplay;;;pol-18 hc-28900802305297 hc-28901150216337;pol-18 hc-28900802305297 hc-28901150216337;To the extent permitted by applicable law, all purchases are non-refundable and non-exchangeable unless stated otherwise or required by law.;yes;The user is requesting a refund for an unauthorized subscription and report, and is also reporting a technical error when trying to remove their payment method. An agent needs to provide the refund policy and instructions for cancellation, as well as guidance on how to resolve the payment method error.;;;Hola, URGENTE, se me cobró un monto excesivo y no uso la aplicación, por favor devolver el dinero. Mi sobrina instaló la aplicación y ni siquiera le llegó el supuesto reporte que envían. POR FAVOR DEVOLVER EL DINERO, NO QUIERO ESTAR SUSCRITA. Además, no me permite sacar mi tarjeta, me indica error solo en esa parte de la aplicación. Ayuda!!
gp:b186f161-98c;dev;;fr;charge_not_recognised;googleplay;;;pol-18 pol-04 hc-28900802305297;pol-18 pol-04 hc-28900802305297;To the extent permitted by applicable law, all purchases are non-refundable and non-exchangeable unless stated otherwise or required by law.;yes;The user is reporting an unexpected charge after they believe they cancelled their subscription and is requesting a refund. An agent needs to explain the refund policy and provide instructions on how to verify the cancellation status based on the platform used.;;;bonjour je viens de me rendre compte qu'on m'a prélevé 39 euros mais j'ai déjà désabonner je comprends pas pourquoi ??? je veux de remboursement je regarde même pas
gp:b5cb8ad5-708;golden;;en_or_unknown;charge_not_recognised;googleplay;;;pol-18 pol-14 pol-04;pol-18 pol-14 pol-04;To the extent permitted by applicable law, all purchases are non-refundable and non-exchangeable unless stated otherwise or required by law.;yes;The user is demanding a refund for a charge they did not intend to make and is frustrated by the support process. An agent needs to explain the refund policy, the timeline for processing, and how to request it based on where the purchase was made.;;;you guys took out $45 and I didn't even want the app! I'm still waiting for my 45.00 refund that I was promised and you're giving me the run-around you're telling me to go back on the app and I went on the app to try to find some help and I can't find it anywhere you brought me to psychics I don't want to talk to a psychic I want my refunds give me my refund! I really don't want to go any further than where I'm going
gp:b70e8be8-b6f;dev;;es;charge_not_recognised;googleplay;;;hc-28900802305297 pol-18 pol-14;hc-28900802305297 pol-18 pol-14;To cancel your AskNebula website subscription, you will need to follow the instructions provided in this article: • How to cancel a subscription?;no;The user is reporting multiple unauthorized charges on their card from a web subscription and is requesting both a refund and the cancellation of their subscription. The knowledge base provides specific instructions for canceling web subscriptions and outlines the refund policy and contact requirements for billing issues.;;;Hola! Me he comunicado con soporte ya que al suscribirme a traves de la web tuve descuentos multiples en mi tarjeta, por favor si podrían ayudarme con la devolución de mi dinero y dar de baja la suscripción sería de gran ayuda. Gracias
gp:bab5e3dd-742;golden;;es;charge_not_recognised;googleplay;;;hc-28900802305297 pol-04 pol-18;hc-28900802305297 pol-04 pol-18;Deleting the app does not cancel your subscription, trial or introductory offer.;yes;The user is reporting an unauthorized monthly charge and is requesting both a subscription cancellation and a refund. The knowledge base provides specific instructions on how to cancel subscriptions based on the platform used and outlines the refund policy.;;;me estan cobrando 35mil pesos mensuales y no se de que como puedo cancelar la suscripción y pedir un reembolso ladrones sinvergüenza
gp:bad38dca-8ba;dev;;fr;charge_not_recognised;googleplay;;;pol-18 pol-04 hc-28900802305297;pol-18 pol-04 hc-28900802305297;To the extent permitted by applicable law, all purchases are non-refundable and non-exchangeable unless stated otherwise or required by law.;yes;The user is reporting unauthorized monthly charges and is requesting a refund for two specific months. An agent needs to explain the refund policy and provide instructions on how to cancel the subscription to prevent future charges.;;;Cette appli que je n'ai jamais installé me débite tous les mois 29,25 € sans mon autorisation et c'est en payment automatique. Je veux être remboursée pour les mois d'août et septembre et je veux l'assurance qu'ils le feront.
gp:bf20df4f-6a6;golden;;es;charge_not_recognised;googleplay;;;pol-18 pol-04 hc-28900802305297;pol-18 pol-04 hc-28900802305297;To the extent permitted by applicable law, all purchases are non-refundable and non-exchangeable unless stated otherwise or required by law.;yes;The user is disputing a charge of 39 USD for a subscription they claim they never authorized and is requesting a refund. An agent would need to identify the subscription source and follow the refund policy, which is documented.;;;quiero que quiten de mi próximo resumen los 39 usd que quieren cobrarme por algo que nunca me subscribi, lo necesito urgente, no pienso abonar algo que no compre, no uso ni usaría. 39 usd que no tengo ni quiero pagar porque nunca me subscribi a nada!!!
gp:bf7ca7c9-f1e;dev;;en_or_unknown;charge_not_recognised;googleplay;;;pol-18 pol-04 pol-14;pol-18 pol-04 pol-14;To the extent permitted by applicable law, all purchases are non-refundable and non-exchangeable unless stated otherwise or required by law.;yes;The user is requesting a refund for a charge they believe was made in error because they did not use their free trial consultation. An agent would need to explain the refund policy and the process for requesting one, which is documented in the provided policies.;;;i downloaded the app but never had any consultation with anyone... i got debited even without using my 3mins free trial consultation. how do i get a refund ASAP please.
gp:c9468136-9b2;dev;;es;charge_not_recognised;googleplay;;;hc-28900802305297 pol-18 pol-04;hc-28900802305297 pol-18 pol-04;To cancel your AskNebula website subscription, you will need to follow the instructions provided in this article: • How to cancel a subscription?;no;The user is reporting an unauthorized charge and requesting a refund, while also asking how to cancel their subscription to prevent further charges. An agent would need to provide the refund policy and the specific cancellation steps based on the user's platform.;;;es una estafa completamente me quitaron casi 500 pesos sin mi autorizacion no se como cancelar no quiero que me quiten mi dinero no es posibke son una estafa , quiero mi dinero de vuelta
gp:ca5733e1-343;dev;;en_or_unknown;charge_not_recognised;googleplay;;;pol-15 pol-12;pol-15 pol-12;Initiating a chargeback or reversing a payment through your bank may result in the immediate termination of your account at our sole discretion.;yes;The user is threatening legal action and reporting damages due to a payment error, which requires an agent to address the situation according to the company's dispute and refund policies. The knowledge base provides information on how to handle payment disputes and the consequences of chargebacks, which is relevant to the user's threat.;;;When can you resolve this issue? Because of this error, I was forced to cancel my card and have suffered damages. I expect this to be fixed immediately before I take this matter to the relevant authorities
gp:cbaa38d5-529;dev;;es;charge_not_recognised;googleplay;;;pol-13 pol-18 pol-14;pol-13 pol-18 pol-14;We may verify your payment method with a small temporary charge, which will be refunded to you within ten (10) business days.;yes;The user is disputing a charge they believe is unauthorized and is requesting a refund. An agent needs to explain the nature of the initial one-dollar charge and provide the refund policy to address the user's request.;;;Es una estafa. Abone un dolar, no me suscribí a nada y ahora me cobraron por algo que no utilizo Nunca use la app Quiero que me reintegren mi dinero! ESTAFA!!!
gp:cbcf814a-697;dev;;pt;charge_not_recognised;googleplay;yes;;pol-18 pol-14 pol-15;pol-18 pol-14 pol-15;To the extent permitted by applicable law, all purchases are non-refundable and non-exchangeable unless stated otherwise or required by law.;yes;The user is reporting unauthorized charges and requesting a refund, claiming they were scammed. An agent would need to explain the refund policy and the process for requesting one, as well as provide guidance on how to handle potential billing disputes.;;;fui cobrada por uma compra que não fiz quero meu dinheiro de volta !!cai nesse Golpe!!! estelionatários me cobraram duas vezes!!! 160+73 ladrões
gp:cc809ff0-8a0;golden;;en_or_unknown;charge_not_recognised;googleplay;;;pol-04 pol-18 pol-14;pol-04 pol-18 pol-14;Deleting the app does not cancel your subscription, trial or introductory offer.;yes;The user is requesting a refund for a charge they believe was made after they cancelled their subscription. An agent needs to explain the refund policy and the correct cancellation process, as deleting the app does not automatically cancel a subscription.;;;Return my money back!! I already cancelled this app and uninstalled before the cutoff and they still deducted my card. such a scam!!
gp:cd2a39fd-0bd;fewshot;;tr;charge_not_recognised;googleplay;;;hc-28900802305297 pol-18 pol-14;hc-28900802305297 pol-18 pol-14;To cancel your AskNebula website subscription, you will need to follow the instructions provided in this article: • How to cancel a subscription?;no;The user is requesting a full refund for a charge and the cancellation of their subscription. The knowledge base provides specific instructions on how to cancel subscriptions and the policy regarding refund eligibility and processing.;;;10/09/2026 tarihinde WITHNEBULA.ME tarafından kartımdan çekilen 49,99 USD tutarın tamamının iadesini talep ediyorum. Varsa aboneliğimin/otomatik yenilemenin de iptal edilmesini ve tekrar ücret alınmamasını rica ederim. Onay Kodu: [Code].
gp:d12788ae-2be;golden;;en_or_unknown;charge_not_recognised;googleplay;;;pol-04 pol-18 hc-28900802305297;pol-04 pol-18 hc-28900802305297;If you subscribed or started a free trial via the App Store, refund requests are handled directly by Apple.;yes;The user is disputing a charge for a subscription they claim they did not purchase and is requesting a refund. An agent needs to explain the refund process and how to cancel the subscription to prevent future charges.;;;"apparently it was ""downloaded"" to my phone or tablet and now I'm being charged for something I never purchased. I don't have the funds for this. why would I do this to myself? I want my money back!"
gp:d565ffee-0b2;golden;;es;charge_not_recognised;googleplay;;;hc-28900802305297 pol-18 pol-04;hc-28900802305297 pol-18 pol-04;Deleting the app does not cancel your subscription, trial or introductory offer.;yes;The user is complaining about unauthorized charges and the language of the service, and they are requesting a full refund and cancellation of their subscription. The knowledge base provides instructions on how to cancel subscriptions and the policy regarding refunds.;;;horrible. pésima lo peor. no di autorización para que me cobren a mi tarjeta. además dice que esta en español y todo viene en inglés. quiero mi reembolso total de todo lo que me cobraron y que me des suscriban de todo..
gp:d83cb784-ef3;golden;;es;charge_not_recognised;googleplay;;;pol-18 pol-04 pol-14;pol-18 pol-04 pol-14;EEA AND UNITED KINGDOM — 14 DAYS. Residents may withdraw from a service or digital-goods agreement without charge and WITHOUT GIVING ANY REASON within fourteen (14) days of conclusion.;yes;The user is reporting unauthorized charges after cancelling their subscription and is requesting a refund. An agent needs to explain the refund process and how to handle subscription disputes, which is covered in the provided policies.;;;La peor, acepte un periodo de prueba y antes que termine, cancele la suscripcion sin embargo por dos meses consecutivos continuan con el cobro no autorizado en mi tarjeta, solicito mi reembolso son unos estafadores
gp:db0a0b86-227;fewshot;;es;charge_not_recognised;googleplay;;;pol-18 pol-14 pol-04;pol-18 pol-14 pol-04;To the extent permitted by applicable law, all purchases are non-refundable and non-exchangeable unless stated otherwise or required by law.;yes;The user is reporting being charged twice for the same subscription and is requesting a refund for the duplicate charge. An agent would need to verify the user's account and subscription status to determine if a refund is applicable based on the company's refund policy.;;;Muy mala experiencia!m cobraron hace unos días 29'90€ y hoy han vuelto a cobrarme 29'90€....espero lo solucionen y me devuelvan el dinero!!
gp:dcce2851-e69;dev;;en_or_unknown;charge_not_recognised;googleplay;;;pol-04 pol-18 pol-14;pol-04 pol-18 pol-14;If you subscribed or started a free trial through the Google Play Store or directly via our website, please contact the Support center.;yes;The user is requesting a refund for a subscription charge they believe was made in error after they cancelled their trial. An agent needs to verify the cancellation status and process the refund request based on the platform where the subscription was purchased.;;;need a refund I never wanted to keep this app. I canceled it on the last day of trial and was still charged $54 please fix this
gp:ddc0cbb3-209;golden;;es;charge_not_recognised;googleplay;;;pol-18 pol-04 pol-14;pol-18 pol-04 pol-14;To the extent permitted by applicable law, all purchases are non-refundable and non-exchangeable unless stated otherwise or required by law.;yes;The user is requesting a refund for a subscription charge they believe was unauthorized after they cancelled the app, and they are also expressing frustration with the service quality. An agent needs to provide the refund policy and instructions on how to request a refund based on the user's specific payment method.;;;hola. usé la app en modo prueba por tres días y no me gustó. te dan tres minutos para preguntar algo y se demoran cuatro minutos en responder. cancelé la app para que no me cobraran más pero igual me descontaron 28000 pesos. por favor los quiero devuelta, o acaso es una app estafadora?
gp:deeffe03-1b2;dev;;tr;charge_not_recognised;googleplay;;;pol-04 hc-28900802305297 pol-18 pol-14;pol-04 hc-28900802305297 pol-18 pol-14;Deleting the app does not cancel your subscription, trial or introductory offer.;yes;The user is reporting an unauthorized charge and requesting a refund, believing that deleting their account or app should have cancelled their subscription. An agent needs to explain that deleting the app does not cancel a subscription and provide the correct cancellation and refund procedures based on the user's platform.;;;Önce sadece doğum haritası için benden 20 TL aldı ve kendi kendine uygulama beni üye yaptı defalarca kez üyeliğimi gmail üzerinden silmeme rağmen benden bu ay 1000 TL üzeri para aldı acilen paramın iadesini talep ediyorum benim bir üyeliğim yok üye olduğum anda gmail üzerinden sildim sonda uygulamada adım bile çıkmıyordu derhal bu işin son bulmasını istiyorum aksi takdir de dava açacağım
gp:dfb42b29-d0a;golden;;en_or_unknown;charge_not_recognised;googleplay;;;pol-18 hc-28900802305297 pol-04;pol-18 hc-28900802305297 pol-04;To the extent permitted by applicable law, all purchases are non-refundable and non-exchangeable unless stated otherwise or required by law.;yes;The user is disputing an unauthorized subscription charge and requesting a refund. An agent needs to provide the refund policy and instructions on how to cancel the subscription based on the platform used.;;;I didn't ask for a subscription but I am being charged 29.99 I want my money back, this is as bad as the miss Cleo hotline from the 90s!
gp:e05a341c-6a1;golden;;en_or_unknown;charge_not_recognised;googleplay;;;hc-28900802305297 pol-04 pol-18 pol-14;hc-28900802305297 pol-04 pol-18 pol-14;If you subscribed or started a free trial through the Google Play Store or directly via our website, please contact the Support center.;yes;The user is reporting an unauthorized charge and requesting both a cancellation of their subscription and a refund. The knowledge base provides specific instructions on how to cancel subscriptions based on the platform used and outlines the refund policy, including the requirement to contact support for non-Apple purchases.;;;I just got charged $73.64 AUD when I did not make any purchases from the app. haven't even been using/opening the app! how do I request for a cancellation and refund?
gp:e2b966fc-342;dev;;pt;charge_not_recognised;googleplay;;;pol-18 pol-04 pol-14;pol-18 pol-04 pol-14;To the extent permitted by applicable law, all purchases are non-refundable and non-exchangeable unless stated otherwise or required by law.;yes;The user is requesting a refund for a charge they did not intend to make, believing the service was free. An agent would need to explain the refund policy and the process for requesting one based on where the purchase was made.;;;fui enganada! eu só baixei esse aplicativo p receber algo gratuito que foi oferecido na propaganda. Infelizmente acabei de descobrir na minha fatura um pagamento. Quero o dinheiro de volta! nunca usei esse aplicativo.
gp:e2e4f875-4a7;dev;;en_or_unknown;charge_not_recognised;googleplay;;;pol-18 pol-04 hc-28900802305297;pol-18 pol-04 hc-28900802305297;To the extent permitted by applicable law, all purchases are non-refundable and non-exchangeable unless stated otherwise or required by law.;yes;The user is disputing an unauthorized subscription charge and requesting a refund. An agent needs to provide the refund policy and instructions on how to cancel the subscription to prevent further charges.;;;Hi, I did not consent to subscribe on this app it was done without my knowledge. I only found out when my account was debited. i would like to request a refund please
gp:e3767b05-0b9;golden;;pt;charge_not_recognised;googleplay;;;hc-28899811054737 pol-14 pol-18;hc-28899811054737 pol-14 pol-18;In order to remove your personal data on Nebula app, please follow these steps: 1. Open the Nebula app. 2. Tap the Settings icon in the top right corner. 3. Under the General tab, tap Account details. 4. Select Delete account.;yes;The user is reporting an unauthorized charge and requesting a refund and account deletion. An agent needs to explain the refund process and provide instructions for account deletion.;;;Péssimo. fiz uma compra 1x e mesmo sem minha autorização recebi uma desconto no cartão de uma compra que não fiz e não autorizei, nenhum e-mail informando a compra, não tenho assinatura nem aqui e nem no aplicativo e simplesmente descontaram 102,00 no meu cartão. quero meu dinheiro de volta e excluir pra não voltar nunca mais.
gp:e8875c1d-a95;dev;;en_or_unknown;charge_not_recognised;googleplay;;;pol-18 pol-04 pol-14;pol-18 pol-04 pol-14;Residents may withdraw from a service or digital-goods agreement without charge and WITHOUT GIVING ANY REASON within fourteen (14) days of conclusion.;yes;The user is requesting a refund for a charge they believe was made in error after cancellation. An agent would need to know the refund policy and the specific process for requesting a refund based on the user's payment method.;;;I cancelled this straight away, yet £29.99 has gone onto my phone bill which now means I can't afford to pay my bill, so I will get cut off, how can I reverse these charges?
gp:e895425f-6fe;dev;;es;charge_not_recognised;googleplay;;;pol-18 pol-04 pol-14;pol-18 pol-04 pol-14;To the extent permitted by applicable law, all purchases are non-refundable and non-exchangeable unless stated otherwise or required by law.;yes;The user is requesting a refund for an unauthorized charge and claims they did not subscribe to the service. An agent needs to explain the refund policy and provide instructions on how to request a refund based on the user's payment method.;;;Quiero que me reembolsen me están cobrando 39 euros de no sé qué. Reviso y no suscribí pago alguno. Es una estafa yo no he utilizado la app me parece muy truculenta y ni le seguí la pista es terrible ni sé qué me cobran si no he utilizado esta app
gp:f114fe76-d88;dev;;es;charge_not_recognised;googleplay;;;hc-28900802305297 pol-18 pol-15;hc-28900802305297 pol-18 pol-15;If you subscribed or started a free trial through the Google Play Store or directly via our website, please contact the Support center.;no;The user is reporting an unauthorized charge and requesting a refund and subscription cancellation, while also expressing frustration about being blocked. An agent needs to provide the refund policy and the specific cancellation steps for the user's platform.;;;Me cobraron 700 pesos sin mi autorización, uno quiere aclaración y cancelar la suscripción y lo bloquean para clavarse el dinero. Quiero mi dinero ya .
gp:f156ce85-8d2;golden;;fr;charge_not_recognised;googleplay;;;pol-18 pol-14 pol-15;pol-18 pol-14 pol-15;To the extent permitted by applicable law, all purchases are non-refundable and non-exchangeable unless stated otherwise or required by law.;yes;The user is reporting unauthorized charges and requesting a refund. An agent would need to know the refund policy and the process for requesting one, which is documented in the provided policies.;;;honteux 1 retrait de 50 euro puis 7 retrait de 10 euro rien demander donner aucun autorisation. c est du vol je souhaite être rappel remboursé et que l on s excuse bien a vous
gp:f1d68076-170;dev;;en_or_unknown;charge_not_recognised;googleplay;;;hc-28900802305297 pol-18 pol-04;hc-28900802305297 pol-18 pol-04;To cancel your AskNebula website subscription, you will need to follow the instructions provided in this article: • How to cancel a subscription?;no;The user is requesting a cancellation of their subscription and a refund for three charges of $49.99. An agent needs to provide the cancellation steps based on where the subscription was purchased and explain the refund policy.;;;That's a total scam! They tricked me into signing up and subscribing. Don't do it. They charged my credit card $49.99 three times. Can you please cancel it and refund me right away?
gp:f3070f39-0c7;golden;;en_or_unknown;charge_not_recognised;googleplay;;;hc-28900802305297 pol-15 pol-16;hc-28900802305297 pol-15 pol-16;Deleting the app does not cancel your subscription, trial or introductory offer.;no;The user believes they canceled their subscription but was charged again, and they are threatening a bank chargeback. An agent needs to explain that deleting an app does not cancel a subscription and provide the correct cancellation steps, while also warning that a chargeback can lead to account termination.;;;Signed up for a trial, canceled after 3 days and was still charged again a month later. Not happy with this right now. It's going to be a whole thing now with the bank and all the other financial places I need to use this card, to resolve this issue.
gp:fb38ad26-001;golden;;en_or_unknown;charge_not_recognised;googleplay;;;hc-28900802305297 pol-04 pol-18;hc-28900802305297 pol-04 pol-18;If you subscribed or started a free trial through the Google Play Store or directly via our website, please contact the Support center.;yes;The user is requesting a refund for unauthorized charges and assistance with cancelling a subscription that they cannot locate in the Google Play Store. An agent needs to provide the cancellation steps for their specific platform and explain the refund policy.;;;I want my money Back, I never Authorized the debit on my account. I never used this app because is really bad, I dont like it. I can't cancel the subscriptión on Google play, doesn't exist. Please help me to unsubscribe I don't want you to debit my account again. You are thieves, you're stealing from me.
gp:fd9d8aad-b77;golden;;es;charge_not_recognised;googleplay;;;pol-18 pol-14 pol-15;pol-18 pol-14 pol-15;To the extent permitted by applicable law, all purchases are non-refundable and non-exchangeable unless stated otherwise or required by law.;yes;The user is reporting an unauthorized duplicate charge and is requesting a refund. An agent would need to know the refund policy and the process for handling billing disputes to assist the user.;;;Buenos dias, necesito que se comuniquen conmigo, me hicieron dos descuentos y solo autorice uno, solicito la devolución de mi dinero.
gp:fe46516c-0e8;golden;;es;charge_not_recognised;googleplay;;;hc-28900802305297 pol-16 pol-04 pol-18;hc-28900802305297 pol-16 pol-04 pol-18;Deleting the app does not cancel your subscription, trial or introductory offer.;yes;The user is complaining about unauthorized charges and requesting a refund, while also mistakenly believing that deleting the app cancels their subscription. An agent needs to explain that deleting the app does not cancel a subscription and provide the correct cancellation steps, as well as address the refund request.;;;pésima no sirve y encima cobran a escondidas volvieron a cobrarme sin mi consentimiento van dos veces que les pasa ustedes están robando descaradamente yo no me suscribí desinstale está porquería y me vuelven a cobrar deseo me devuelvan mi dinero o llegaré hasta las últimas consecuencias
syn:01;synthetic;yes;es;charge_not_recognised;;;;pol-18 pol-14 pol-15;pol-18 pol-14 pol-15;To the extent permitted by applicable law, all purchases are non-refundable and non-exchangeable unless stated otherwise or required by law.;yes;The user is reporting a double charge and demanding a refund. An agent needs to explain the refund policy and the process for requesting one, which is documented in the provided policies.;;;¡¡¡SOIS UNOS LADRONES!!! Me habéis cobrado 49,99 € DOS VECES este mes sin mi permiso. DEVOLVEDME MI DINERO AHORA.
syn:02;synthetic;yes;en_or_unknown;charge_not_recognised;;;;hc-28900802305297 hc-28901281229713 pol-18 pol-04;hc-28900802305297 hc-28901281229713 pol-18 pol-04;To cancel your AskNebula website subscription, you will need to follow the instructions provided in this article: How to cancel a subscription?;no;The user is requesting a refund for an unauthorized charge and a cancellation of their subscription, as well as assistance with an incorrect rising sign display in the app. The knowledge base provides instructions for both cancellation and reporting technical issues like incorrect profile data.;;;Two things. First, I was charged $39.99 yesterday although I cancelled in June — I want that back and the subscription gone. Second, the app shows my rising sign wrong since the update.
syn:07;synthetic;yes;en_or_unknown;charge_not_recognised;;;;pol-04 pol-14 pol-18;pol-04 pol-14 pol-18;If you subscribed or started a free trial through the Google Play Store or directly via our website, please contact the Support center.;yes;The user is reporting unauthorized charges after a previous cancellation and is requesting a refund and confirmation of account closure. The knowledge base provides information on how refund requests are handled based on the purchase platform and the process for confirming subscription status.;;;I was charged $49.99 twice on the same day, the 3rd of September, and nobody has explained why. I cancelled the subscription in July and I have the confirmation email in front of me. I want both charges returned to the same card and the subscription closed for good. Please confirm in writing when this is done. I was charged $49.99 twice on the same day, the 3rd of September, and nobody has explained why. I cancelled the subscription in July and I have the confirmation email in front of me. I want both charges returned to the same card and the subscription closed for good. Please confirm in writing when this is done. I was charged $49.99 twice on the same day, the 3rd of September, and nobody has explained why. I cancelled the subscription in July and I have the confirmation email in front of me. I want both charges returned to the same card and the subscription closed for good. Please confirm in writing when this is done. I was charged $49.99 twice on the same day, the 3rd of September, and nobody has explained why. I cancelled the subscription in July and I have the confirmation email in front of me. I want both charges returned to the same card and the subscription closed for good. Please confirm in writing when this is done. I was charged $49.99 twice on the same day, the 3rd of September, and nobody has explained why. I cancelled the subscription in July and I have the confirmation email in front of me. I want both charges returned to the same card and the subscription closed for good. Please confirm in writing when this is done. I was charged $49.99 twice on the same day, the 3rd of September, and nobody has explained why. I cancelled the subscription in July and I have the confirmation email in front of me. I want both charges returned to the same card and the subscription closed for good. Please confirm in writing when this is done. I was charged $49.99 twice on the same day, the 3rd of September, and nobody has explained why. I cancelled the subscription in July and I have the confirmation email in front of me. I want both charges returned to the same card and the subscription closed for good. Please confirm in writing when this is done. I was charged $49.99 twice on the same day, the 3rd of September, and nobody has explained why. I cancelled the subscription in July and I have the confirmation email in front of me. I want both charges returned to the same card and the subscription closed for good. Please confirm in writing when this is done. I was charged $49.99 twice on the same day, the 3rd of September, and nobody has explained why. I cancelled the subscription in July and I have the confirmation email in front of me. I want both charges returned to the same card and the subscription closed for good. Please confirm in writing when this is done. I was charged $49.99 twice on the same day, the 3rd of September, and nobody has explained why. I cancelled the subscription in July and I have the confirmation email in front of me. I want both charges returned to the same card and the subscription closed for good. Please confirm in writing when this is done. I was charged $49.99 twice on the same day, the 3rd of September, and nobody has explained why. I cancelled the subscription in July and I have the confirmation email in front of me. I want both charges returned to the same card and the subscription closed for good. Please confirm in writing when this is done. I was charged $49.99 twice on the same day, the 3rd of September, and nobody has explained why. I cancelled the subscription in July and I have the confirmation email in front of me. I want both charges returned to the same card and the subscription closed for good. Please confirm in writing when this is done. I was charged $49.99 twice on the same day, the 3rd of September, and nobody has explained why. I cancelled the subscription in July and I have the confirmation email in front of me. I want both charges returned to the same card and the subscription closed for good. Please confirm in writing when this is done. I was charged $49.99 twice on the same day, the 3rd of September, and nobody has explained why. I cancelled the subscription in July and I have the confirmation email in front of me. I want both charges returned to the same card and the subscription closed for good. Please confirm in writing when this is done. I was charged $49.99 twice on the same day, the 3rd of September, and nobody has explained why. I cancelled the subscription in July and I have the confirmation email in front of me. I want both charges returned to the same card and the subscription closed for good. Please confirm in writing when this is done. I was charged $49.99 twice on the same day, the 3rd of September, and nobody has explained why. I cancelled the subscription in July and I have the confirmation email in front of me. I want both charges returned to the same card and the subscription closed for good. Please confirm in writing when this is done. I was charged $49.99 twice on the same day, the 3rd of September, and nobody has explained why. I cancelled the subscription in July and I have the confirmation email in front of me. I want both charges returned to the same card and the subscription closed for good. Please confirm in writing when this is done. I was charged $49.99 twice on the same day, the 3rd of September, and nobody has explained why. I cancelled the subscription in July and I have the confirmation email in front of me. I want both charges returned to the same card and the subscription closed for good. Please confirm in writing when this is done. I was charged $49.99 twice on the same day, the 3rd of September, and nobody has explained why. I cancelled the subscription in July and I have the confirmation email in front of me. I want both charges returned to the same card and the subscription closed for good. Please confirm in writing when this is done. I was charged $49.99 twice on the same day, the 3rd of September, and nobody has explained why. I cancelled the subscription in July and I have the confirmation email in front of me. I want both charges returned to the same card and the subscription closed for good. Please confirm in writing when this is done. I was charged $49.99 twice on the same day, the 3rd of September, and nobody has explained why. I cancelled the subscription in July and I have the confirmation email in front of me. I want both charges returned to the same card and the subscription closed for good. Please confirm in writing when this is done. I was charged $49.99 twice on the same day, the 3rd of September, and nobody has explained why. I cancelled the subscription in July and I have the confirmation email in front of me. I want both charges returned to the same card and the subscription closed for good. Please confirm in writing when this is done. I was charged $49.99 twice on the same day, the 3rd of September, and nobody has explained why. I cancelled the subscription in July and I have the confirmation email in front of me. I want both charges returned to the same card and the subscription closed for good. Please confirm in writing when this is done. I was charged $49.99 twice on the same day, the 3rd of September, and nobody has explained why. I cancelled the subscription in July and I have the confirmation email in front of me. I want both charges returned to the same card and the subscription closed for good. Please confirm in writing when this is done. I was charged $49.99 twice on the same day, the 3rd of September, and nobody has explained why. I cancelled the subscription in July and I have the confirmation email in front of me. I want both charges returned to the same card and the subscription closed for good. Please confirm in writing when this is done. I was charged $49.99 twice on the same day, the 3rd of September, and nobody has explained why. I cancelled the subscription in July and I have the confirmation email in front of me. I want both charges returned to the same card and the subscription closed for good. Please confirm in writing when this is done. I was charged $49.99 twice on the same day, the 3rd of September, and nobody has explained why. I cancelled the subscription in July and I have the confirmation email in front of me. I want both charges returned to the same card and the subscription closed for good. Please confirm in writing when this is done. I was charged $49.99 twice on the same day, the 3rd of September, and nobody has explained why. I cancelled the subscription in July and I have the confirmation email in front of me. I want both charges returned to the same card and the subscription closed for good. Please confirm in writing when this is done. I was charged $49.99 twice on the same day, the 3rd of September, and nobody has explained why. I cancelled the subscription in July and I have the confirmation email in front of me. I want both charges returned to the same card and the subscription closed for good. Please confirm in writing when this is done. I was charged $49.99 twice on the same day, the 3rd of September, and nobody has explained why. I cancelled the subscription in July and I have the confirmation email in front of me. I want both charges returned to the same card and the subscription closed for good. Please confirm in writing when this is done. I was charged $49.99 twice on the same day, the 3rd of September, and nobody has explained why. I cancelled the subscription in July and I have the confirmation email in front of me. I want both charges returned to the same card and the subscription closed for good. Please confirm in writing when this is done. I was charged $49.99 twice on the same day, the 3rd of September, and nobody has explained why. I cancelled the subscription in July and I have the confirmation email in front of me. I want both charges returned to the same card and the subscription closed for good. Please confirm in writing when this is done. I was charged $49.99 twice on the same day, the 3rd of September, and nobody has explained why. I cancelled the subscription in July and I have the confirmation email in front of me. I want both charges returned to the same card and the subscription closed for good. Please confirm in writing when this is done. I was charged $49.99 twice on the same day, the 3rd of September, and nobody has explained why. I cancelled the subscription in July and I have the confirmation email in front of me. I want both charges returned to the same card and the subscription closed for good. Please confirm in writing when this is done. I was charged $49.99 twice on the same day, the 3rd of September, and nobody has explained why. I cancelled the subscription in July and I have the confirmation email in front of me. I want both charges returned to the same card and the subscription closed for good. Please confirm in writing when this is done. I was charged $49.99 twice on the same day, the 3rd of September, and nobody has explained why. I cancelled the subscription in July and I have the confirmation email in front of me. I want both charges returned to the same card and the subscription closed for good. Please confirm in writing when this is done. I was charged $49.99 twice on the same day, the 3rd of September, and nobody has explained why. I cancelled the subscription in July and I have the confirmation email in front of me. I want both charges returned to the same card and the subscription closed for good. Please confirm in writing when this is done. I was charged $49.99 twice on the same day, the 3rd of September, and nobody has explained why. I cancelled the subscription in July and I have the confirmation email in front of me. I want both charges returned to the same card and the subscription closed for good. Please confirm in writing when this is done. I was charged $49.99 twice on the same day, the 3rd of September, and nobody has explained why. I cancelled the subscription in July and I have the confirmation email in front of me. I want both charges returned to the same card and the subscription closed for good. Please confirm in writing when this is done. I was charged $49.99 twice on the same day, the 3rd of September, and nobody has explained why. I cancelled the subscription in July and I have the confirmation email in front of me. I want both charges returned to the same card and the subscription closed for good. Please confirm in writing when this is done. 
syn:15;synthetic;yes;arabic;charge_not_recognised;;;;hc-28900802305297 pol-04 pol-16 pol-18;hc-28900802305297 pol-04 pol-16 pol-18;Deleting the app does not cancel your subscription, trial or introductory offer.;yes;The user believes that deleting the app should have cancelled their subscription and is now requesting a refund for a charge that occurred after deletion. An agent needs to explain that deleting the app does not cancel a subscription and provide the correct cancellation steps based on the platform used, as well as the refund policy.;;;حذفت التطبيق منذ شهرين ومع ذلك خُصم مني ١٩٩ ريال. أريد استرداد المبلغ وإلغاء الاشتراك.
as:11609575816;golden;;en_or_unknown;nothing_delivered;appstore;;;pol-18 hc-28901285302673 hc-28901216899857 pol-14;pol-18 hc-28901285302673 hc-28901216899857 pol-14;To the extent permitted by applicable law, all purchases are non-refundable and non-exchangeable unless stated otherwise or required by law.;yes;The user is reporting multiple technical issues with the app and website, including failed logins, chat communication errors, and wasted credits, and is requesting a full refund for their purchases. An agent would need to investigate the technical failures and process a refund request based on the company's refund policy.;;;In the app and online was glitching. I paid online for the $1 and ended up paying the subscription price anyway. Then it wouldn’t let me log in online. It kept saying there was a problem logging in. So I downloaded the app and logged in that way. I got in, but then the thing just started glitching. I’d spend money on the coins for the chats, but I couldn’t communicate with any of the psychics. They kept asking if I was there but yet when I said I was they didn’t get the messages because on my end it was unsent. Then it kept saying it was loading waiting on the psychics, yet they were always asking if I was there when I exited out and when back into the chats. I kept trying to reply to them but got nowhere.  Uninstalled and redownloaded and the same problem kept occurring. I spent so much money on all these credits and yet it was literally wasted on air. I want ALL of my money back. So all my credits back.
as:12660438560;dev;;es;nothing_delivered;appstore;;;pol-18 hc-28900840466961 pol-14;pol-18 hc-28900840466961 pol-14;To the extent permitted by applicable law, all purchases are non-refundable and non-exchangeable unless stated otherwise or required by law.;yes;The user is reporting that they were charged for two reports that were never received and is requesting a refund. An agent needs to know the refund policy and the process for handling missing reports to address this.;;;Me cobraron 2 informes que nunca llegaron. Y el idioma mitad español y mitad inglés. Nunca pude leer nada. Quiero me devuelvan mi dinero. Ya lo desinstalo.
as:12957254026;golden;;cyrillic;nothing_delivered;appstore;;;hc-28901285302673 hc-28899179430801;hc-28901285302673 hc-28899179430801;If any credits were lost due to connection problems, our support team will compensate them.;yes;The user is reporting that they were charged for a reading where the advisor left the chat, and they are now being asked to pay again to see a response. An agent needs to investigate the technical issue and potentially compensate the user for lost credits, which is covered by the support documentation.;;;Деньги вычитывают из баланса, а вместо ответа астролог покидает чат. И потом требуют чтобы я снова пополнила баланс чтобы увидеть ответ, так как время и кредиты утекли! Будьте добры компенсируйте это!
as:13425069663;dev;;pt;nothing_delivered;appstore;;;pol-18 hc-28901074285713 pol-14;pol-18 hc-28901074285713 pol-14;To the extent permitted by applicable law, all purchases are non-refundable and non-exchangeable unless stated otherwise or required by law.;yes;The user is requesting a refund due to dissatisfaction with the service quality and technical issues. An agent would need to know the refund policy and the process for reporting technical issues to address this.;;;Ele não entregou o serviço que eu paguei, quero o dinheiro de volta! O aplicativo trava o tempo todo, nao tem nenhum conteúdo relevante.
as:13564172721;golden;;hangul;nothing_delivered;appstore;;;pol-18 pol-04 hc-28900840466961;pol-18 pol-04 hc-28900840466961;Residents may withdraw from a service or digital-goods agreement without charge and WITHOUT GIVING ANY REASON within fourteen (14) days of conclusion.;yes;The user is frustrated that they must download the app to view a reading purchased on the website and is requesting a refund because they are dissatisfied with the service. An agent needs to provide the refund policy and instructions on how to request a refund for a web-based purchase.;;;웹에서 결제해놓고 무조건 앱 다운로드해야 결과 볼 수 있고... 귀찮고 어디까지 가나 싶어서 깔아봤는데 결과 나오려면 10분 걸린다길래 각 보여서 그냥 지웁니다. 환불이나 해주든가. 결과도 내놓고 돈이나 받아먹든가.
as:13854131371;fewshot;;fr;nothing_delivered;appstore;;;hc-28900802305297 pol-18 hc-28899811054737;hc-28900802305297 pol-18 hc-28899811054737;Deleting the app does not cancel your subscription, trial or introductory offer.;no;The user is requesting to cancel their subscription, receive a refund, and delete their account due to dissatisfaction with the language options. I need to provide the cancellation steps, the refund policy, and the account deletion process.;;;"Me désabonner
Je suis très déçu tout est en anglais, nous n’avons pas le choix malgré que nous sommes chez nous au Québec…je demande un remboursement et la fermeture de mon compte."
as:5355417868;fewshot;;en_or_unknown;nothing_delivered;appstore;;;hc-28900762266641 hc-28901074285713;hc-28900762266641 hc-28901074285713;"On the Sales screen, locate and tap the ""Restore"" button.";yes;The user is unable to restore a lifetime purchase after reinstalling the app and is receiving an error message. An agent would need to know how to restore purchases and what information is required to investigate a failed restoration.;;;The app seems to be error then I reinstalled it and cannot restore the life-time purchase $119.99 (it said “try again later”). I already paid on Dec 10, 2019 and the bill was sent to my email. Please check immediately!!!
as:7473868563;dev;;en_or_unknown;nothing_delivered;appstore;;;hc-28901285302673 hc-28901074285713 hc-28897971343505;hc-28901285302673 hc-28901074285713 hc-28897971343505;If you're facing connection issues or other technical problems during a live chat with a psychic on the Nebula app, our support team is here to help!;yes;The user is experiencing a technical error when trying to access their paid psychic readings and is concerned about losing their data if they reinstall the app. I need to provide instructions on how to contact support for the technical error and confirm that their account data is tied to their login, not the app installation itself.;;;The app is overall amazing. However, in the past 2 weeks, I am not able to open my conversations I’ve had with astrologers. I just got an alert that I had an answer to my question but the app gave me an error message saying “data couldn’t be read because it is missing”. I did not see any way to contact in the app. I paid for the question, but I cannot see the response. I thought about deleting and reinstalling the app, but I’m not sure if my info and past activities will transfer. Please help....
as:8253271125;golden;;en_or_unknown;nothing_delivered;appstore;;;hc-28900762266641 hc-28900802305297 pol-16;hc-28900762266641 hc-28900802305297 pol-16;"On the Sales screen, locate and tap the ""Restore"" button.";yes;The user is experiencing a technical issue where they are being charged for multiple subscriptions but cannot access premium features, and they are concerned about being charged after cancellation. An agent needs to explain how to restore purchases and how to properly cancel subscriptions to avoid future charges.;;;"EDIT: I have now also been charged for two different subscriptions to this app in the same night. Still no access to the premium content though. For reference, I ONLY have a subscription to this app, and have no children or S/O or anything with access to my phone nor my apple information. Very unhappy with this. 

I want to start off by saying I adore this app. Hands down my favorite astrology app that I’ve found so far. BUT.

 Last year when I had the app, I had unsubscribed at a certain point due to personal financials and was still being charged after the fact. I was able to sort it out and get a refund back then, no big deal, but I was reluctant to use the app again in case this same issue came up. 

 This year, financials are no longer an issue and I redownloaded, chose a subscription option, but found that even though I subscribed, this app will not allow me to access its premium features. Tonight alone Ive chosen several different subscription options, canceled and resubscribed, deleted the app and redownloaded. Ive tried anything I can think to do, yet anytime I try to use a premium feature Im presented with a screen that tells me I need to subscribe. If I select my current subscription, I get a message stating I’m already subscribed. If I choose another and try to continue onto the premium content, the “choose a subscription to continue” message still pops up.  

I am thrilled with the actual content I am able to use, but why should I pay for the premium subscription if I still wont get access to the premium content. I also would like to know if I am going to have to pay for these subscriptions if I cancel again, just as I did last year. Overall I give this app 10/10 for quality content but a biiiig 0/10 for payment and subscription. Really hoping its just a bug, but at this point I’m not so sure."
gp:00a73c05-36d;golden;;en_or_unknown;nothing_delivered;googleplay;;;hc-28900802305297 hc-28900034911377;hc-28900802305297 hc-28900034911377;To cancel your AskNebula website subscription, you will need to follow the instructions provided in this article: • How to cancel a subscription?;no;The user is asking for their purchased sketch and wants to unsubscribe from the service because they are unhappy with the psychic content. The knowledge base provides instructions on how to access purchased readings and how to cancel subscriptions.;;;where's my sketch? instead I'm lured into some psychic stuff, I want nothing to do with it. I should be able to unsubscribe and I cannot do that easily like when I signed up.
gp:3dc5f767-282;golden;;en_or_unknown;nothing_delivered;googleplay;;;hc-28901216899857 pol-18 pol-14;hc-28901216899857 pol-18 pol-14;If there was an issue on our end, we’ll: Credit any missing amounts;no;The user is reporting a failed credit purchase and an inability to access their account or contact support via the app, and they are requesting a refund. The knowledge base provides specific instructions for reporting missing credits and requesting refunds, including how to contact support when in-app options are unavailable.;;;The app start bugging once I made a payment of 100 credits. The credits are not I'm the account. I have 3 unreaded messages that I can't open because they are asking me to add credits again. And it does not allow me to contact the company through the app. I want my money back, even if it's little still my money.
gp:7e8f319c-459;dev;;en_or_unknown;nothing_delivered;googleplay;;;hc-28901216899857 hc-28901285302673 pol-18;hc-28901216899857 hc-28901285302673 pol-18;If there was an issue on our end, we’ll: Credit any missing amounts;no;The user is reporting technical issues with chat availability and missing credit transfers, and is requesting a refund for these problems. An agent needs to investigate the missing credits and the failed chat sessions to determine refund eligibility.;;;every time the psychic would go to answer me it would go busy and I never got an answer and the time would run out I even bought some extra credits and it never got transferred in very disappointed and I want my money back
gp:83ce12d3-9f5;dev;;fr;nothing_delivered;googleplay;;;pol-18 pol-14 pol-15;pol-18 pol-14 pol-15;To the extent permitted by applicable law, all purchases are non-refundable and non-exchangeable unless stated otherwise or required by law.;yes;The user is requesting a refund because they are dissatisfied with the service, specifically citing that the content was in English and did not meet their expectations. An agent would need to know the refund policy and the process for requesting one, which is documented in the knowledge base.;;;Arnaque complète, je demande d'ailleurs le remboursement de la, somme dépenser puisque je n'ai eu accès à rien de ce que j'ai demandé.... Tout est en anglais et rien ne ressemblait à ma, demande très mauvaise expérience
gp:846a3603-136;golden;;fr;nothing_delivered;googleplay;;;pol-18 pol-04 hc-28900802305297;pol-18 pol-04 hc-28900802305297;On withdrawal all payments are reimbursed, without undue delay and no later than 14 days after being informed, by the same means of payment, with no fees to the user.;yes;The user is requesting a refund due to the app switching to English after payment and is concerned about being asked for bank details for a PayPal refund. An agent needs to explain the refund process and clarify that they do not need to provide bank details if they paid via PayPal.;;;promotion offerte à 1 euro pour essaie présente en français pour tout ce qui est du questionnaire de préambule et une fois payé pour accéder à l appli... tout passe en anglais !! je demande un remboursement pour non conformité et la on me demande mes infos banquaires soit disant nécessaire pour me rembourser alors que j ai payé avec PAYPAL.... Ca pue l arnaque!!
gp:8540e191-8e5;dev;;en_or_unknown;nothing_delivered;googleplay;;;pol-18 pol-04 hc-28900762266641;pol-18 pol-04 hc-28900762266641;To the extent permitted by applicable law, all purchases are non-refundable and non-exchangeable unless stated otherwise or required by law.;yes;The user is reporting that they were charged for a subscription period but are not receiving the premium features, and they are requesting a refund. An agent would need to verify the subscription status and explain the refund process, which is documented in the provided policies.;;;I was just charged today for the next week. I had to cancel the subscription but this week is paid for. So I was like well ok I should have all the features now for the week, I went to the app and now it's saying I ain't paid. I want my money back.
gp:8b2d3cb1-41f;golden;;pt;nothing_delivered;googleplay;;;hc-47030956792337 hc-28901216899857 pol-18;hc-47030956792337 hc-28901216899857 pol-18;If your Nebula account has been deleted and you’d like to restore it, this article will explain what recovery options may be available depending on how you used Nebula.;yes;The user is reporting that their account has disappeared across both the website and the app, resulting in a loss of purchased credits, and they are demanding a refund. An agent needs to investigate the account status and provide instructions on how to recover the account or process a refund if the account cannot be restored.;;;Criei uma conta pelo site, usei os serviços e comprei créditos. Até aí, tudo bem. Porém, hoje tentei efetuar o login pelo app e apareceu conta inexistente. A conta estava logada pelo site, e depois que tentei logar pelo app, o mesmo problema ocorreu no site. Isso eu efetuei uma compra de créditos hoje! Tenho os e-mails para comprovar a compra e de quando criei a conta. Agora não tenho mais acesso e fiquei com créditos não utilizados. Dinheiro gasto! Exijo reembolso!
gp:ab4ec96c-f56;golden;;en_or_unknown;nothing_delivered;googleplay;;;pol-18 pol-14 pol-15;pol-18 pol-14 pol-15;To the extent permitted by applicable law, all purchases are non-refundable and non-exchangeable unless stated otherwise or required by law.;yes;The user is requesting a refund for a purchase they made, believing they were paying for a photo rather than a psychic reading. An agent would need to know the refund policy and the process for requesting one to address this.;;;still can't figure out what's going on, I thought you were gonna send me a photo, got sent to a so called psychic instead. jst another gimmick to get you to give them money, and download there app, still haven't got my pic, I want my money back. all I wanted was the pic, Im not allowed to be talking to a psychic, part of my religion, the only psychic I believe in is the Holy King, one and only, he says not to entertain these things, it's a gimmick, I was doing this for the fun and boredom, feelI
gp:b1f05f62-42d;golden;;en_or_unknown;nothing_delivered;googleplay;;;hc-28900840466961 pol-18 hc-28900802305297;hc-28900840466961 pol-18 hc-28900802305297;To view your reading, make sure you have the AskNebula mobile app installed.;yes;The user is reporting that they paid for a reading but did not receive it, and they are now requesting a refund and cancellation. The knowledge base provides specific instructions on how to access readings and the policy regarding refunds and cancellations.;;;I answered all the questions and took a picture of my hand for pom reading. PAID FOR All READINGS and didn't get any reading.? I would like to cancel and get my money back.! but it just sends you to chat ???*
gp:b232aade-8e3;golden;;en_or_unknown;nothing_delivered;googleplay;;;hc-28900034911377 hc-28900840466961;hc-28900034911377 hc-28900840466961;To view your reading, make sure you have the AskNebula mobile app installed. Your reading is only available inside the Readings tab in the app.;yes;The user is unable to access a purchased reading and believes the service is a scam because they expected it via email rather than in the app. An agent needs to explain that the reading is accessed through the app's 'Readings' tab and provide the steps to locate it.;;;I made a payment of 5 dollars for reading of my past life. However, I cannot access it, as on opening the Nebula App, it keeps on taking you to various options etc. but not what I want and for which I paid money. I wonder if this is some sort of scam. I was told that my report would be sent on my specified e-mail, but I find myself in the same rigmarole trap. Please send my report pronto.
gp:b638d64e-fa7;dev;;en_or_unknown;nothing_delivered;googleplay;;;hc-28901285302673 hc-28901216899857 pol-14 pol-18;hc-28901285302673 hc-28901216899857 pol-14 pol-18;If any credits were lost due to connection problems, our support team will compensate them.;yes;The user is reporting a technical issue where they were unable to see a psychic's response, leading to a loss of credits, and is requesting both a refund and access to the reading. An agent needs to investigate the technical failure to restore the credits or provide access, and the refund policy is documented.;;;the app 12 euros worth of credits for one reading cause the messages didn't come from the readers side. Only later when I restarted the app I saw she messaged me back but now I have 2 euros left and can't view the answers. I want my money back and I want my reading.
gp:cf971c50-4d6;golden;;en_or_unknown;nothing_delivered;googleplay;;;hc-28901285302673 hc-36833668975505 hc-28898312929809;hc-28901285302673 hc-36833668975505 hc-28898312929809;If any credits were lost due to connection problems, our support team will compensate them.;yes;The user is reporting that their credits were depleted while waiting for a psychic to respond, and they are now being asked to pay again to view the response. An agent needs to investigate the chat history and credit usage to determine if a technical error occurred and provide a resolution.;;;"Edit: I purchased additional in app capability, and it was used up right away without any interaction. I asked a question to a Psychic that was online. It appears the ""time"" or credits were used up as the clock was ticking for them to respond. I left the app. When I came back later, there was a response, however I couldn't view it unless I purchased additional credits. I want to believe it is a bug in the system and can be fixed. Please help absolutely shocked at how spot on my readings are!"
gp:dd5aab05-382;dev;;pt;nothing_delivered;googleplay;;;pol-18 pol-04 hc-28900868231441;pol-18 pol-04 hc-28900868231441;To the extent permitted by applicable law, all purchases are non-refundable and non-exchangeable unless stated otherwise or required by law.;yes;The user is reporting an unauthorized charge and requesting a refund for a service they claim they did not receive. An agent would need to know the refund policy and the process for requesting one, which is documented in the provided policies.;;;Cai em um golpe pelo Instagram, site todo em inglês quem não entende o idioma gasta seu dinheiro a toa, me descontaram o valor da foto da alma gêmea mais $161 reais de que ? Quero meu dinheiro de volta, não tive foto nem leitura e só gastei meu dinheiro! Quero meu dinheiro
gp:ef85c1c4-989;golden;;es;nothing_delivered;googleplay;;;pol-18 hc-28901074285713 pol-04;pol-18 hc-28901074285713 pol-04;To the extent permitted by applicable law, all purchases are non-refundable and non-exchangeable unless stated otherwise or required by law.;yes;The user is reporting that the app is not functioning after they paid for a reading, and they are requesting a refund for the service they could not access. An agent would need to know the refund policy and the process for troubleshooting app issues to address this.;;;Cero, muy bien las preguntas antes de pagar y descargar la app, ya que pagué me solicitó descargar la app y sorpresa! no funciona sólo aparece el logo muy bonito y no pasa nada, al querer descargar los resultados del test me manda a la app que no funciona!!! exijo un reembolso, por qué pagar por algo que no recibí 😡😡😡😡😡😡😡😡😡😡😡😡😡😡😡😡😡
syn:12;synthetic;yes;en_or_unknown;nothing_delivered;;;;hc-28900034911377 hc-28900840466961;hc-28900034911377 hc-28900840466961;To view your reading, make sure you have the AskNebula mobile app installed.;yes;The user is reporting a missing digital purchase and requesting delivery of the item rather than a refund. The knowledge base explains how to access purchased readings and reports, which requires the user to check their email and the app.;;;I paid $19.99 for the detailed natal chart PDF three days ago and nothing ever arrived. I don't want a refund, I want the report I paid for.
as:10137043012;fewshot;;es;other;appstore;;;none;none;;;The user is requesting the return of a specific calendar feature for hair cutting that was removed from the app after an update. There is no information in the knowledge base regarding the removal or restoration of specific app features, so an agent cannot fulfill this request.;;;"Me encantaba que en la app agregaran el calendario para saber qué días tenía que cortar mi cabello y con la actualización lo quitaron 😭😭 
Por favor, vuelvan a integrarlo"
as:12573789203;golden;;fr;other;appstore;;;none;none;;;The user is expressing dissatisfaction with the current version of the app compared to a previous one, specifically regarding the level of detail in the monthly forecasts. Since this is feedback rather than a request for a specific action or a technical issue that can be resolved by an agent, there is no document in the knowledge base that addresses this complaint.;;;A outra versão era melhor, a atual está péssima, tinha mais dias favorável e descartável na previsão mensal, era mais completo, por favor arrumem isso
as:7839095010;golden;;en_or_unknown;other;appstore;;yes;hc-28870609716497 pol-06;hc-28870609716497 pol-06;To use Nebula, you must be at least 18 years old, regardless of your country or location.;yes;The user is asking to bypass the age restriction policy because they believe it negatively impacts the accuracy of their astrological readings. An agent would need to explain that the age requirement is a mandatory legal and regulatory policy that cannot be waived.;;;I absolutely loved this app untill you suspended my account for being “too young” i dont understand why this app has an age restriction, Its an astrology app, could you pelase get rid of it, i really want to use it but i cant because i was born in [BirthDate] and you need to be born in [BirthDate] to use it but i cant because if i change my birth year to that, then my readings wont be right. :(
gp:0d3c530a-79a;golden;;en_or_unknown;other;googleplay;;;hc-28870997526801 hc-36833668975505;hc-28870997526801 hc-36833668975505;With Nebula app premium subscription, you can: • Enjoy the app without any Ads. • Receive exclusive horoscopes, astrology readings, and advanced forecasts for days, weeks, and months ahead, offering you deep and personalized guidance to help you make informed decisions that can positively impact your life.;yes;The user is frustrated that they cannot access content without paying, despite perceiving the app as free. An agent needs to explain that while the app is free to download, premium features and readings require a subscription or credits, and they should clarify the difference between free and paid content.;;;I cant see anything I want without paying and it was so called a free app I just wanna see the results like is it so hard to ask
gp:15478b32-52e;dev;;en_or_unknown;other;googleplay;;;none;none;;;The user is frustrated by the paywall and is asking for a list of ten free, ad-free features available on the platform. The knowledge base does not contain a list of ten free features, as most premium content is gated behind subscriptions or credit purchases.;;;Everything is locked unless you pay for it. And don't tell me there's lots of free things. There's not. Edit. Thanks for telling me that can you tell me at least ten things that I can access whenever I want without ads or paying for it?
gp:49399c13-8f7;fewshot;;es;other;googleplay;;yes;hc-28900802305297 pol-16 pol-04;hc-28900802305297 pol-16 pol-04;Deleting the app does not cancel your subscription, trial or introductory offer.;yes;The user wants to cancel their subscription and remove their payment information because they are dissatisfied with the service. An agent needs to provide the specific cancellation steps for the user's platform, as deleting the app does not stop the subscription.;;;por favor !! quiten mis datos de tarjeta !! no me hagan ningun rebajo más !!! por favor, quiten la suscripción !!! pague, y nada fue lo que esperaba, ya desinstale esa app... porfavor gracias
gp:714879d6-762;golden;;en_or_unknown;other;googleplay;;yes;none;none;;;The user is reporting a security concern regarding potential malware in the Nebula app and requesting that the company investigate and remove it. There is no document in the knowledge base that addresses reports of malware or provides a procedure for security vulnerability disclosures.;;;Hey I just wanted you to know I just use this anti-spyware app and it says you have malware on this app please check with your anti virus software or team to make sure to remove it so it doesn't harm your customers!
gp:8b9dc776-d5f;dev;;en_or_unknown;other;googleplay;;yes;hc-28870997526801 hc-28901281229713 faq-13;hc-28870997526801 hc-28901281229713 faq-13;Nebula premium subscription can be ordered right away from inside the application.;yes;The user is asking why the app is requesting payment for features and asking for their location. An agent would need to explain that the app offers premium features for purchase and that location data is used for accurate astrological calculations, which is documented in the knowledge base.;;;"I love how I got to put ""non-binary"" as my gender cause I can't tell if I want to be a girl, or boy. Now on to the main topic It gives me random stuff that I have to ""buy"" and it wants to know where I live? What's up with that??"
gp:cd1b6ada-e47;golden;;en_or_unknown;other;googleplay;;;pol-18 pol-04 pol-14;pol-18 pol-04 pol-14;To the extent permitted by applicable law, all purchases are non-refundable and non-exchangeable unless stated otherwise or required by law.;yes;The user is requesting a refund for a subscription they believe they are entitled to based on a 3-day trial policy, and they need to know why it has not been processed after a month. An agent needs to explain the refund policy and direct the user to the correct channel for requesting a refund based on where the subscription was purchased.;;;I had downloaded the app and subscribed because it said I would get my money back if I unsubscribe within 3 days .. I unsubscribe that same night and I haven't received my money it's been over a month now 32.46 is wat it charged me... i need that money back
syn:08;synthetic;yes;en_or_unknown;other;;;yes;none;none;;;The user is expressing dissatisfaction with the app and stating they do not want to spend money on it, but they have not made a specific request for an action such as a refund or cancellation. As there is no actionable request, no documents are needed.;;;Worst app I have ever downloaded. Complete garbage, don't waste your money. One star.
syn:09;synthetic;yes;es;other;;;yes;none;none;;;The user is confirming that they have already received their refund and is requesting to close the support ticket. There is no further action required from the support agent.;;;Ya me devolvieron el dinero la semana pasada, gracias. Pueden cerrar el caso.
syn:11;synthetic;yes;de;other;;;yes;hc-28899811054737;hc-28899811054737;"In the ""Manage personal data"" tab, located in the ""Legal & Privacy"" section, you can delete all personal information and your account.";yes;The user has already cancelled their subscription and is now requesting the deletion of their account and stored payment information under GDPR Article 17. The knowledge base provides specific instructions on how to delete an account and remove personal data for both the website and the mobile app.;;;Das Abo habe ich bereits gekündigt, das ist erledigt. Ich verlange jetzt die Löschung meiner gespeicherten Kartendaten und meines Kontos nach DSGVO Art. 17.
as:10284800649;golden;;en_or_unknown;price_not_expected;appstore;;;pol-13 pol-04 hc-28900802305297 pol-16;pol-13 pol-04 hc-28900802305297 pol-16;We may verify your payment method with a small temporary charge, which will be refunded to you within ten (10) business days.;yes;The user is confused by a small initial charge and a subsequent larger charge, believing they are not subscribed because the app settings show no active subscription. An agent needs to explain that the 1€ charge is a temporary verification hold and that the larger charge likely stems from a trial that converted to a paid subscription, which must be managed through the specific platform (App Store/Google Play) used for the initial purchase.;;;Wtf is going on??? I downloaded the app one week ago and paid 1€ for something that i still don’t know what that was and then I didn’t pay for any subscription. Today, after a week i almost got charged 22,80€ and I don’t even know why!!! I deleted the app one week ago. And now I downloaded it again so i can cancel my subscription(that i never paid for or wanted)  before i get charged again without my permission and the app tells me to go to my settings to cancel my subscription and what i see?? I HAVE NOT EVEN SUBSCRIBED! HOW AM I GETTING CHARGED THEN???? PLEASE FIX THIS STUPID APP!!!!!
as:10371767304;golden;;es;price_not_expected;appstore;;;hc-28900802305297 pol-18 pol-04;hc-28900802305297 pol-18 pol-04;If you subscribed or started a free trial through the Google Play Store or directly via our website, please contact the Support center.;yes;The user wants to cancel their subscription and request a refund for a charge they did not expect after a trial period. An agent needs to provide the cancellation steps based on the user's platform and explain the refund policy.;;;Necesito dar de baja la suscripción y no me permite, decía tres días de prueba gratis y al aceptar me descontó directamente 49 dólares.  Quiero cancelar la suscripción y que me devuelvan el dinero.
as:10879421087;golden;;en_or_unknown;price_not_expected;appstore;yes;;pol-18 pol-04 hc-28900802305297 pol-14;pol-18 pol-04 hc-28900802305297 pol-14;Residents may withdraw from a service or digital-goods agreement without charge and WITHOUT GIVING ANY REASON within fourteen (14) days of conclusion.;yes;The user is disputing an unexpected subscription charge following a promotional offer and is requesting a refund for a service they claim was not delivered. An agent would need to explain the refund policy and the nature of the subscription, as well as provide instructions on how to cancel the subscription and request a refund.;;;By paying 1 dollar for an specific service you promote via instagram, that leads you to a website, you charged me a suscription you never warned me. The specific service never came, you just gave me “credits” for a random and unspecific chat I never used. This is misleading advertising, I want my money back!
as:10905958224;fewshot;;en_or_unknown;price_not_expected;appstore;;;hc-28900802305297 pol-04 pol-18 pol-14;hc-28900802305297 pol-04 pol-18 pol-14;If you subscribed or started a free trial via the App Store, refund requests are handled directly by Apple.;yes;The user is disputing an unauthorized charge and subscription, believing they only paid for a one-time report. An agent needs to explain the nature of the charge (likely a trial-to-subscription conversion) and provide instructions on how to cancel the subscription and request a refund.;;;This app stole money from my bank account after I filled in a form to get an astrology report that I found on their instagram account and paid 1 euro with Apple Pay! Then they charged me 22 euros I'm not sure how because I never provided them my bank details, and now I can't even cancel the subscription for which I never AGREED because I never created an account with them, I simply placed my email address in the form for them to deliver it to me. This is unbelievable. I request immediate response and action!!
as:11151117503;golden;;en_or_unknown;price_not_expected;appstore;;;pol-18 pol-04 pol-14;pol-18 pol-04 pol-14;To the extent permitted by applicable law, all purchases are non-refundable and non-exchangeable unless stated otherwise or required by law.;yes;The user is requesting a refund for a charge they believe was unauthorized and expressing dissatisfaction with the app's content compared to the advertisement. An agent would need to explain the refund policy and the process for requesting one based on the user's location and purchase method.;;;I was scammed by this app as I was lead to believe that I had a 7 day free trail and not be charged 1 euro. After paying I was still subjected to ads to read my profile. The ad for the app on IG was for my female archetype but this seems like a /spiritual therapy app so I was very disappointed. Please refund me!
as:11177670159;dev;;en_or_unknown;price_not_expected;appstore;;;pol-18 hc-28900802305297 pol-04;pol-18 hc-28900802305297 pol-04;Residents may withdraw from a service or digital-goods agreement without charge and WITHOUT GIVING ANY REASON within fourteen (14) days of conclusion.;yes;The user is requesting a cancellation and a refund for an accidental annual subscription purchase. An agent needs to know the refund policy and the cancellation procedures for the specific platform where the purchase was made.;;;"Dear Nebula Support Team,

I hope this message finds you well. I am writing to request a refund for an accidental purchase of a premium subscription to your app. As a student, I misinterpreted the payment terms and was surprised to see my account billed $90 today, which I understand is the annual subscription fee. I was under the impression that the billing would occur weekly at approximately $2 per week.

This subscription was purchased just a few minutes ago, and I have not utilized any premium features since the charge. I would greatly appreciate if you could assist by cancelling my subscription and processing a full refund.

Please let me know if you need any further information from my side to facilitate the refund. I look forward to your prompt response to resolve this issue.

Thank you very much for your understanding and help.

Best regards"
as:11434626071;golden;;en_or_unknown;price_not_expected;appstore;;;pol-15 pol-18 pol-14;pol-15 pol-18 pol-14;If you wish to request a refund, we strongly encourage you to contact us first before initiating a chargeback with your payment provider.;yes;The user is disputing an unauthorized charge and requesting a refund. The knowledge base explains that initiating a chargeback can lead to account termination and provides the policy for refund requests.;;;currently on dispute because they asked for my card details “but nothing would be charged”, then charged me 60 dollars without my consent. I WANT MY MONEY BACK
as:11442608737;golden;;en_or_unknown;price_not_expected;appstore;;;pol-13 hc-28900802305297 pol-16;pol-13 hc-28900802305297 pol-16;We may verify your payment method with a small temporary charge, which will be refunded to you within ten (10) business days.;yes;The user is disputing an unauthorized charge and requesting a cancellation of their subscription. An agent needs to explain the nature of the initial charge and provide the steps to cancel the subscription to prevent future billing.;;;I signed to test and pay 1 dollar. I did not allow you to use my card and charge me 19.99 dollars extra. Please cancel the transactions. You are stealing my bank infos and using without authorization
as:11586927114;dev;;tr;price_not_expected;appstore;;;hc-28900802305297 pol-04 pol-18;hc-28900802305297 pol-04 pol-18;To avoid being charged, you must cancel your subscription before the end of your trial or current billing cycle.;yes;The user is reporting an unauthorized charge of $29 following a one-time $0.99 purchase and is requesting a correction or refund. An agent would need to explain the subscription policy and provide instructions on how to cancel the subscription and request a refund.;;;Uygulamadan tek seferlik 0,99$ tutarında hizmet satın almama rağmen bir hafta sonra onayın dışında kartımdan 29$ ödeme alındı. Bu uygulamanın düzeltilmesini talep ediyorum
as:11648182856;golden;;en_or_unknown;price_not_expected;appstore;;;pol-18 pol-04 pol-14;pol-18 pol-04 pol-14;To the extent permitted by applicable law, all purchases are non-refundable and non-exchangeable unless stated otherwise or required by law.;yes;The user was charged for a yearly subscription instead of receiving a free trial and is requesting a refund. An agent needs to know the refund policy and the correct process for handling such requests based on where the subscription was purchased.;;;Free 3-day trial but instead deducted from my account for a year of subscription. Please refund my money. I don’t need that kind of service.
as:11690424562;golden;;tr;price_not_expected;appstore;;;pol-18 pol-04 pol-14;pol-18 pol-04 pol-14;To the extent permitted by applicable law, all purchases are non-refundable and non-exchangeable unless stated otherwise or required by law.;yes;The user is reporting an unauthorized charge amount and requesting a refund, while also expressing frustration regarding language barriers. An agent needs to address the refund request and provide guidance on how to proceed with the support team.;;;25 türk lirası yazıyordu ama benden 1054,64 çekilmiş geri iade istiyorum. Türkçe dil desteği olmadığı için anlaşamıyoruz bir türlü.
as:11696375522;dev;;tr;price_not_expected;appstore;;;pol-18 hc-28900802305297 pol-04;pol-18 hc-28900802305297 pol-04;To the extent permitted by applicable law, all purchases are non-refundable and non-exchangeable unless stated otherwise or required by law.;yes;The user is reporting unauthorized recurring charges and is requesting a refund for these transactions. An agent needs to provide the refund policy and instructions on how to cancel the subscription to prevent further charges.;;;Uygulama 0,99 cent olarak bir kez işlem yaptırdım ancak tekrar haberim ve iznim olmadan her ay 29,90 usd para çekiliyor bu işlemler bana ait değildir ve söz konusu iadelerimin acil olarak kartıma yapılmasını talep ediyorum aksi takdirde yasal yollara başvuracağım.
as:11903411827;dev;;it;price_not_expected;appstore;;;pol-13 pol-18 hc-28900802305297;pol-13 pol-18 hc-28900802305297;We may verify your payment method with a small temporary charge, which will be refunded to you within ten (10) business days.;yes;The user is complaining about an unauthorized subscription charge following a small verification fee and is asking for a refund. The knowledge base explains that a small temporary charge is for verification and provides the policy for refunds and subscription cancellations.;;;Ti fanno fare un quiz e pagare 1$ per vedere il risultato , in realtà ti iscrivono a un piano mensile dal costo di 39$ al mese senza che tu inserisca nessuna password per il tuo account. Me ne sono accorta soltanto quando mi hanno scalato 39$ e ho cancellato l’account, entrandoci per la prima volta perché non mi ero mai iscritta realmente.
as:11949362926;dev;;en_or_unknown;price_not_expected;appstore;;;pol-18 pol-04 hc-28900802305297;pol-18 pol-04 hc-28900802305297;To the extent permitted by applicable law, all purchases are non-refundable and non-exchangeable unless stated otherwise or required by law.;yes;The user is disputing a charge for a yearly subscription they believe they cancelled during a trial period and is requesting a refund. An agent needs to explain the refund policy and direct the user to the appropriate channel for requesting a refund based on where the subscription was purchased.;;;I tried the 3 day free trial and cancelled my subscription after 5 minutes and I saw a notification that it is charging me 2,590 for a year subscription!!! i did not even subscribed for that!! GIVE ME BACK MY MONEY!!!! IT WAS MY HARD WORK EARNED MONEY!!!!
as:12125767974;golden;;en_or_unknown;price_not_expected;appstore;;;pol-18 pol-04 pol-14;pol-18 pol-04 pol-14;EEA AND UNITED KINGDOM — 14 DAYS. Residents may withdraw from a service or digital-goods agreement without charge and WITHOUT GIVING ANY REASON within fourteen (14) days of conclusion.;yes;The user is requesting a refund for a subscription charge that occurred after a free trial, and they need to know the refund policy and how to request one. The knowledge base provides specific policies regarding refunds, withdrawal rights, and the process for requesting them.;;;I don’t know what happened i just got a free trial and after 4 5 days i got charged for web subscription that i didn’t got. I cancelled it right away. I want my money back
as:12139432437;dev;;en_or_unknown;price_not_expected;appstore;;;pol-13 pol-14 pol-18 pol-15;pol-13 pol-14 pol-18 pol-15;We may verify your payment method with a small temporary charge, which will be refunded to you within ten (10) business days.;yes;The user is questioning a $49+ AUD charge they believe is unauthorized, following a $1 USD verification charge, and is requesting a refund. The knowledge base explains that the $1 charge is a temporary verification hold and provides the policy for refund eligibility and the process for handling payment disputes.;;;"I would like to inform you that I have been charged false amount of money. I’m very thorough with processing payment. It supposed to be charged $1 USD then I have to dispute unauthorised payment of $49+ AUD. I am wondering if this app is actually SCAM. 
Please explain and give my money back!!!!"
as:12302438285;golden;;en_or_unknown;price_not_expected;appstore;;;pol-04 pol-18 hc-28900802305297;pol-04 pol-18 hc-28900802305297;If you subscribed or started a free trial via the App Store, refund requests are handled directly by Apple.;yes;The user is disputing a charge for a yearly subscription they believe should have been a free trial and is requesting a refund. Since the subscription was made via Apple, the agent needs to explain that refund requests for App Store purchases must be handled by Apple, and clarify that the user should follow the appropriate cancellation process for their platform.;;;I signed up for subscription after being offered a 3 day trial for free, but have been charged £40 for a yearly subscription?! Total misleading and I don't understand, have contacted apple to request a refund, think the app is buggy, as it did confirm the 3 day trial after I signed up but not showing in my subscriptions on Apple in settings. I want a refund
as:12315460251;golden;;de;price_not_expected;appstore;;;pol-18 pol-15 pol-14;pol-18 pol-15 pol-14;To the extent permitted by applicable law, all purchases are non-refundable and non-exchangeable unless stated otherwise or required by law.;yes;The user is disputing a charge of 49.90€, claiming they were misled into a purchase and did not use the service, and is requesting a refund. The knowledge base provides information on refund eligibility, the process for requesting refunds, and the consequences of initiating a chargeback through a payment provider.;;;Der Verbraucher-/Käuferschutz wird nicht eingehalten. Ich habe ein Reading für 1€ gekauft und über Paypal bezahlt. Hierüber wurde die Kreditkarte freigeschalten. An das Ergebnis kam ich kur, indem ich weitere Angebote ablehnte. Der Button hierfür ist doch seeeeeehr nah am Button „Akzeptieren“. Ich habe kleine Finger, es ist wie unmöglich auf nicht akzeptieren drücken. Es ist ein Betrug und man wird auch nicht gefragt, ob der Kauf dann durchgeführt werden soll, sondern die Kreditkarte wurde ja zuvor freigegeben, sodass der Betrag sofort abgebucht/belegt wurde! In der gleichen Minute bin ich zu Paypal und wollte es rückgängig machen und habe mit dem Anbieter über den Support über Wochen hin und hergeschrieben und um eine Erstattung/direktes Storno gebeten und man beharrte darauf, ich hätte das Produkt gekauft. Ich habe diese Dienstleistung eines persönlichen Tarotreading nie in Anspruch genommen und habe auch 0 Interesse daran. Ich möchte weiterhin meine 49,90€ Geld zurück.
as:12468500798;dev;;es;price_not_expected;appstore;;;pol-18 pol-04 hc-28900802305297;pol-18 pol-04 hc-28900802305297;To the extent permitted by applicable law, all purchases are non-refundable and non-exchangeable unless stated otherwise or required by law.;yes;The user is reporting an unauthorized subscription charge following a small initial payment and is requesting a refund. An agent would need to explain the refund policy and the process for requesting one, as well as how to cancel the subscription to prevent further charges.;;;Pedi por 0,50 € una carta astras que nunca llegó!!! ( oferton!!!) Y a los dos dias me cobraron 29,90 € como si me hubiera subscrito, cosa que nunca hice…. Estafadores!!!! Quiero que me devuelvan mi dinero!!!
as:12492349671;dev;;en_or_unknown;price_not_expected;appstore;;;pol-18 pol-04 pol-14;pol-18 pol-04 pol-14;To the extent permitted by applicable law, all purchases are non-refundable and non-exchangeable unless stated otherwise or required by law.;yes;The user is requesting a refund for a charge they believe was unauthorized because they did not use the app. An agent needs to explain the refund policy and the fact that trials often convert to paid subscriptions if not cancelled, which is documented in the refund and subscription policies.;;;I have been charge $150 on my credit card, without using the app, the same day that I opened it as a trial. Please refund me immediately!
as:12503933031;dev;;fr;price_not_expected;appstore;;;pol-04 hc-28900802305297 pol-16;pol-04 hc-28900802305297 pol-16;Deleting the app does not cancel your subscription, trial or introductory offer.;yes;The user is complaining about recurring subscription charges after deleting the app and is requesting a full refund and cancellation of the subscription. Since the subscription was made via Apple Pay, the agent needs to explain that deleting the app does not cancel the subscription and direct the user to Apple's support for both cancellation and refund requests.;;;"J’ai téléchargé UNE FOIS l’application par curiosité et je l’ai vite supprimée car après l’essai gratuit oui si vous oubliez de vous désabonner ils vous prélèvent 39€/ mois ce qui est énorme surtout quand on y va jamais !!
J’ai supprimé l’application y’a un mois pensant être tranquille et aujourd’hui BOUM un autre prélèvement de 39€ via Apple pay encore !
Le truc c’est que là je suis dans une galère pas possible et c’est tout ce qu’il me restait sur mon compte pour payer mon forfait de téléphone et faire 3 courses pour manger !! 

Je demande un remboursement au plus vite au moins pour les deux derniers prélèvements car c’est inadmissible qu’on ne puisse pas arrêter quand on le veut ! 
Je VEUX qu’on me rembourse les derniers prélèvements au plus vite + je veux l’assurance que je n’en aurai plus aucun autre !!!

C’est hallucinant qu’on ne puisse pas arrêter ça de nous même 

Merci d’avance !

Allez 2 mois plus tard je remets le MÊME AVIS !!!! 

NE PAYEZ JAMAIS JAMAIS RIEN ICI !! 
J’ai encore 39€ qui ont été prélevés sur mon compte aujourd’hui à l’instant !! Ils n’arrêtent pas de le faire ! J’en peux plus !
Je viens d’être payée et c’était mon budget pour faire des courses et maintenant comment je vais faire ??? Je vais pas manger !!!!
J’ai désinstallé l’Application y’a des mois de ça je ne l’ai utilisée qu’une seule fois la première fois par curiosité les montants m’ayant considérablement refroidi j’ai enlevé l’application direct et pourtant les prélèvements continuent comment je fais ??? Vous n’avez rien fait pour moi il y’a des mois de ça c’est une HONTE !!! 
Je demande le REMBOURSEMENT COMPLET DE TOUT LES PRÉLÈVEMENTS que vous avez fait sur mon compte ! 
Il est hors de question que je meure de faim pour rien à cause d’une application à la **** 
Je suis si en colère ! 
Je vais vous faire de la pub partout !
Si le problème est pas réglé IMMÉDIATEMENT je raconte ça partout et je vous descend au plus bas ! 
C’est honteux vraiment !

04/04/2025"
as:12516303176;golden;;en_or_unknown;price_not_expected;appstore;;;pol-18 pol-14 pol-04;pol-18 pol-14 pol-04;To the extent permitted by applicable law, all purchases are non-refundable and non-exchangeable unless stated otherwise or required by law.;yes;The user is disputing charges that were higher than expected and requesting a refund for a subscription they have already cancelled. An agent needs to explain the refund policy and the process for requesting one, while also addressing the user's dissatisfaction with the service.;;;I purchased a discounted plan just to try. It was supposed to cost 25 euros and I got charged 39 and 49 euros. I immediately cancelled the subscription but I want my money back! Also the plan is not at all what the add made it out to be. This is a total scam!!
as:12600791224;dev;;en_or_unknown;price_not_expected;appstore;;;pol-04 pol-18 pol-15;pol-04 pol-18 pol-15;If you subscribed or started a free trial via the App Store, refund requests are handled directly by Apple.;yes;The user is requesting a refund for a subscription they believe was charged in error after attempting a free trial, and they are seeking assistance because their refund request through Apple was denied. An agent needs to explain that Apple handles refunds for App Store purchases and that the company cannot override Apple's decision, while also clarifying the refund policy.;;;Hello, I actually do like your app but I wanted to try a free trial and I dont know if my phone glitched but it charged me for the year. I requested a refund thru apple and they will not release it. Please do the right thing and give me a refund, I really want to try your app but will not if I get scammed like this. Please help.
as:12668542668;fewshot;;es;price_not_expected;appstore;;;pol-18 pol-14 pol-15;pol-18 pol-14 pol-15;To the extent permitted by applicable law, all purchases are non-refundable and non-exchangeable unless stated otherwise or required by law.;yes;The user is disputing an unauthorized charge of $49.99 following an initial $1 purchase and is requesting a refund. An agent would need to explain the refund policy and the process for requesting one, which is documented in the provided policies.;;;Pedí únicamente la leída de mano por un dólar y de la nada mientras seguía avanzando se me hizo un cobro de $49.99 dls que no es lo que yo autorice y ahora no sé cómo traer ese dinero de vuelta, exijo un reembolso!!!!!
as:12722126005;golden;;en_or_unknown;price_not_expected;appstore;;yes;pol-15 pol-14 pol-13;pol-15 pol-14 pol-13;Initiating a chargeback or reversing a payment through your bank may result in the immediate termination of your account at our sole discretion.;yes;The user is disputing unauthorized charges and requesting a refund for two specific amounts, while also noting they have already initiated a chargeback with their bank. An agent needs to explain the refund policy and the consequences of initiating a chargeback, as well as provide the necessary information regarding the temporary verification charge.;;;"I’ve been trialing the app and paid 1$ to check the app out.

When going through offers further to my account, ended up accidentally pressing the wrong buttons (your UI is quite frankly super misleading), which led to purchasing the products I didnt  even mean to. It was processed momentarily absolutely without my consent. No face id, no confirmation, it all just went through. 

In which world is it ok to charge the card without user actually confirming they’re ok with being charged the amount?!

Please, save us all the time with default polite apologetic response and just refund the amounts of 48AUD and 80AUD. I already contacted your support team and reported you to the bank as a fraudulent activity."
as:12731385011;dev;;en_or_unknown;price_not_expected;appstore;;;pol-13 pol-04 pol-18;pol-13 pol-04 pol-18;We may verify your payment method with a small temporary charge, which will be refunded to you within ten (10) business days.;yes;The user is disputing an unexpected charge of 29.99 following a 1 dollar verification charge and is requesting a refund. An agent needs to explain the nature of the verification charge and the subscription policy, as well as provide the refund process.;;;This is such a scam. It clearly states that you can do a trial for 1$, and yet I’m charged the 1$ and then another 29.99?  WHAT?  Why?  I did not click on anything to facilitate that transaction. This is a scam. Please refund my money.
as:12734468144;golden;;en_or_unknown;price_not_expected;appstore;;;hc-28900802305297 pol-18 pol-04;hc-28900802305297 pol-18 pol-04;If you subscribed or started a free trial through the Google Play Store or directly via our website, please contact the Support center.;yes;The user is reporting an unauthorized charge and requesting both a cancellation of their subscription and a refund. An agent needs to provide the cancellation steps based on the user's platform and explain the refund policy.;;;"I was charged 1,161,29
 TL without permission. I only agreed to pay 19.99 TL.
I want to cancel and get a refund. Please help."
as:12749562462;dev;;en_or_unknown;price_not_expected;appstore;;;hc-28900802305297 pol-04 pol-18;hc-28900802305297 pol-04 pol-18;Deleting the app does not cancel your subscription, trial or introductory offer.;yes;The user is disputing an unexpected charge and requesting a refund and cancellation for a subscription they cannot locate. An agent needs to explain how to cancel the subscription based on the platform used and provide the refund policy.;;;It's offer for 1USD for reading and 1 week free then subscribe Once I downloaded before any subscription automatically deducted 39USD for a WEEK.. WTH, I want my money back and cancel that subscription that it’s not shown anywhere
as:12763334392;golden;;en_or_unknown;price_not_expected;appstore;;;pol-04 pol-18 pol-14;pol-04 pol-18 pol-14;Deleting the app does not cancel your subscription, trial or introductory offer.;yes;The user is requesting a refund for a charge that occurred after a free trial, likely because they did not realize the subscription would automatically renew. An agent needs to explain the refund policy and the necessity of cancelling trials before they end to avoid charges.;;;I am not having it I need my refund as I had not planned a deduction as I was given free trail there in the world can you do that
as:12932566333;golden;;en_or_unknown;price_not_expected;appstore;;;pol-04 pol-13 pol-14 pol-18;pol-04 pol-13 pol-14 pol-18;Deleting the app does not cancel your subscription, trial or introductory offer.;yes;The user is disputing unauthorized charges and requesting a refund, while also noting they previously deleted the app. An agent needs to explain that deleting the app does not cancel a subscription and provide the refund policy regarding the temporary verification charge and subscription charges.;;;I did not buy or pay anything. I paid $1 to see something like a 12 day guide?? But other than that I have almost $60 charged to my credit card. I am not impressed. I had deleted this app a couple months ago and I see I have money on hold from my account because they are trying to charge me. Please fix and refund me
as:12988941657;dev;;en_or_unknown;price_not_expected;appstore;;;hc-28900802305297 pol-16 pol-04;hc-28900802305297 pol-16 pol-04;Deleting the app does not cancel your subscription, trial or introductory offer.;yes;The user is reporting an unexpected charge after a trial and is unable to find the cancellation option in the app. An agent needs to provide the correct cancellation steps based on the user's platform and clarify that deleting the app does not cancel a subscription.;;;I have been deducted my money yet I only used the trial and now the app has no option to unsubscribe.Please fix it  so frustrated
as:13013117962;golden;;en_or_unknown;price_not_expected;appstore;;;pol-18 pol-04 pol-14 hc-28900716097297;pol-18 pol-04 pol-14 hc-28900716097297;To the extent permitted by applicable law, all purchases are non-refundable and non-exchangeable unless stated otherwise or required by law.;yes;The user is requesting a refund for charges they believe were unauthorized and misleading, and they are also questioning how the app processed payments directly from their bank account. An agent would need to explain the refund policy, the payment processing methods, and how to handle the request based on the platform used.;;;"Dear Developer,
I am writing to respectfully request your assistance in obtaining a full refund of the amounts charged. The app's offer of three free minutes was misleading, as it failed to clearly communicate the terms of the service.
Upon using the app, I discovered that the response time was delayed, and subsequent questions were asked before I could decline, resulting in unintended charges. Despite my efforts to decline, the charges continued to accumulate.
Furthermore, I am concerned that the app was able to bypass Apple Pay and deduct the funds directly from my bank account without my authorization.
As a 71-year-old retired pensioner living with malignant bone marrow cancer, I am on a limited income and cannot afford the loss of over $400 Australia. I believe that this experience was not only unprofessional but also exploitative.
Therefore, I am appealing to your sense of kindness, compassion, and fairness to promptly process this refund. I would appreciate your prompt attention to this matter."
as:13099255101;golden;;pt;price_not_expected;appstore;;;pol-18 pol-04 pol-14;pol-18 pol-04 pol-14;To the extent permitted by applicable law, all purchases are non-refundable and non-exchangeable unless stated otherwise or required by law.;yes;The user is reporting an unauthorized charge and requesting a refund. An agent needs to explain the refund policy and the process for requesting one, while also noting that refund eligibility depends on the purchase method.;;;Paguei 5 dólares para uma consulta! Alguns dias depois me descontaram 244,96 sem minha aprovação! Quero meu dinheiro de volta!
as:13113884649;golden;;de;price_not_expected;appstore;;;pol-04 pol-18 hc-28900802305297;pol-04 pol-18 hc-28900802305297;If you subscribed or started a free trial through the Google Play Store or directly via our website, please contact the Support center.;yes;The user is disputing an unexpected subscription charge of 39€ after a 1€ trial and is requesting a refund. The knowledge base provides information on how to cancel subscriptions and the policies regarding refunds and trial conversions.;;;Angeblich habe ich ein Abo für 39€ abgeschlossen wovon ich nichts weiß. Ich will mein Geld zurück. Es war eine Anzeige für 1€ das ich einmalig bezahlt habe und nun wurde mir heute nochmals 39€ abgezogen. Ich möchte keine Abos und mein Geld zurück.
as:13126445688;dev;;es;price_not_expected;appstore;;;hc-28899709030417 hc-28900802305297;hc-28899709030417 hc-28900802305297;The reason you can't find your AskNebula website subscription in your phone's settings or manage it through the Play Store or App Store is that this type of subscription is exclusively for the AskNebula website.;yes;The user is disputing a recurring charge and is unable to find the subscription in their app or Apple Store to cancel it. The agent needs to explain that the subscription is likely tied to the AskNebula website rather than the app store, and provide the steps to cancel it there.;;;"Yo no acepté la renovación de 35 dólares todos los meses! Preciso que cancelen esos cobros ya que mi tarjeta piensa que es un fraude.

Yo no contraté el de 35 dólares! No me aparece en la app la suscripción ni tampoco en Apple Store! No la puedo cancelar!"
as:13231515887;fewshot;;de;price_not_expected;appstore;;yes;hc-28900802305297 pol-18 pol-04;hc-28900802305297 pol-18 pol-04;To cancel your AskNebula website subscription, you will need to follow the instructions provided in this article: • How to cancel a subscription?;no;The user is requesting to cancel their subscription, stop future charges, and obtain a refund for three months of charges they claim were unauthorized. The knowledge base provides instructions on how to cancel subscriptions and outlines the refund policy, including withdrawal rights for specific regions.;;;"Einmal auf die 1€ Probeabo geklickt und bis jetzt pro Monat 39€ vom Bankkonto abgebucht. Ich habe es leider erst nach drei Monaten bemerkt. 

Hiermit teile ich Ihnen mit, dass ich mich durch die Gestaltung Ihres Angebots getäuscht fühle. Das vermeintliche Probeabo stellte sich im Nachhinein als kostenpflichtiger Vertrag heraus, ohne dass dies bei Vertragsabschluss klar und deutlich erkennbar war.

Da ich davon ausging, ein unverbindliches und kostenloses Probeabo abzuschließen, erkläre ich hiermit den Widerruf bzw. die Anfechtung des Vertrages wegen arglistiger Täuschung gemäß § 870 ABGB (bzw. § 119 ff. BGB, nach deutschem Recht).

Ich fordere Sie daher auf, den Vertrag umgehend aufzulösen und keine weiteren Zahlungen einzufordern oder Abbuchungen vorzunehmen. Es sind drei Abbuchung zu je 39€ erfolgt, ich ersuche um unverzügliche Rückerstattung des Betrags.

Bitte bestätigen Sie mir schriftlich die Auflösung des Vertrages und die Löschung meiner Daten!!!

[Name]"
as:13270739381;golden;;en_or_unknown;price_not_expected;appstore;;;pol-04 pol-14 hc-28900802305297;pol-04 pol-14 hc-28900802305297;If you subscribed or started a free trial through the Google Play Store or directly via our website, please contact the Support center.;yes;The user is disputing a charge they believe is unauthorized or incorrect, noting it does not appear in their App Store subscriptions. An agent needs to explain the difference between one-time purchases and subscriptions, and provide the refund policy and contact instructions for billing inquiries.;;;Why was I charged over 1000czk I just wanted a horoscope and bought a 1€ version, now my bank account is effing empty because of this charge. I don’t even have it on my subscription list on appstore, why would you charge me that much. I am so so sad:((
as:13492846656;golden;;en_or_unknown;price_not_expected;appstore;;;pol-04 hc-28900802305297 pol-18;pol-04 hc-28900802305297 pol-18;Deleting the app does not cancel your subscription, trial or introductory offer.;yes;The user is requesting a refund for a subscription charge they believe should not have occurred because they deleted the app. An agent needs to explain that deleting the app does not cancel a subscription and provide the correct cancellation steps, as well as information on the refund policy.;;;“I downloaded the app, it charged me the first time — I thought okay, even though it wasn’t written that the amount would be that high. After deleting it and no longer using it, this time it deducted twice as much. Please refund at least the last amount.”
as:13590293344;dev;;de;price_not_expected;appstore;;;pol-13 pol-04 pol-18 pol-14;pol-13 pol-04 pol-18 pol-14;We may verify your payment method with a small temporary charge, which will be refunded to you within ten (10) business days.;yes;The user is disputing an unexpected charge of 43€, believing it to be fraudulent, and is requesting a refund. An agent needs to explain that the 1€ charge was likely a verification hold, clarify that deleting the app does not cancel a subscription, and provide the refund policy information.;;;Dies ist ein Betrug. Ich habe lediglich 1 € bezahlt, dennoch wurden mir gestern 43 € von meiner Kreditkarte abgebucht. Ich fordere eine vollständige Rückerstattung. Ich habe die App unmittelbar nach der Zahlung von 1 € gelöscht.
as:13605550166;dev;;pt;price_not_expected;appstore;;yes;hc-28900802305297 pol-18 pol-14 pol-13;hc-28900802305297 pol-18 pol-14 pol-13;Deleting the app does not cancel your subscription, trial or introductory offer.;no;The user is disputing recurring charges they did not authorize and is requesting a cancellation of their subscription and a refund for all charges beyond the initial verification fee. An agent needs to provide the cancellation steps for the user's specific platform and explain the refund policy regarding their request.;;;"Venho, por meio deste, registrar reclamação formal acerca de cobranças recorrentes indevidas realizadas em minha fatura.

Ao realizar o cadastro/utilização do aplicativo, foi solicitado apenas um pagamento inicial no valor de US$ 1,00, o qual autorizei exclusivamente para fins de teste/verificação. Em nenhum momento autorizei, contratei ou fui informado de forma clara sobre cobranças recorrentes ou valores superiores aos mencionados inicialmente.

Apesar disso, venho sendo surpreendido com lançamentos recorrentes de valores significativamente maiores, referentes a serviços que não solicitei, não utilizei e com os quais não concordo.

Diante do exposto, exijo:
	1.	Cancelamento imediato de qualquer assinatura ou cobrança recorrente vinculada à minha conta;
	2.	Estorno integral de todos os valores cobrados indevidamente, desde o primeiro lançamento não autorizado;
	3.	Confirmação formal, por escrito, de que nenhuma nova cobrança será efetuada.

Ressalto que a prática configura cobrança indevida, conforme previsto no Código de Defesa do Consumidor (art. 39 e art. 42), o que me assegura o direito à restituição dos valores pagos.

Aguardo solução imediata. Caso não haja retorno ou resolução em prazo razoável, tomarei as medidas cabíveis junto aos órgãos de defesa do consumidor e demais instâncias competentes."
as:13635950628;dev;;en_or_unknown;price_not_expected;appstore;;;hc-28900802305297 pol-16 pol-04;hc-28900802305297 pol-16 pol-04;Deleting the app does not cancel your subscription, trial or introductory offer.;yes;The user is disputing a recurring subscription charge they did not intend to sign up for and is requesting cancellation of all future charges. An agent needs to provide the cancellation steps for the user's specific platform and explain that the subscription is separate from the one-time reading purchase.;;;I bought a birth chart reading for USD 0.50 and have been charged twice for a monthly subscription despite informing you that I didn’t sign up for a subscription. Please cancel all collections!
as:14252277944;dev;;han;price_not_expected;appstore;;;pol-04 pol-18;pol-04 pol-18;If you subscribed or started a free trial via the App Store, refund requests are handled directly by Apple.;yes;The user is disputing a subscription charge they believe was a free trial and is frustrated by the lack of resolution from Apple and the support team. Since the subscription was made via the App Store, the agent must explain that refund requests for such purchases are handled exclusively by Apple, as stated in the refund policy.;;;"上面显示是三天免费试用，结果一下载就扣了363，退款也被拒绝了 ，I was misled by the interface into an accidental subscription, losing 363 RMB. Apple refused a refund, and your response was just ""we'll look into it"" with no real action. If you can collect the payment, why not refund it? Please stop the runaround and solve this issue."
as:14295551317;golden;;es;price_not_expected;appstore;;;pol-18 pol-04 hc-28900868231441;pol-18 pol-04 hc-28900868231441;Residents may withdraw from a service or digital-goods agreement without charge and WITHOUT GIVING ANY REASON within fourteen (14) days of conclusion.;yes;The user is complaining about being charged an unexpected amount for a reading they did not receive and is requesting a refund. An agent would need to know the refund policy and the process for requesting one, which is documented in the provided policies.;;;Lo de tu alma gemela en instagram, te dice cuánto tienes pagar 1€ el mínimo luego me cobran 14€ y no pone la puñetera foto… te manda a una app de tarot… Quiero que se me regrese mi dinero ya que no se ha procesado la solicitud que esperaba, menuda estafa…
as:14297792245;golden;;en_or_unknown;price_not_expected;appstore;;;pol-04 pol-18;pol-04 pol-18;If you subscribed or started a free trial via the App Store, refund requests are handled directly by Apple.;yes;The user is reporting an incorrect charge for an Apple App Store purchase and is requesting a refund for the excess amount. Since the purchase was made through the Apple App Store, the knowledge base specifies that refund requests must be handled directly by Apple.;;;I would like to file a complaint regarding a purchase made through the Apple App Store. I purchased an item valued at only $10, but $100 was deducted from my account. I kindly request an urgent review of this transaction, verification of the reason for this incorrect charge, and a refund of the excess amount to my account as soon as possible. I would also appreciate a formal explanation of this issue and information about the steps that will be taken to resolve it.
as:14322469839;golden;;han;price_not_expected;appstore;;;pol-18 pol-04 pol-14;pol-18 pol-04 pol-14;To the extent permitted by applicable law, all purchases are non-refundable and non-exchangeable unless stated otherwise or required by law.;yes;The user is demanding a refund for a subscription and charges they believe were unauthorized or forced, while also claiming they have not used the service. An agent would need to know the refund policy and the process for requesting one, which is documented in the provided policies.;;;"Is it cheating money? My money is easy to cheat, isn't it? It's better to return my money to me. I don't care about your terms and conditions. I haven't used any functions at all and haven't seen the report. After reading the report, I'll charge more later. Forced subscription to pay? I don't care, it's just a refund!

騙錢嗎？我的錢很好騙是嗎？最好是把我的錢退給我，我不管你們那些有的沒的條款，我完全沒使用到任何功能也沒看到報告，看報告的錢就算了後面還多收其他，強迫訂閱付款？我不管就是退款！"
as:14322764387;dev;;en_or_unknown;price_not_expected;appstore;;;pol-18 pol-04 hc-28900802305297;pol-18 pol-04 hc-28900802305297;If you subscribed or started a free trial through the Google Play Store or directly via our website, please contact the Support center.;yes;The user is disputing an annual subscription charge that occurred after they intended to start a free trial and is seeking a refund after an unsuccessful attempt with Apple. An agent needs to explain that the subscription was likely processed as a direct purchase rather than through the App Store, and provide the refund policy and contact instructions for such cases.;;;Hi, I was only trying to start the free trial to test the app, and I don’t know how I ended up being charged for an annual subscription. I never intended to purchase the yearly plan. I don't need it. Could you please help me understand what happened and assist me with a refund? I contacted apple but the request was diclined as it went through third party. I would really appreciate your help. Thank you.
as:14334387664;golden;;en_or_unknown;price_not_expected;appstore;;;pol-04 pol-14 pol-15 hc-28900802305297;pol-04 pol-14 pol-15 hc-28900802305297;This Service includes subscriptions that automatically renew.;yes;The user is disputing a charge following a trial period and requesting both a cancellation and a refund. An agent needs to explain the automatic renewal policy, provide the cancellation steps, and outline the refund process while warning against a chargeback.;;;Hello, I subscribed only to the $1 trial, but your app charged me 394,687 VND without my consent. This is an unauthorized charge. I did not agree to pay this amount. Please cancel my subscription immediately and refund the full amount. If this issue is not resolved promptly, I will report the transaction to my bank and request a chargeback. Thank you.
as:14338757395;golden;;han;price_not_expected;appstore;;;pol-18 pol-04 hc-28900802305297;pol-18 pol-04 hc-28900802305297;Residents may withdraw from a service or digital-goods agreement without charge and WITHOUT GIVING ANY REASON within fourteen (14) days of conclusion.;yes;The user is disputing a $45 charge they did not intend to make, believing they only paid for a single report, and is requesting a refund. The knowledge base provides information on refund eligibility, the process for requesting a refund, and how to cancel subscriptions.;;;"我在網路上看到一則廣告並下載了這個 App。
我本來不打算在 App 裡購買任何 300 點或類似的東西，但我無緣無故被扣了 45 美元，對此我感到非常不滿。
我已經取消訂閱了，但我不確定能否獲得退款。
我剛在週二晚上收到電子郵件通知。儘管 Instagram 的廣告是中文的，但該 App 的介面對於中文使用者來說非常「不友善」。我沒有意識到支付 5 美元意味著開始試用版——我想要的只有那份報告！
我拒絕支付 被扣款的 45 美元。請調查此事並將款項退回我的帳戶。謝謝。

後來我發現報告在網頁裡面並不在 App 裡面！訂閱介面也非常的難找。取消的任何介面必須在網頁中才能找到！"
as:14466218468;golden;;en_or_unknown;price_not_expected;appstore;;;hc-28900802305297 pol-04 pol-15 pol-18;hc-28900802305297 pol-04 pol-15 pol-18;If you wish to request a refund, we strongly encourage you to contact us first before initiating a chargeback with your payment provider.;yes;The user is disputing a subscription charge following a trial and is requesting both a cancellation and a refund. The knowledge base provides specific instructions for canceling subscriptions based on the platform used and outlines the refund policy, including the risks associated with initiating a chargeback.;;;Hello, I subscribed only to the $1 trial, but your app charged me 14.99 USD without my consent. This is an unauthorized charge. I did not agree to pay this amount. Please cancel my subscription immediately and refund the full amount. If this issue is not resolved promptly, I will report the transaction to my bank and request a chargeback. Thank you.
as:5689448332;fewshot;;en_or_unknown;price_not_expected;appstore;;;pol-16 pol-04 hc-28900802305297 pol-18;pol-16 pol-04 hc-28900802305297 pol-18;Deleting the app does not cancel your subscription, trial or introductory offer.;yes;The user believes that uninstalling the app cancels their subscription, which is incorrect, and they are now requesting a refund for charges incurred. An agent needs to explain that deletion does not cancel the subscription and provide the correct cancellation and refund procedures.;;;I only used the app for the free 7 day thing I think. I didn’t want to continue on using the app because I just wanted to check it out first. I uninstalled it after the free days have stopped. Because I also didn’t want to pay. Since I’m not using the app I’ve been charged for an app I don’t even use any more. I’d like to have my money back or I’ll have to take some actions. I don’t want to keep paying. Can anyone please help.
as:5759642625;golden;;en_or_unknown;price_not_expected;appstore;;;pol-04 pol-18 hc-28900802305297;pol-04 pol-18 hc-28900802305297;If you subscribed or started a free trial via the App Store, refund requests are handled directly by Apple.;yes;The user is reporting an unexpected charge for a subscription they believed was a free trial and is requesting a refund. An agent needs to explain the billing process and provide the appropriate refund procedure based on where the subscription was purchased.;;;I was charged as soon as I downloaded the app, even though it said that it would charge me after the 3 free day trial!! I want my money back.
as:6746161638;golden;;pt;price_not_expected;appstore;;;pol-18 pol-04 hc-28900802305297;pol-18 pol-04 hc-28900802305297;To the extent permitted by applicable law, all purchases are non-refundable and non-exchangeable unless stated otherwise or required by law.;yes;The user is requesting a refund for a subscription they believe was charged incorrectly because the promised 7-day free trial was not applied. An agent would need to verify the refund eligibility and provide the correct process for requesting a refund based on the user's purchase platform.;;;"Boa tarde! 

No dia 05/12/2020 baixei o aplicativo Nebula e tinha algumas abas bloqueadas disponíveis apenas para clientes assinantes e apareceu a a aba para assinar, tinha a opção de $137,90 o ano e 7 dias grátis e como queria experimentar concordei mas de imediato cobrou o valor sem dar os 7 dias experimentais, fui na hora cancelar mas mesmo assim foi cobrado, falsa propaganda de vocês não cumpriu o que apareceu!!!!! Não vou usar o app e tenho que pagar por um erro de vocês! Peço que reembolsem o valor, mais que justo!"
as:7221315155;golden;;pt;price_not_expected;appstore;;;pol-04 pol-15 pol-18;pol-04 pol-15 pol-18;If you subscribed or started a free trial via the App Store, refund requests are handled directly by Apple.;yes;The user is reporting an unexpected charge after starting a free trial and is requesting a refund while threatening to contact Apple. An agent needs to explain that refund requests for App Store purchases must be handled by Apple and that initiating a chargeback can lead to account termination.;;;Olá, entrei no app e como de praxe aceitei o free trial de 3 dias, sendo que posteriormente seria cobrado R$ 124,90. Quando cliquei em aceitar já foi debitado da conta, era golpe do sistema. Vou avisar a Apple e quero meu dinheiro de volta.
as:7659356467;golden;;es;price_not_expected;appstore;;;pol-18 pol-04 pol-14;pol-18 pol-04 pol-14;To the extent permitted by applicable law, all purchases are non-refundable and non-exchangeable unless stated otherwise or required by law.;yes;The user is reporting an unauthorized or misleading charge of $1,299 MXN after interacting with a 'prize wheel' feature in the app and is requesting a refund. An agent would need to explain the refund policy and direct the user to the appropriate channel for requesting a refund based on where the purchase was made.;;;Me ESTAFARON, sale una opción de una ruleta para ganar UN PREMIO en la app y me cobraron $1,299 MXN a mi tarjeta, POR QUÉ  DICE PREMIO SI NO LO ES ?!?😡😡😡 QUIERO MI DINERO NO LA APP
as:8137163153;dev;;en_or_unknown;price_not_expected;appstore;;;pol-04 pol-18 pol-14;pol-04 pol-18 pol-14;If you subscribed or started a free trial via the App Store, refund requests are handled directly by Apple.;yes;The user is disputing a charge following a free trial and is requesting a refund. An agent needs to explain the refund policy and direct the user to the appropriate channel for requesting a refund based on where they purchased the subscription.;;;It’s clearly stated that it’s 3DAYS FREE TRIAL. So why you guys charged me 184.99aed on this?! I request a refund!!! I’m not expecting this all to happen! Give me back my money!!!
as:8434734893;golden;;en_or_unknown;price_not_expected;appstore;;;pol-18 pol-04 pol-14;pol-18 pol-04 pol-14;To the extent permitted by applicable law, all purchases are non-refundable and non-exchangeable unless stated otherwise or required by law.;yes;The user is reporting an unauthorized charge after interacting with a promotional feature and is requesting a refund. An agent would need to know the refund policy and the process for requesting one, which is documented.;;;I got debited if #20,900 before few minutes into downloading this app. Please I need a refund. I was told to spin for prize but got debited instead.
as:8622307108;golden;;fr;price_not_expected;appstore;;;pol-04 pol-18 pol-14;pol-04 pol-18 pol-14;If you subscribed or started a free trial via the App Store, refund requests are handled directly by Apple.;yes;The user is requesting a refund for an unauthorized or accidental purchase made by their child, and they are frustrated because they have been directed back and forth between Apple and the company. An agent would need to know the refund policy and the specific process for handling refund requests based on where the purchase was made.;;;Faite attention car fait un mois j’essaye de ravoir mon 80$ ma fille a tourné une roue et pensais avoir gagné 😔mes non ça été enlevé toute suite de ma carte de débit 😡 80$ jeté à l’eau pour rien comme si j’avais des 80$ à donner misère contacter Apple il me dise que il peuve rien faire faut contacter l’administrateur de l’application alors contacter et il me dire non c’est pas nous c’est Apple star heyyyy misère de niaisage sérieux vous êtes des pourries fait 30jour j’me bat je veux pas de crédit je veux mon cash point final 😤😤😤😤😤
as:8770199716;golden;;es;price_not_expected;appstore;;;pol-18 hc-28899709030417 hc-28900802305297;pol-18 hc-28899709030417 hc-28900802305297;PURCHASE RAIL. App Store purchases and trials are refunded by Apple, via the Apple support page. Google Play purchases go to the Nebula Support center.;yes;The user is reporting an unexpected charge and is unable to find the subscription in their Apple ID settings to cancel it, so they need to know how to handle a refund and why the subscription might not be visible. An agent needs to explain that website-based subscriptions are not managed through Apple and provide the correct refund and cancellation procedures.;;;No sé en qué momento girar una ruleta me quita más de $1000 pesos sin preguntarme antes si quiero una suscripción!!!! QUIERO MI DINERO DE VUELTA, ya traté de cancelarlo desde mi ID APPLE y no aparece la suscripción pero si me lo jaló el dinero de mi tarjeta de banco!!!
as:8888059463;dev;;es;price_not_expected;appstore;;;pol-18 pol-04 pol-14;pol-18 pol-04 pol-14;To the extent permitted by applicable law, all purchases are non-refundable and non-exchangeable unless stated otherwise or required by law.;yes;The user is complaining about a charge they consider unjustified and an additional unauthorized charge, and they are requesting a refund. The knowledge base provides information on refund eligibility and the process for requesting them.;;;Paguei 5 dólares para receber informações que o Google já me dava de graça. Além disso posteriormente cobraram 19 dólares no meu cartão! Quero o estorno!!
as:9771281645;golden;;es;price_not_expected;appstore;;;pol-18 pol-04 pol-14;pol-18 pol-04 pol-14;To the extent permitted by applicable law, all purchases are non-refundable and non-exchangeable unless stated otherwise or required by law.;yes;The user is disputing a charge that occurred during a free trial period and is requesting a refund. An agent would need to know the refund policy and the process for requesting a refund based on where the subscription was purchased.;;;Acepte una suscripcion gratuita de tres dias y me la cobraron al segundo.. se suponia que te lo cobraban despues de la prueba si no no es gratis.. la app tampoco es del otro mundo a la media hora de usarla cancele mi suscripcion pero el dinero que me cobraron injustamente no me lo reembolsaron … devuelvanme mi dinero 😡
gp:0b215825-f8c;golden;;es;price_not_expected;googleplay;;;pol-18 pol-04 hc-28900802305297 pol-15;pol-18 pol-04 hc-28900802305297 pol-15;To the extent permitted by applicable law, all purchases are non-refundable and non-exchangeable unless stated otherwise or required by law.;yes;The user is reporting unauthorized charges and demanding a refund for a subscription they claim they did not authorize. An agent needs to explain the refund policy, the process for requesting a refund, and how to cancel the subscription to prevent further charges.;;;solamente pague 4000 de prueba y resultó que me descintaron sin mi consentimiento 120.000. por favor necesito la devolucuon de mi dinero ya que no acepté ni marqué esa opcion de suscripcion ni nada hoy nuevamente me han sacado dinero sin mi autorizacion dizquenpor una compra que hice. son unos LADRONES ESTAFADORES DESCARADOS! Esta App ni deberia estar aca en google play. exijo la devolucuon de mi plata!
gp:0c991d5c-1c0;golden;;en_or_unknown;price_not_expected;googleplay;;;pol-13 pol-18 pol-04 hc-28900802305297;pol-13 pol-18 pol-04 hc-28900802305297;We may verify your payment method with a small temporary charge, which will be refunded to you within ten (10) business days.;yes;The user is disputing an unauthorized subscription charge and requesting a refund, while also noting technical issues with the app. An agent needs to explain the nature of the initial charge, the subscription terms, and the refund process.;;;"I paid $1 on June 18th and did not select any subscription plan; yet, without my authorization, you created a web subscription and charged my card $50 on June 25th—how could you do this when I hadn't even saved my card details in your app? Furthermore, your app couldn't even determine my place of birth to provide a horoscope reading; naturally, I deleted the app since it was completely useless. I expect a refund of the $50 charged to my card."
gp:14528ce0-b72;dev;;en_or_unknown;price_not_expected;googleplay;;;pol-18 pol-04 pol-14;pol-18 pol-04 pol-14;To the extent permitted by applicable law, all purchases are non-refundable and non-exchangeable unless stated otherwise or required by law.;yes;The user is disputing an unauthorized charge of $29.99 and requesting a full refund. An agent would need to know the refund policy and the process for requesting one, which is documented in the provided policies.;;;Dear Nebula Support Team, I am requesting an immediate refund of the unexpected $29.99 charge made to my creditcard. I only intended to make $1 payment for the sketch/drawing service. I did not intend to purchase or authorize any additional subscription or service costing $29.99 was surprised to see this additional charge on my payment method. I consider this charge unauthorized and misleading, as I did not knowingly agree to pay an additional $29.99 Please: Refund the full $29.99 !
gp:17d51dae-fed;dev;;pt;price_not_expected;googleplay;;;pol-18 pol-14 pol-15;pol-18 pol-14 pol-15;To the extent permitted by applicable law, all purchases are non-refundable and non-exchangeable unless stated otherwise or required by law.;yes;The user is reporting unauthorized charges on their card after an initial small transaction and is requesting a refund. An agent needs to provide the refund policy and instructions on how to request a refund based on the user's payment method.;;;Boa tarde alguém pode me ajudar e golpe ! coloquei o cartao opção 5 reias! automaticamente fizeram 3 comprar uma de 27.00 outrs 167.00 e a outra 267.00 me ajude preciso ter reembolso não sei como posso fazer !
gp:19fd8d28-540;dev;;pt;price_not_expected;googleplay;;;pol-13 hc-28900802305297 pol-04 pol-18;pol-13 hc-28900802305297 pol-04 pol-18;We may verify your payment method with a small temporary charge, which will be refunded to you within ten (10) business days.;yes;The user is disputing an unexpected charge of 39€, believing they only authorized a one-time payment of 1€, and is requesting a refund. An agent needs to explain that the initial 1€ was likely a verification charge and that the 39€ charge indicates an active subscription, then provide the steps to cancel that subscription and request a refund.;;;fiz um pagamento de 1€ e recebi de acordo com o que proposto e fim , passados 1 semana me estão cobrando 39€ por algum tipo de serviço e assinatura que não fiz , quero que devolvam meu dinheiro.
gp:1b7ea899-aea;fewshot;;en_or_unknown;price_not_expected;googleplay;;;pol-18 hc-28900802305297 pol-04;pol-18 hc-28900802305297 pol-04;To the extent permitted by applicable law, all purchases are non-refundable and non-exchangeable unless stated otherwise or required by law.;yes;The user is disputing an unexpected charge and seeking a refund while attempting to cancel their subscription without losing access to their paid content. An agent needs to explain the refund policy, the cancellation process, and how to distinguish between different types of charges.;;;I thought I was paying for a report, until I got charged 50$ for something I don't know what. now I am trying to cancel and get my money back without losing what I actually paid for. The whole settings is a run around.
gp:23247717-d05;dev;;es;price_not_expected;googleplay;;;pol-18 pol-04 hc-28901216899857 pol-03;pol-18 pol-04 hc-28901216899857 pol-03;To the extent permitted by applicable law, all purchases are non-refundable and non-exchangeable unless stated otherwise or required by law.;yes;The user is reporting an accidental purchase of credits and is requesting a refund and cancellation, while also expressing frustration with automated support responses. An agent needs to provide the refund policy, explain how to request a refund based on the purchase method, and clarify how to contact human support.;;;AYUDA: Cuando abrí la aplicación, para eliminar un anuncio, hice click y de repente sin confirmar, se había comprado 300 créditos por 39 dolares, los cuales se han descontado de mi tarjeta. Quise cancelar la suscripción y por ende que me devuelvan el dinero debitado y no encuentro donde hacerlo. Ya hice varias reclamos mandando mensajes y me responde una IA, que no me da soluciones, no me devuelve el dinero. que puedo hacer? hay un correo o chat directo con una persona de la app para esto?
gp:2e139a14-c50;dev;;es;price_not_expected;googleplay;;;pol-13 pol-18 pol-15;pol-13 pol-18 pol-15;We may verify your payment method with a small temporary charge, which will be refunded to you within ten (10) business days.;yes;The user is reporting an unauthorized charge and requesting a refund. An agent needs to explain the nature of the initial small charge and provide the correct procedure for requesting a refund for the unauthorized transaction.;;;ME ROBARON. hice una compra de un dólar, es decir 900 pesos que más impuestos se hacían 1400. Después De Esa Compra se acredito otra más de 28 mil pesos que yo no hice, ya contacte con la tarjeta y con la empresa pero necesito buscar ayudar en todos lados. POR FAVOR DEVUELVANME LA PLATA, LA NECESITO
gp:2f27e935-71e;golden;;pt;price_not_expected;googleplay;;;pol-18 pol-04 pol-14;pol-18 pol-04 pol-14;Residents may withdraw from a service or digital-goods agreement without charge and WITHOUT GIVING ANY REASON within fourteen (14) days of conclusion.;yes;The user is complaining about being charged in USD and is requesting a refund. An agent needs to explain the refund policy and the process for requesting one based on the user's location and purchase method.;;;Horrível, cobram em dólar !!! mas boa parte do conteúdo está em português CONFUNDINDO O CONSUMIDOR !!! 5 DÓLARES sao 26 reais . Quero meu dinheiro de volta!!
gp:3119183d-5b2;golden;;en_or_unknown;price_not_expected;googleplay;;;pol-13 pol-18 pol-14;pol-13 pol-18 pol-14;We may verify your payment method with a small temporary charge, which will be refunded to you within ten (10) business days.;yes;The user is disputing an unauthorized charge and requesting a refund. An agent needs to explain the initial verification charge and provide the refund policy and contact instructions for requesting a refund.;;;Scam, scam, scam! I paid $1 initially, then it debited my account more than $100. I did not authorize that payment. I'm very disappointed. I want my money back!!!
gp:39b329a6-5bb;golden;;en_or_unknown;price_not_expected;googleplay;;;pol-18 pol-04 hc-28900802305297;pol-18 pol-04 hc-28900802305297;To the extent permitted by applicable law, all purchases are non-refundable and non-exchangeable unless stated otherwise or required by law.;yes;The user is disputing a charge following a trial cancellation and is requesting a refund. An agent needs to explain the refund policy and provide the correct steps for requesting a refund based on where the subscription was purchased.;;;signed up for a 2.99 trial, then cancelled. now I get a charge on my card for over $60! I want my money back! Seems so difficult to get rid of it!!
gp:43a14454-103;golden;;es;price_not_expected;googleplay;;;pol-18 pol-04 pol-14;pol-18 pol-04 pol-14;To the extent permitted by applicable law, all purchases are non-refundable and non-exchangeable unless stated otherwise or required by law.;yes;The user is complaining about currency conversion discrepancies and the language of the app, and is requesting a refund. An agent would need to know the refund policy and the process for requesting one.;;;Péssimo, lá consta um valor e depois que vc efetua a compra é descontado em dólar. Aplicativo tudo em inglês, nada a ver com o que aparece no Instagram, bando de golpistas, quero o reembolso do valor pago.
gp:451ca014-2a2;golden;;en_or_unknown;price_not_expected;googleplay;;;pol-18 pol-04 pol-14;pol-18 pol-04 pol-14;To the extent permitted by applicable law, all purchases are non-refundable and non-exchangeable unless stated otherwise or required by law.;yes;The user is disputing an unauthorized charge of 50€ following an initial purchase and is requesting a refund. An agent would need to explain the refund policy and the process for requesting one, which is documented in the provided policies.;;;I found out about this app on an website add. I decides to click and I wanted just a reading that was 5€. then after buying that immediately another notification of more deals came and they style 50€ put of my bank and I can't even get my money back. the refund policy said that usually at checkour there will be an option to get my money back/money refund and that was never the case. I'm furious I want my money back
gp:47b41933-098;dev;;cyrillic;price_not_expected;googleplay;;;pol-13 hc-28900034911377 hc-28900802305297 pol-04;pol-13 hc-28900034911377 hc-28900802305297 pol-04;We may verify your payment method with a small temporary charge, which will be refunded to you within ten (10) business days.;yes;The user is questioning a $1 charge, which is a standard verification hold, and is confused about the cancellation timeline for a 7-day trial, as well as not having received their purchased report. An agent needs to explain the verification charge, clarify the cancellation policy, and provide instructions on how to access the report within the app.;;;Реклама с инсты) после нехитрых манипуляций приходит письмо на почту, но не с отчетом, а со стоимостью услуг, за ним - второе письмо с меньшей стоимостью, в третьем письме предлагают бесплатно получить 7ми дневный пробный период. Вместо заявленных 0$ списали 1$. Уже неприятно😕. Снизу пояснение - чтобы не списали дальнейшую оплату, свяжитесь за 8 дней до конца then-curent периода. Это возможно при 7ми дневном пробном?🤔 и отчет на почту не пришел)прошу связаться со мной для прояснения ситуации
gp:4c3c5636-634;golden;;hangul;price_not_expected;googleplay;;yes;hc-28900802305297 hc-28899709030417 pol-04 pol-18;hc-28900802305297 hc-28899709030417 pol-04 pol-18;If you subscribed or started a free trial through the Google Play Store or directly via our website, please contact the Support center.;yes;The user is complaining about unauthorized subscription charges, difficulty canceling their subscription, and the lack of Korean-language support for policies. An agent needs to explain how to cancel subscriptions on different platforms and provide information regarding the refund policy.;;;아니, 재미삼아 1달러 결제하고 나갔는데 그날 바로 구독료나가고 1주일 뒤에는 배로 결제되었네요. 어떻게 이럴수 있습니까? 구독취소는 왜 안되게 해놓은겁니까? 구독동의도 하지않았는데 구독되게 해놓고 자동결제하는건 사기 아닌가요? 플레이스토어에서 구독 왜 취소 안되나요? 구독목록은 왜 안뜨게 해놓으신거죠? 그래놓고 영어설명에는 구독되어있으니 취소방법 올려놓으셨던데 사기 아닌가요? 저 해외불법청구로 카드사에 신고해놨습니다. 저 정말로 화가나네요. 법적대응 찾을것이니 후속조치 바랍니다. 그리고 답변 한국말로 적으세요. 왜 영어로 답변 답니까? 팔아먹을때는 한국어고, 고지내용, 환급정책은 다 영어네요? 것도 한국어로 다 다세요. 그리고 답변 이거 AI죠? 메일 주소도 통일되어있지 않던데요? 이거 파봐야겠네. 대응이 성의없어서 신고하겠습니다.
gp:58c62419-f6b;golden;;en_or_unknown;price_not_expected;googleplay;;;pol-04 hc-28900802305297 pol-18;pol-04 hc-28900802305297 pol-18;If you subscribed or started a free trial through the Google Play Store or directly via our website, please contact the Support center.;yes;The user is disputing a subscription charge they did not intend to sign up for and is requesting a refund. An agent needs to explain the refund process and provide the necessary steps to cancel the subscription to prevent future charges.;;;i download this app just to get report and paid for that. today I'm charged with around 40 usd as subscription fee. i didn't subscribed for this. you are requested to please refund the same
gp:593942c6-741;golden;;es;price_not_expected;googleplay;;;hc-28900802305297 pol-16;hc-28900802305297 pol-16;Deleting the app does not cancel your subscription, trial or introductory offer.;no;The user is unhappy with the per-minute billing model and wants to cancel their subscription to prevent further charges. The knowledge base provides specific instructions on how to cancel subscriptions based on the platform used.;;;No me gustó para nada empiezo a hablar con alguien por chat y me quiere seguir cobrando. La verdad pésimo. Deberían cobrarte solo una vez por sesión. Quiero darme de baja ¿como hago para que no me sigan cobrando?
gp:6588f289-210;dev;;fr;price_not_expected;googleplay;;;hc-28900802305297 pol-18 hc-28899709030417 pol-04;hc-28900802305297 pol-18 hc-28899709030417 pol-04;If you subscribed or started a free trial through the Google Play Store or directly via our website, please contact the Support center.;yes;The user is reporting an unexpected charge after starting a free trial and is unable to cancel the subscription via Google Play. An agent needs to explain that the subscription might be a direct web subscription rather than an in-app purchase and provide the correct cancellation and refund procedures.;;;J'ai cliqué sur essaie gratuit. Et je me fais chargée 30$ au deux semaines! Je veux être remboursé! De plus j'arrive même pas à annuler l'abonnement, il ne figure pas dans mes abonnements de Google Play.
gp:67858180-244;golden;;pt;price_not_expected;googleplay;;;pol-18 pol-04 pol-14;pol-18 pol-04 pol-14;To the extent permitted by applicable law, all purchases are non-refundable and non-exchangeable unless stated otherwise or required by law.;yes;The user is complaining about being charged a higher amount than expected for a subscription and is requesting a refund. An agent would need to explain the refund policy and the process for requesting one, which is documented in the provided policies.;;;Péssima experiência faltaram que era de graça o teste daqui a pouco tinha que pagar a pessoa escolhia fui e escolhi pagar 13,00 quando olhei no meu banco tiraram 233 reais de minha conta quero meu dinheiro de volta.
gp:679443db-32b;golden;;pt;price_not_expected;googleplay;;;pol-18 pol-14 pol-15;pol-18 pol-14 pol-15;To the extent permitted by applicable law, all purchases are non-refundable and non-exchangeable unless stated otherwise or required by law.;yes;The user is disputing an unauthorized charge of 200.07 after a small test purchase and is requesting a refund. An agent would need to explain the refund policy and the process for requesting one, as well as address the user's claim of unauthorized billing.;;;eu fiz uma leitura por 5,20 somente um teste. E não consegui nada somente enrolacao, agora vi que vocês cobraram 200,07 sendo que eu nem contratei o serviço de vocês. houve cobrança indevida. quero meu estorno eu sei dos meus direitos, empresa golpista e fraudulenta.
gp:70f36e96-83e;fewshot;;en_or_unknown;price_not_expected;googleplay;;;pol-04 pol-16 pol-13;pol-04 pol-16 pol-13;We may verify your payment method with a small temporary charge, which will be refunded to you within ten (10) business days.;yes;The user is disputing a charge they believe is unauthorized and is requesting compensation, while also claiming they have no account. An agent needs to explain the nature of the trial charge, the automatic renewal policy, and how to verify the status of their subscription.;;;"Hello, you are trying to charge me $45 dollars for a free Palm reading,.. Yes I paid 2 dollars for a trial....I do not owe you money, nor did I sign-up for a Subscription, guys they are Scammers....I have No account with you! Update!! So I went to your website, Your own Chat Bot just Verified that My so - called account that I could Never find was Cancelled. If this is Correct; why are you trying to charge my account? Please stop, I need compensation, I have Proof you tried to cheat me 11/8/24"
gp:773442e1-d66;dev;;en_or_unknown;price_not_expected;googleplay;;;hc-28900802305297 pol-15 pol-16;hc-28900802305297 pol-15 pol-16;If you wish to request a refund, we strongly encourage you to contact us first before initiating a chargeback with your payment provider.;yes;The user is reporting an unauthorized annual subscription charge and is unable to find a way to cancel it, while also mentioning bank reversal charges. An agent needs to provide the specific cancellation steps for the user's platform and advise them on the risks of continuing to initiate chargebacks.;;;Nebula, I made a one time purchase to see what my soulmate would look like and instead you guys are billing me for an annual fee? Please cancel that request which keeps getting bounced but I have so far endured three sets of bank reversal charges and I cannot find a method of cancelling you or it!!! Grrrrr!!!
gp:7a678a5a-a31;golden;;en_or_unknown;price_not_expected;googleplay;;;hc-47030956792337 hc-28900802305297 pol-18 pol-15;hc-47030956792337 hc-28900802305297 pol-18 pol-15;If your Nebula account has been deleted and you’d like to restore it, this article will explain what recovery options may be available depending on how you used Nebula.;yes;The user is disputing an unexpected subscription charge and is unable to access their account to cancel it, so they need instructions on how to request a refund and how to regain access to their account to finalize the cancellation. The knowledge base provides specific procedures for both account restoration and refund requests.;;;Paid the $1 for reading as advertised, was not informed that it would kick start a subscription and was then charged $45. went to cancel subscription, thought I had because I followed any directions I could find. low and behold, charged another $45 and now can't access the account to try to cancel again. Need help getting my money back please!
gp:8a354d25-612;dev;;pt;price_not_expected;googleplay;;;pol-18 pol-04 pol-14;pol-18 pol-04 pol-14;To the extent permitted by applicable law, all purchases are non-refundable and non-exchangeable unless stated otherwise or required by law.;yes;The user is reporting an unexpected charge of 29.99€ following a 1€ trial and is requesting a refund. An agent needs to explain the refund policy and provide instructions on how to request one based on the user's payment method.;;;ofereceram um teste gratuito por 1 euro, hoje vou ver a minha conta descontaram me o tal euro mais 29.99€. eu quero o meu dinheiro de volta!
gp:8e3810f3-e94;dev;;en_or_unknown;price_not_expected;googleplay;;;pol-13 pol-18 pol-14;pol-13 pol-18 pol-14;We may verify your payment method with a small temporary charge, which will be refunded to you within ten (10) business days.;yes;The user is disputing an unexpected charge of $43.99 following a $1 verification charge and is requesting a refund. The knowledge base explains that the $1 charge is a temporary verification hold and provides the policy for refund eligibility and the process for requesting one.;;;I had paid just 1$ for the support 17/10/ 2025 and today on 30/10/2025 I was charged 43.99$ when I had not even applied for any subscriptions!!!! Is this how you treat your users!! How do I get a refund of my money? for I had not consented for the transaction...
gp:8f7008e4-4ca;golden;;tr;price_not_expected;googleplay;;;pol-18 pol-04 pol-15;pol-18 pol-04 pol-15;To the extent permitted by applicable law, all purchases are non-refundable and non-exchangeable unless stated otherwise or required by law.;yes;The user is reporting an unauthorized charge of 78 dollars after an initial small payment for a service they did not receive, and they are requesting a refund while threatening legal action. An agent needs to provide the refund policy and instructions on how to request a refund, while also addressing the unauthorized nature of the charge.;;;dolandırıcıdir Bir yerde reklamını görüp girdim 0.50 dolar karsilihinda ad soyad doğum tarihi gibi bilgileri girdim ruh eşi cizimini görmek için. ama 8 gün sonunda herhangi bir şey vermedi. sonrasında uygulamada hesabı silip uygulamayı kaldırdım. ama bugün gordumku benim bilgim dışında 78 dplae [2 bin küsür lira] para çekilmiş kredi kartımdan. parayı iade edin yoksa polise şikayette bulunacağım.
gp:93516c08-e82;dev;;tr;price_not_expected;googleplay;;;pol-18 hc-28900840466961 hc-28901320551953;pol-18 hc-28900840466961 hc-28901320551953;To the extent permitted by applicable law, all purchases are non-refundable and non-exchangeable unless stated otherwise or required by law.;yes;The user is reporting an unauthorized charge, a missing digital product (birth chart), and difficulty changing the app language to Turkish. An agent needs to address the refund request, explain how to access the reading, and clarify the language settings.;;;0.50 cent çekilmesi gerekirken hesabımdan 529 TL para çekildi. Doğum haritası da gönderilmedi dili de Türkçeye çeviremiyorum. Paramı iade edin şikayet edeceğim.
gp:93dad88b-6d4;dev;;es;price_not_expected;googleplay;yes;;pol-13 pol-18 pol-04 pol-14;pol-13 pol-18 pol-04 pol-14;We may verify your payment method with a small temporary charge, which will be refunded to you within ten (10) business days.;yes;The user is reporting an unauthorized charge of 35,061 CLP following a small verification charge and is requesting a refund for this amount. An agent needs to explain the verification charge, address the subscription charge, and provide the refund process.;;;puse los datos de mi tarjeta, pagué 1 USD por una foto que nunca llegó y al mes después me hicieron un cobro por 35.061 CLP el cual nunca autoricé, me imagino que debe ser una suscripción por los comentarios que leí, estoy muy decepcionada con transparencia de esta app, y quiero mi reembolso por ese pago no autorizado 😡
gp:96f5593f-525;golden;;en_or_unknown;price_not_expected;googleplay;;;pol-13 pol-14 pol-18 pol-04;pol-13 pol-14 pol-18 pol-04;We may verify your payment method with a small temporary charge, which will be refunded to you within ten (10) business days.;yes;The user is reporting two unauthorized charges, a $1 verification hold and a $43 charge, and is requesting a refund for the latter. The knowledge base explains that the $1 charge is a temporary verification hold and provides the policy for refund eligibility and processing times.;;;Why payment deducted without any confirmation... No details... I opted for one time USD 1. USD 1 and USD 43 are deducted from my Bank card. Fix this asap. I need a USD 43 refund asap. Please fix this. No subscription details under playstore...
gp:9ad6c4c3-731;golden;;it;price_not_expected;googleplay;;;pol-13 pol-14 pol-15;pol-13 pol-14 pol-15;We may verify your payment method with a small temporary charge, which will be refunded to you within ten (10) business days.;yes;The user is reporting unauthorized charges and requesting a refund for multiple transactions, including a small verification charge and a larger subscription fee. An agent would need to explain the verification charge policy and the refund process for unauthorized or disputed charges.;;;sono stata derrubata ho pagato 1€ per un servizio che non ho ricevuto e pure sono riusciti a prendere 39€ di una carta mia...dopo provate di rendere i soldi da una altre carte...ora mi chiedo .se avessi fato e autorizzato un abbonamento ,sceglievo una carta giusta non così che loro cercano 3 carte diverse per prelevare ...nel tentativo di rubarli ..fino a che riescono voglio miei soldi indietro
gp:9b299d95-c20;dev;;en_or_unknown;price_not_expected;googleplay;;;pol-04 pol-16 pol-18 hc-28900802305297;pol-04 pol-16 pol-18 hc-28900802305297;Deleting the app does not cancel your subscription, trial or introductory offer.;yes;The user is disputing an unauthorized charge and requesting a refund after deleting the app, which they mistakenly believe cancels their subscription. An agent needs to explain that deleting the app does not cancel a subscription and provide the correct refund and cancellation procedures.;;;I had installed the app some months ago and they charged 1dollar for a reading which was deducted from my account but when the service wasn't provided, I deleted the app but then I was still charged 19dollars for something I know nothing about. this isn't fair. I need a refund of the 19dollars. how do I go about it since I had deleted the app?
gp:a3e0ed9a-bd5;golden;;en_or_unknown;price_not_expected;googleplay;;;pol-18 pol-04 pol-14;pol-18 pol-04 pol-14;To the extent permitted by applicable law, all purchases are non-refundable and non-exchangeable unless stated otherwise or required by law.;yes;The user is disputing an unexpected charge following a trial period and is seeking a refund. An agent would need to know the refund policy and the process for requesting one, which is documented in the provided policies.;;;I got this app as it said reading was £1 trial and then I would be asked if I want to continue with monthly fee. literally less than a week later 49.99 came out my account, without any consent. I don't know if there is any way to get my money back but I've cancelled my subscription on website as it doesn't give you an option to do this via app.
gp:b12b61c9-b4f;golden;;es;price_not_expected;googleplay;;;hc-28900802305297 pol-16 pol-04;hc-28900802305297 pol-16 pol-04;Deleting the app does not cancel your subscription, trial or introductory offer.;yes;The user is reporting an unexpected charge and wants to cancel their subscription to avoid future billing. An agent needs to provide the cancellation steps based on where the subscription was purchased and explain the billing discrepancy.;;;hola me sale un pago a esta app de 29,99, pense que eran 5 dolares y me salen los dos pagos, quiero que no me cobren mas, darme de baja del servicio si es que es un pago mensual no se pero realmente no puedo pagar 29,99 por mes gracias desde ya si pueden solucionar
gp:b2c744ff-ba8;golden;;es;price_not_expected;googleplay;;;hc-28901320551953 pol-18 pol-04 hc-28900802305297;hc-28901320551953 pol-18 pol-04 hc-28900802305297;To change the language of the Nebula app, you need to manage the language settings through your phone's system settings.;yes;The user is asking how to change the language of the app to Spanish, is disputing a 45 euro charge they did not expect, and wants a refund. The knowledge base provides instructions for changing the app language, explains that refund eligibility depends on the purchase method, and provides contact information for support.;;;no me deja leer aparece en inglés y puede poner en Español Porque me cobran 45 euros si yo solo me suscribí el de un euro esto es una estafa quiero mi dinero y no se como comunicarme ya que está en inglés
gp:bb8e5da6-c0e;dev;;es;price_not_expected;googleplay;;;pol-18 pol-04 pol-14;pol-18 pol-04 pol-14;To the extent permitted by applicable law, all purchases are non-refundable and non-exchangeable unless stated otherwise or required by law.;yes;The user is requesting a refund for a subscription charge they believe is fraudulent and expressing dissatisfaction with the service quality. An agent would need to explain the refund policy, including the withdrawal rights based on their location and the specific purchase channel, to address this request.;;;Pir favor necesito que me reembolsen, esto es un fraude, no recibí chat, el informe es una porquería, suscribí prueba y me cobraron casi $ 40.000. Porfavor devuelvan mi dinero
gp:bc747d6b-43b;golden;;en_or_unknown;price_not_expected;googleplay;;;pol-18 pol-04 pol-14;pol-18 pol-04 pol-14;To the extent permitted by applicable law, all purchases are non-refundable and non-exchangeable unless stated otherwise or required by law.;yes;The user is disputing a charge amount that differs from their expectation and is requesting a refund. An agent needs to explain the refund policy and the process for requesting one, as well as clarify that the company's refund eligibility depends on the purchase platform and location.;;;I only want to pay for 4.99$ to know the whole information about compatibility. I even answered all of the questions in the add. I checked my card then they charged me for 10.26€ I'm starting to think that this is fraud and money eating service. Please fix this and I want a refund!
gp:bceaf4ac-614;dev;;en_or_unknown;price_not_expected;googleplay;;;pol-18 pol-04 pol-14;pol-18 pol-04 pol-14;To the extent permitted by applicable law, all purchases are non-refundable and non-exchangeable unless stated otherwise or required by law.;yes;The user is disputing an unauthorized charge of $14.99 and requesting a refund. An agent needs to determine the user's eligibility for a refund based on the company's refund policy and the specific purchase platform.;;;Dear Nebula Support Team, I am requesting an immediate refund of the unexpected $14.99 charge made to my account. I only intended to make a $1 payment for the sketch/drawing service. I did not intend to purchase or authorize any additional subscription or service costing $14.99. I was surprised to see this additional charge on my payment method. I consider this charge unauthorized and misleading, as I did not knowingly agree to pay an additional $14.99. Please: Refund the full $14.99 charge
gp:bd3f0d61-144;dev;;arabic;price_not_expected;googleplay;;;pol-13 hc-28900802305297 pol-14 pol-18;pol-13 hc-28900802305297 pol-14 pol-18;We may verify your payment method with a small temporary charge, which will be refunded to you within ten (10) business days.;yes;The user is reporting an unauthorized charge of $14.99 following a $1 verification charge, and they are requesting a refund and cancellation of their subscription. The knowledge base provides information on the $1 verification charge, the refund policy, and the steps to cancel a subscription.;;;تم خصم مبلغ 1 دولار مني، ثم تم خصم 14.99 دولار إضافية ولم يكن واضحًا لي عند الدفع أن هذا المبلغ الإضافي سيُخصم. كما واجهت صعوبة في إلغاء الاشتراك. تواصلت مع خدمة العملاء وطلبت استرداد مبلغ 14.99 دولار وإلغاء اشتراكي نهائيًا. بس الحلو فيهم انهم يجاوبون على الايميل بس بشوف يردون فلوسي الي خصمت من غير علمي أو لا!!
gp:bf1918b6-63e;golden;;pt;price_not_expected;googleplay;;;pol-18 pol-14 pol-13 pol-15;pol-18 pol-14 pol-13 pol-15;To the extent permitted by applicable law, all purchases are non-refundable and non-exchangeable unless stated otherwise or required by law.;yes;The user is reporting unauthorized charges following a $1 verification fee and is requesting a refund. An agent needs to explain the refund policy and the process for requesting one, while also addressing the user's concerns about the charges.;;;Olá! Me senti enganada, pois fiz a escolha de pagar $1  mas fizeram 4 cobranças, uma de R$ 165,59 e mais três de R$ 5,53. Aguardo o estorno do valor, era pra ser um quiz, propaganda enganosa pra começar, por que após isso veio o valor sugerido, e as as cobranças indevidas, estão agindo de má fé.  Caso não resolvam vou fazer um b.o  por que isso é considerado golpe, Aguardo retorno.
gp:c25b97ff-84c;dev;;en_or_unknown;price_not_expected;googleplay;;;pol-18 pol-04 hc-28900802305297 pol-13;pol-18 pol-04 hc-28900802305297 pol-13;To the extent permitted by applicable law, all purchases are non-refundable and non-exchangeable unless stated otherwise or required by law.;yes;The user is disputing an unexpected subscription charge following a promotional offer and is requesting a refund. The knowledge base explains that temporary verification charges are common, but also provides the policy for subscription cancellations and refund eligibility.;;;I saw an ad that said you can do a 1$ palm reading so I said ok y not. Well I paid my dollar then a few days later I got hit with a 45$ charge saying I had a subscription . Ummm NO I canceled that as soon as I say it. I never agreed to a subscription I want my money back
gp:c4dcf522-165;golden;;pt;price_not_expected;googleplay;;;pol-18 pol-14 pol-04;pol-18 pol-14 pol-04;To the extent permitted by applicable law, all purchases are non-refundable and non-exchangeable unless stated otherwise or required by law.;yes;The user is disputing an unexpected charge of 29.99€ after a 5€ purchase and is unhappy with a partial refund offer. An agent needs to explain the refund policy and the process for requesting a full refund if eligible.;;;Eu contratei uma leitura por 5€ e apareceu uma cobrança de 29,99€ que eu nem faço ideia do que seja . Exijo ressarcimento. Ainda me ofereceram devolver 50% do valor apenas , piada né
gp:c7214181-314;golden;;en_or_unknown;price_not_expected;googleplay;;;pol-04 pol-18 hc-28900802305297;pol-04 pol-18 hc-28900802305297;To avoid being charged, you must cancel your subscription before the end of your trial or current billing cycle.;yes;The user is disputing an unauthorized recurring charge and requesting a refund. An agent needs to explain the refund policy and provide the necessary steps to cancel the subscription to prevent further charges.;;;My card was charged without my knowledge after i only authorized a one time charge and i need my money back!!!! You people are the worst
gp:ccbefafe-b23;dev;;en_or_unknown;price_not_expected;googleplay;;;pol-18 pol-04 pol-14;pol-18 pol-04 pol-14;To the extent permitted by applicable law, all purchases are non-refundable and non-exchangeable unless stated otherwise or required by law.;yes;The user is disputing a subscription charge they believe was not clearly disclosed during a one-time purchase and is requesting a refund. An agent would need to know the refund policy and the process for requesting one, which is documented in the provided policies.;;;signed up for a onetime read so I thought then I got charged for a subscription and when I inquired about a refund they also said that it was in plain view but I went back to their site because I didn't remember seeing anything that said that and I couldn't see anything when I went back to the site. they offered other readings but if I had wanted other readings but I do t want that I want my money back.
gp:d531010e-e31;fewshot;;hangul;price_not_expected;googleplay;;;hc-28900802305297 pol-04 pol-18 pol-14;hc-28900802305297 pol-04 pol-18 pol-14;Deleting the app does not cancel your subscription, trial or introductory offer.;yes;The user is reporting an unexpected charge of $29.99 alongside a $1 verification charge and is unable to find the cancellation or refund options in the app. An agent needs to provide the correct cancellation steps based on the platform used and explain the refund policy for the charges.;;;1달러 결재하면 스케치된 그림을 메일로 보내주는줄 알고 결재했더니 앱다운시 29.99달러 가 같이 결재되었어. 스케치그림은 찾아볼수도 없고 메일을 여니 또 스케치를 위한 초기질문 루트만 나오네요. 취소하려고 몇시간을 찾아헤메도 자기네들이 말하는 루트대로의 취소활불 탭은 어디에도 없어요. 이건 사기라고 밖에 생각 안들어요 도대체 어디로 들어가야 취소 환불을 받을수 있을까요?
gp:e7c44b8d-c82;golden;;es;price_not_expected;googleplay;;;hc-28900802305297 pol-13 hc-28901320551953;hc-28900802305297 pol-13 hc-28901320551953;We may verify your payment method with a small temporary charge, which will be refunded to you within ten (10) business days.;yes;The user wants to cancel their subscription and is concerned about an unexpected charge, while also noting difficulty with the app's language. The knowledge base provides specific instructions for canceling subscriptions based on the platform used and explains the nature of the small verification charge.;;;hola quiero que cancelen mí suscripción hice el pago de 1 dólar pero ahora resulta que me quieren cobrar 46 dólares y no hay manera de cancelar la suscripción, aparte que la aplicación es todo en inglés! cancelen mí suscripción! es imposible usar esto y es una estafa
gp:e99e496e-2a4;golden;;en_or_unknown;price_not_expected;googleplay;;;pol-04 pol-18 hc-28900802305297;pol-04 pol-18 hc-28900802305297;This Service includes subscriptions that automatically renew.;yes;The user is disputing a subscription charge following a trial period and is requesting a refund. An agent needs to explain the automatic renewal policy and provide the steps for requesting a refund based on where the subscription was purchased.;;;Hey! I purchased a trial period for €1 and after a couple of days you charged me $39.99 without my consent!!!! I already unsubscribed 2 days ago and yesterday I got charged on my bank account. I want my money back !! I never agreed you charge me for your products!!
gp:ec01520a-736;dev;;es;price_not_expected;googleplay;;;pol-04 pol-18 hc-28900802305297;pol-04 pol-18 hc-28900802305297;Deleting the app does not cancel your subscription, trial or introductory offer.;yes;The user is disputing an unauthorized charge of $40 following a $1 trial and is requesting a refund. An agent needs to explain the refund policy and the fact that deleting the app does not cancel a subscription, while also providing the correct cancellation and refund procedures.;;;Pague por la prueba 1$ y NUNCA autorize a que me cobren 40$ pasado unos días, hasta había desinstalado la app DEVUELVAN MI DINERO
gp:f2838531-d25;fewshot;;en_or_unknown;price_not_expected;googleplay;;;hc-28900802305297 pol-18 pol-15 pol-04;hc-28900802305297 pol-18 pol-15 pol-04;If you wish to request a refund, we strongly encourage you to contact us first before initiating a chargeback with your payment provider.;yes;The user is disputing an unexpected charge, requesting a subscription cancellation, and asking for a refund while threatening a chargeback. An agent needs to explain the subscription nature of the service, provide cancellation steps, and outline the refund policy, while also warning the user about the consequences of initiating a chargeback.;;;After paying $1 for a free reading why I am charged $39 when I did not even opt for any additional services & in the app I can not even see an option to opt out of this so called monthly subscription. please cancel my accoynt from your end & plan to refund the charged amount. if this feedback do not work, I will call my bank to void this auto biller from Nebula. It actually falls under fraud.
gp:f5664c59-71c;golden;;es;price_not_expected;googleplay;;;pol-18 pol-04 pol-14;pol-18 pol-04 pol-14;To the extent permitted by applicable law, all purchases are non-refundable and non-exchangeable unless stated otherwise or required by law.;yes;The user is reporting an unauthorized charge that is higher than expected for a compatibility report and is requesting a refund. An agent would need to know the refund policy and the process for requesting one, which is documented in the provided policies.;;;Pésima aplicación, yo entre desde un enlace en Instagram llene un formulario de compatibilidad astrologica de pareja, y para que te la envíen supuestamente son máximo $15 pesos,mxn y el 2 de marzo me hicieron un cargo de $153.95 mxn quiero mi reembolso, son un fraude.
gp:fa4383c3-ca3;golden;;es;price_not_expected;googleplay;;;pol-14 pol-13 pol-18;pol-14 pol-13 pol-18;If we confirm that a refund has been issued, please allow at least 15 business days for the refund to reflect in your account.;yes;The user is reporting an unauthorized charge and requesting a refund after receiving automated responses. An agent needs to address the refund request and explain the billing discrepancy, which is covered by the refund policy and the policy regarding temporary verification charges.;;;Pesimo estafadores pague un dolar y me descontaron casi 30 que yo no autorice de mi cuenta , solo me llegar respuestas automacas, me dicen si quiero el reembolso, digo que si, y me vuelve a llegar el mismo correo, sigo esperando mi dinero
syn:04;synthetic;yes;pt;price_not_expected;;;;pol-18 pol-14 pol-15;pol-18 pol-14 pol-15;To the extent permitted by applicable law, all purchases are non-refundable and non-exchangeable unless stated otherwise or required by law.;yes;The user is reporting an unauthorized charge and requesting a refund. An agent needs to know the refund policy and the process for requesting one, which is documented in the provided policies.;;;Tenho 68 anos, vivo de pensão e o dinheiro era dos meus remédios. Tiraram R$ 412 da minha conta em três parcelas que eu nunca autorizei. Preciso desse dinheiro de volta.
syn:10;synthetic;yes;fr;price_not_expected;;;yes;pol-15 pol-18 pol-14;pol-15 pol-18 pol-14;Initiating a chargeback or reversing a payment through your bank may result in the immediate termination of your account at our sole discretion.;yes;The user is reporting unauthorized charges and demanding a refund while mentioning they have already contacted a regulatory body. An agent needs to know the refund policy and the consequences of initiating chargebacks or legal disputes, which are documented in the policy base.;;;J'ai déjà déposé une plainte auprès de la DGCCRF. Trois prélèvements de 39,99 € que je n'ai jamais autorisés. Je demande le remboursement intégral sous huit jours.
syn:14;synthetic;yes;en_or_unknown;price_not_expected;;;;hc-28870997526801;hc-28870997526801;With Nebula app premium subscription, you can: • Enjoy the app without any Ads. • Receive exclusive horoscopes, astrology readings, and advanced forecasts for days, weeks, and months ahead, offering you deep and personalized guidance to help you make informed decisions that can positively impact your life.;yes;The user is asking for clarification regarding a specific charge on their card and wants to know what features are included in their subscription plan. This information is documented in the knowledge base.;;;I see a charge of $39.99 on my card. I am not asking for a refund — I just want to understand what exactly I am paying for and what the plan includes.
